pdb	Hchain	Lchain	model	antigen_chain	antigen_type	antigen_het_name	antigen_name	short_header	date	compound	organism	heavy_species	light_species	antigen_species	authors	resolution	method	r_free	r_factor	scfv	engineered	heavy_subclass	light_subclass	light_ctype	affinity	delta_g	affinity_method	temperature	pmid
9n97	A	A	0	NA	NA	NA	NA	PEPTIDE BINDING PROTEIN	05/27/26	Crystal structure of the cysteine-free anti-UTag intrabody	Mus musculus	mus musculus			Chen, S.H., Snow, C.D., Deroo, J.B., Zhao, N.	1.45	X-RAY DIFFRACTION	0.214	0.174	True	True	unknown	unknown	unknown	None	None	None	None	None
9n97	B	B	0	NA	NA	NA	NA	PEPTIDE BINDING PROTEIN	05/27/26	Crystal structure of the cysteine-free anti-UTag intrabody	Mus musculus	mus musculus			Chen, S.H., Snow, C.D., Deroo, J.B., Zhao, N.	1.45	X-RAY DIFFRACTION	0.214	0.174	True	True	unknown	unknown	unknown	None	None	None	None	None
9vx3	A	B	0	C	peptide	NA	polyhistidine peptide	IMMUNE SYSTEM	12/17/25	Crystal structure of the peptide-bound form of HisMab-1 Fv-clasp	Homo sapiens; Mus musculus; SYNTHETIC CONSTRUCT	mus musculus, homo sapiens	mus musculus, homo sapiens	synthetic construct	Hitomi, N., Harada-Hikita, A., Arimori, T.	2.39	X-RAY DIFFRACTION	0.237	0.196	False	True	IGHV1	IGKV8	Kappa	None	None	None	None	None
9vx3	D	E	0	F	peptide	NA	polyhistidine peptide	IMMUNE SYSTEM	12/17/25	Crystal structure of the peptide-bound form of HisMab-1 Fv-clasp	Homo sapiens; Mus musculus; SYNTHETIC CONSTRUCT	mus musculus, homo sapiens	mus musculus, homo sapiens	synthetic construct	Hitomi, N., Harada-Hikita, A., Arimori, T.	2.39	X-RAY DIFFRACTION	0.237	0.196	False	True	IGHV1	IGKV8	Kappa	None	None	None	None	None
9hub	B	C	0	X	protein	NA	alpha-bungarotoxin	TOXIN	11/19/25	D11 mAbs bound to alpha-Bungarotoxin at pH 7.5	Bungarus multicinctus; Homo sapiens	homo sapiens	homo sapiens	bungarus multicinctus	Wade, J.W., Bohn, M.F., Laustsen, A.H., Morth, J.P.	1.33	X-RAY DIFFRACTION	0.195	0.159	False	True	IGHV1	IGLV6	Lambda	None	None	None	None	None
9hub	I	M	0	Z	protein	NA	alpha-bungarotoxin	TOXIN	11/19/25	D11 mAbs bound to alpha-Bungarotoxin at pH 7.5	Bungarus multicinctus; Homo sapiens	homo sapiens	homo sapiens	bungarus multicinctus	Wade, J.W., Bohn, M.F., Laustsen, A.H., Morth, J.P.	1.33	X-RAY DIFFRACTION	0.195	0.159	False	True	IGHV1	IGLV6	Lambda	None	None	None	None	None
9huo	I	M	0	A	protein	NA	alpha-cobratoxin	TOXIN	11/19/25	A01 mAbs bound to cobratoxin at pH 5.5	Homo sapiens; Naja kaouthia	homo sapiens	homo sapiens	naja kaouthia	Wade, J.W., Bohn, M.F., Laustsen, A.H., Morth, J.P.	1.6	X-RAY DIFFRACTION	0.225	0.183	False	True	IGHV1	IGLV3	Lambda	None	None	None	None	None
9huo	C	D	0	B	protein	NA	alpha-cobratoxin	TOXIN	11/19/25	A01 mAbs bound to cobratoxin at pH 5.5	Homo sapiens; Naja kaouthia	homo sapiens	homo sapiens	naja kaouthia	Wade, J.W., Bohn, M.F., Laustsen, A.H., Morth, J.P.	1.6	X-RAY DIFFRACTION	0.225	0.183	False	True	IGHV1	IGLV3	Lambda	None	None	None	None	None
9hxo	I	M	0	B	protein	NA	alpha-cobratoxin	TOXIN	11/19/25	A01 mAbs bound to cobratoxin at pH 6.0	Homo sapiens; Naja kaouthia	homo sapiens	homo sapiens	naja kaouthia	Wade, J.W., Bohn, M.F., Laustsen, A.H., Morth, J.P.	1.49	X-RAY DIFFRACTION	0.249	0.204	False	True	IGHV1	IGLV3	Lambda	None	None	None	None	None
9hxo	C	D	0	A	protein	NA	alpha-cobratoxin	TOXIN	11/19/25	A01 mAbs bound to cobratoxin at pH 6.0	Homo sapiens; Naja kaouthia	homo sapiens	homo sapiens	naja kaouthia	Wade, J.W., Bohn, M.F., Laustsen, A.H., Morth, J.P.	1.49	X-RAY DIFFRACTION	0.249	0.204	False	True	IGHV1	IGLV3	Lambda	None	None	None	None	None
9udn	A	A	0	NA	NA	NA	NA	IMMUNE SYSTEM	11/05/25	Single-chain Fv antibody of F8	Mus musculus	mus musculus			Yoshida, M., Hanazono, Y., Numoto, N., Ito, N., Oda, M.	1.81	X-RAY DIFFRACTION	0.220	0.180	True	True	unknown	unknown	unknown	None	None	None	None	None
9udp	A	A	0	NA	NA	NA	NA	IMMUNE SYSTEM	11/05/25	Single-chain Fv antibody of B2	Mus musculus	mus musculus			Yoshida, M., Hanazono, Y., Numoto, N., Ito, N., Oda, M.	1.48	X-RAY DIFFRACTION	0.174	0.156	True	True	unknown	unknown	unknown	None	None	None	None	None
9uds	A	A	0	NA	NA	NA	NA	IMMUNE SYSTEM	11/05/25	Single-chain Fv antibody of C6	Mus musculus	mus musculus			Yoshida, M., Hanazono, Y., Numoto, N., Ito, N., Oda, M.	1.99	X-RAY DIFFRACTION	0.215	0.179	True	True	unknown	unknown	unknown	None	None	None	None	None
9uds	B	B	0	NA	NA	NA	NA	IMMUNE SYSTEM	11/05/25	Single-chain Fv antibody of C6	Mus musculus	mus musculus			Yoshida, M., Hanazono, Y., Numoto, N., Ito, N., Oda, M.	1.99	X-RAY DIFFRACTION	0.215	0.179	True	True	unknown	unknown	unknown	None	None	None	None	None
9uds	C	C	0	NA	NA	NA	NA	IMMUNE SYSTEM	11/05/25	Single-chain Fv antibody of C6	Mus musculus	mus musculus			Yoshida, M., Hanazono, Y., Numoto, N., Ito, N., Oda, M.	1.99	X-RAY DIFFRACTION	0.215	0.179	True	True	unknown	unknown	unknown	None	None	None	None	None
9uds	D	D	0	NA	NA	NA	NA	IMMUNE SYSTEM	11/05/25	Single-chain Fv antibody of C6	Mus musculus	mus musculus			Yoshida, M., Hanazono, Y., Numoto, N., Ito, N., Oda, M.	1.99	X-RAY DIFFRACTION	0.215	0.179	True	True	unknown	unknown	unknown	None	None	None	None	None
9sfx	B	A	0	C	protein	NA	interleukin-17a	CYTOKINE	10/29/25	Secukinumab Fv in complex with human IL-17A	Homo sapiens	homo sapiens	homo sapiens	homo sapiens	Rondeau, J.-M., Lehmann, S.	2.6	X-RAY DIFFRACTION	0.213	0.177	False	True	IGHV3	IGKV3	Kappa	None	None	None	None	None
9sfx	H	L	0	C	protein	NA	interleukin-17a	CYTOKINE	10/29/25	Secukinumab Fv in complex with human IL-17A	Homo sapiens	homo sapiens	homo sapiens	homo sapiens	Rondeau, J.-M., Lehmann, S.	2.6	X-RAY DIFFRACTION	0.213	0.177	False	True	IGHV3	IGKV1	Kappa	None	None	None	None	None
9sg0	H	L	0	A	protein	NA	interleukin-17a	CYTOKINE	10/29/25	CJM112 Fv in complex with human IL-17A	Homo sapiens	homo sapiens	homo sapiens	homo sapiens	Rondeau, J.-M., Lehmann, S.	2.65	X-RAY DIFFRACTION	0.256	0.195	False	True	IGHV3	IGKV1	Kappa	None	None	None	None	None
9gvl	H	H	0	A	protein	NA	interferon alpha-2	IMMUNE SYSTEM	10/08/25	type-I interferons autoantibody pmab15 in complex with Interferon alpha-2	Homo sapiens	homo sapiens		homo sapiens	Duquerroy, S., Rey, F., Mahevas, M., Chappert, P., Ahouzi, O.	2.006	X-RAY DIFFRACTION	0.270	0.214	True	True	unknown	unknown	unknown	None	None	None	None	None
9gvl	I	I	0	B	protein	NA	interferon alpha-2	IMMUNE SYSTEM	10/08/25	type-I interferons autoantibody pmab15 in complex with Interferon alpha-2	Homo sapiens	homo sapiens		homo sapiens	Duquerroy, S., Rey, F., Mahevas, M., Chappert, P., Ahouzi, O.	2.006	X-RAY DIFFRACTION	0.270	0.214	True	True	unknown	unknown	unknown	None	None	None	None	None
9gvo	A	A	0	B	protein	NA	interferon alpha-2	IMMUNE SYSTEM	10/08/25	type-I interferons autoantibodies pmab15 and pmab14 in complex with Interferon alpha-2	Homo sapiens	homo sapiens		homo sapiens	Duquerroy, S., Rey, F., Ahouzi, O., Mahevas, M., Chappert, P.	1.81	X-RAY DIFFRACTION	0.215	0.193	True	True	unknown	unknown	unknown	None	None	None	None	None
9gvo	H	H	0	B	protein	NA	interferon alpha-2	IMMUNE SYSTEM	10/08/25	type-I interferons autoantibodies pmab15 and pmab14 in complex with Interferon alpha-2	Homo sapiens	homo sapiens		homo sapiens	Duquerroy, S., Rey, F., Ahouzi, O., Mahevas, M., Chappert, P.	1.81	X-RAY DIFFRACTION	0.215	0.193	True	True	unknown	unknown	unknown	None	None	None	None	None
9nwu	C	C	0	NA	NA	NA	NA	SIGNALING PROTEIN	10/01/25	Crystal structure of a high affinity VL-VH tetrabody for the erythropoietin receptor	Homo sapiens	homo sapiens			Singer, A.U., Bruce, H.A., Yang, N., Blazer, L.L., Adams, J.J., Sidhu, S.S.	1.96	X-RAY DIFFRACTION	0.215	0.167	True	True	unknown	unknown	unknown	None	None	None	None	None
9nwu	D	D	0	NA	NA	NA	NA	SIGNALING PROTEIN	10/01/25	Crystal structure of a high affinity VL-VH tetrabody for the erythropoietin receptor	Homo sapiens	homo sapiens			Singer, A.U., Bruce, H.A., Yang, N., Blazer, L.L., Adams, J.J., Sidhu, S.S.	1.96	X-RAY DIFFRACTION	0.215	0.167	True	True	unknown	unknown	unknown	None	None	None	None	None
9nwu	A	A	0	NA	NA	NA	NA	SIGNALING PROTEIN	10/01/25	Crystal structure of a high affinity VL-VH tetrabody for the erythropoietin receptor	Homo sapiens	homo sapiens			Singer, A.U., Bruce, H.A., Yang, N., Blazer, L.L., Adams, J.J., Sidhu, S.S.	1.96	X-RAY DIFFRACTION	0.215	0.167	True	True	unknown	unknown	unknown	None	None	None	None	None
9nwu	B	B	0	NA	NA	NA	NA	SIGNALING PROTEIN	10/01/25	Crystal structure of a high affinity VL-VH tetrabody for the erythropoietin receptor	Homo sapiens	homo sapiens			Singer, A.U., Bruce, H.A., Yang, N., Blazer, L.L., Adams, J.J., Sidhu, S.S.	1.96	X-RAY DIFFRACTION	0.215	0.167	True	True	unknown	unknown	unknown	None	None	None	None	None
8zye	B	B	0	A	protein	NA	adp-ribosyl cyclase/cyclic adp-ribose hydrolase 1	MEMBRANE PROTEIN	09/17/25	Crystal structure of CD38 in complex with RP02 antibody	Homo sapiens	homo sapiens		homo sapiens	Lei, Y.	2.72	X-RAY DIFFRACTION	0.271	0.214	True	True	unknown	unknown	unknown	None	None	None	None	None
9jeb	A	A	0	B	protein	NA	spike protein s1	VIRAL PROTEIN/IMMUNE SYSTEM	09/03/25	Crystal structure of SARS-CoV-2 RBD in complex with a neutralizing antibody scFv N1	Homo sapiens; Severe acute respiratory syndrome coronavirus 2	homo sapiens		severe acute respiratory syndrome coronavirus2 	Guo, K., Zhang, N., Guo, Y.	2.3	X-RAY DIFFRACTION	0.206	0.178	True	True	unknown	unknown	unknown	None	None	None	None	None
9jeb	C	C	0	D	protein	NA	spike protein s1	VIRAL PROTEIN/IMMUNE SYSTEM	09/03/25	Crystal structure of SARS-CoV-2 RBD in complex with a neutralizing antibody scFv N1	Homo sapiens; Severe acute respiratory syndrome coronavirus 2	homo sapiens		severe acute respiratory syndrome coronavirus2 	Guo, K., Zhang, N., Guo, Y.	2.3	X-RAY DIFFRACTION	0.206	0.178	True	True	unknown	unknown	unknown	None	None	None	None	None
9uvi	B	A	0	C	protein	NA	beta-2-microglobulin	IMMUNE SYSTEM	09/03/25	Crystal structure of beta 2 microglobulin in complex with antibody BBM.1	Homo sapiens; Mus musculus	mus musculus	mus musculus	homo sapiens	Wei, P.C., Wu, J.J.	2.5	X-RAY DIFFRACTION	0.246	0.197	False	True	IGHV14	IGKV12	Kappa	None	None	None	None	None
9fys	B	C	0	X	protein	NA	alpha-bungarotoxin	TOXIN	07/16/25	D11 mAbs bound to alpha-Bungarotoxin	Bungarus multicinctus; Homo sapiens	homo sapiens	homo sapiens	bungarus multicinctus	Wade, J., Bohn, M.F., Laustsen, A.H., Morth, J.P.	1.32	X-RAY DIFFRACTION	0.192	0.167	False	True	IGHV1	IGLV6	Lambda	None	None	None	None	None
9fys	I	M	0	Z	protein	NA	alpha-bungarotoxin	TOXIN	07/16/25	D11 mAbs bound to alpha-Bungarotoxin	Bungarus multicinctus; Homo sapiens	homo sapiens	homo sapiens	bungarus multicinctus	Wade, J., Bohn, M.F., Laustsen, A.H., Morth, J.P.	1.32	X-RAY DIFFRACTION	0.192	0.167	False	True	IGHV1	IGLV6	Lambda	None	None	None	None	None
9fyt	I	M	0	B	protein	NA	alpha-cobratoxin	TOXIN	07/16/25	mAbs in complex with cobratoxin at pH 4.5	Homo sapiens; Naja kaouthia	homo sapiens	homo sapiens	naja kaouthia	Wade, J., Bohn, M.F., Laustsen, A.H., Morth, J.P.	1.55	X-RAY DIFFRACTION	0.237	0.186	False	True	IGHV1	IGLV3	Lambda	None	None	None	None	None
9fyt	C	D	0	A	protein	NA	alpha-cobratoxin	TOXIN	07/16/25	mAbs in complex with cobratoxin at pH 4.5	Homo sapiens; Naja kaouthia	homo sapiens	homo sapiens	naja kaouthia	Wade, J., Bohn, M.F., Laustsen, A.H., Morth, J.P.	1.55	X-RAY DIFFRACTION	0.237	0.186	False	True	IGHV1	IGLV3	Lambda	None	None	None	None	None
8s6k	A	A	0	M	peptide	NA	mucin-1 subunit alpha	IMMUNE SYSTEM	06/25/25	Crystal structure of ScFv-G2D11 complexed to a bis-Tn glycopeptide	Mus musculus; SYNTHETIC CONSTRUCT	mus musculus		homo sapiens	Hurtado-Guerrero, R., Macias-Leon, J.	1.75	X-RAY DIFFRACTION	0.221	0.182	True	True	unknown	unknown	unknown	None	None	None	None	None
8s6k	H	H	0	N	peptide	NA	mucin-1 subunit alpha	IMMUNE SYSTEM	06/25/25	Crystal structure of ScFv-G2D11 complexed to a bis-Tn glycopeptide	Mus musculus; SYNTHETIC CONSTRUCT	mus musculus		homo sapiens	Hurtado-Guerrero, R., Macias-Leon, J.	1.75	X-RAY DIFFRACTION	0.221	0.182	True	True	unknown	unknown	unknown	None	None	None	None	None
9lux	A	A	0	NA	NA	NA	NA	IMMUNE SYSTEM	06/11/25	Single-chain Fv antibody of G2 fused with antigen peptide from chicken prion protein	Gallus gallus; Mus musculus	gallus gallus, mus musculus			Hanazono, Y., Yabuno, S., Hayashi, T., Numoto, N., Ito, N., Oda, M.	1.85	X-RAY DIFFRACTION	0.226	0.194	True	True	unknown	unknown	unknown	None	None	None	None	None
9lux	B	B	0	NA	NA	NA	NA	IMMUNE SYSTEM	06/11/25	Single-chain Fv antibody of G2 fused with antigen peptide from chicken prion protein	Gallus gallus; Mus musculus	gallus gallus, mus musculus			Hanazono, Y., Yabuno, S., Hayashi, T., Numoto, N., Ito, N., Oda, M.	1.85	X-RAY DIFFRACTION	0.226	0.194	True	True	unknown	unknown	unknown	None	None	None	None	None
9lux	C	C	0	NA	NA	NA	NA	IMMUNE SYSTEM	06/11/25	Single-chain Fv antibody of G2 fused with antigen peptide from chicken prion protein	Gallus gallus; Mus musculus	gallus gallus, mus musculus			Hanazono, Y., Yabuno, S., Hayashi, T., Numoto, N., Ito, N., Oda, M.	1.85	X-RAY DIFFRACTION	0.226	0.194	True	True	unknown	unknown	unknown	None	None	None	None	None
9lux	D	D	0	NA	NA	NA	NA	IMMUNE SYSTEM	06/11/25	Single-chain Fv antibody of G2 fused with antigen peptide from chicken prion protein	Gallus gallus; Mus musculus	gallus gallus, mus musculus			Hanazono, Y., Yabuno, S., Hayashi, T., Numoto, N., Ito, N., Oda, M.	1.85	X-RAY DIFFRACTION	0.226	0.194	True	True	unknown	unknown	unknown	None	None	None	None	None
9lux	E	E	0	NA	NA	NA	NA	IMMUNE SYSTEM	06/11/25	Single-chain Fv antibody of G2 fused with antigen peptide from chicken prion protein	Gallus gallus; Mus musculus	gallus gallus, mus musculus			Hanazono, Y., Yabuno, S., Hayashi, T., Numoto, N., Ito, N., Oda, M.	1.85	X-RAY DIFFRACTION	0.226	0.194	True	True	unknown	unknown	unknown	None	None	None	None	None
9lux	F	F	0	NA	NA	NA	NA	IMMUNE SYSTEM	06/11/25	Single-chain Fv antibody of G2 fused with antigen peptide from chicken prion protein	Gallus gallus; Mus musculus	gallus gallus, mus musculus			Hanazono, Y., Yabuno, S., Hayashi, T., Numoto, N., Ito, N., Oda, M.	1.85	X-RAY DIFFRACTION	0.226	0.194	True	True	unknown	unknown	unknown	None	None	None	None	None
9luy	A	A	0	NA	NA	NA	NA	IMMUNE SYSTEM	06/11/25	Single-chain Fv antibody of G2 fused with antigen peptide from chicken chromosome 6 C10orf76 homolog	Gallus gallus; Mus musculus	gallus gallus, mus musculus			Hanazono, Y., Yabuno, S., Hayashi, T., Numoto, N., Ito, N., Oda, M.	1.62	X-RAY DIFFRACTION	0.188	0.167	True	True	unknown	unknown	unknown	None	None	None	None	None
9iut	A	B	0	C	peptide	NA	h2mab-250 epitope peptide	IMMUNE SYSTEM	06/04/25	Crystal structure of cancer-specific anti-HER2 antibody H2Mab-250 in complex with epitope peptide	Mus musculus; SYNTHETIC CONSTRUCT	mus musculus	mus musculus	homo sapiens	Arimori, T., Takagi, J.	2.09	X-RAY DIFFRACTION	0.236	0.201	False	True	IGHV5	IGKV1	Kappa	None	None	None	None	None
9iut	D	E	0	F	peptide	NA	h2mab-250 epitope peptide	IMMUNE SYSTEM	06/04/25	Crystal structure of cancer-specific anti-HER2 antibody H2Mab-250 in complex with epitope peptide	Mus musculus; SYNTHETIC CONSTRUCT	mus musculus	mus musculus	homo sapiens	Arimori, T., Takagi, J.	2.09	X-RAY DIFFRACTION	0.236	0.201	False	True	IGHV5	IGKV1	Kappa	None	None	None	None	None
9hy1	A	A	0	NA	NA	NA	NA	IMMUNE SYSTEM	04/30/25	sc-4E (scFv derived from the mAb 4E1 against CD93) crystallized at pH 7.5 (dimeric state from gel filtration)	Mus musculus	mus musculus			Raucci, L., Orlandini, M., Pozzi, C.	1.81	X-RAY DIFFRACTION	0.196	0.169	True	True	unknown	unknown	unknown	None	None	None	None	None
9hy2	A	A	0	NA	NA	NA	NA	IMMUNE SYSTEM	04/30/25	sc-4E (scFv derived from the mAb 4E1 against CD93) crystallized at pH 7.5 (monomeric state from gel filtration)	Mus musculus	mus musculus			Raucci, L., Orlandini, M., Pozzi, C.	1.7	X-RAY DIFFRACTION	0.211	0.177	True	True	unknown	unknown	unknown	None	None	None	None	None
9hy3	A	A	0	NA	NA	NA	NA	IMMUNE SYSTEM	04/30/25	sc-4E (scFv derived from the mAb 4E1 against CD93) crystallized at pH 5.5	Mus musculus	mus musculus			Raucci, L., Orlandini, M., Pozzi, C.	1.62	X-RAY DIFFRACTION	0.207	0.175	True	True	unknown	unknown	unknown	None	None	None	None	None
9hy5	A	A	0	NA	NA	NA	NA	IMMUNE SYSTEM	04/30/25	sc-4E (scFv derived from the mAb 4E1 against CD93) crystallized at pH 9.0	Mus musculus	mus musculus			Raucci, L., Orlandini, M., Pozzi, C.	1.6	X-RAY DIFFRACTION	0.200	0.167	True	True	unknown	unknown	unknown	None	None	None	None	None
9kep	D	A	0	B	protein	NA	rabv-g-phd-fd	VIRAL PROTEIN	04/23/25	RABV-G-PHD-FD/NM57-scFv	Homo sapiens; Rabies virus CVS-11	homo sapiens	homo sapiens	rabies virus cvs-11	Lu, G., Yang, F., Keqing, Y., Lin, S.	2.89	X-RAY DIFFRACTION	0.281	0.233	True	True	IGHV1	IGLV2	Lambda	None	None	None	None	None
9kat	A	A	0	NA	NA	NA	NA	IMMUNE SYSTEM	04/16/25	Crystal structure of anti-sulfonylurea antibody scFv apo form	Mus musculus	mus musculus			Yu, X.T., Gao, Y.G., Lei, H.T.	1.51	X-RAY DIFFRACTION	0.214	0.200	True	True	unknown	unknown	unknown	None	None	None	None	None
9kat	B	B	0	NA	NA	NA	NA	IMMUNE SYSTEM	04/16/25	Crystal structure of anti-sulfonylurea antibody scFv apo form	Mus musculus	mus musculus			Yu, X.T., Gao, Y.G., Lei, H.T.	1.51	X-RAY DIFFRACTION	0.214	0.200	True	True	unknown	unknown	unknown	None	None	None	None	None
9h4r	H	L	0	A	protein	NA	zona pellucida sperm-binding protein 2	CELL ADHESION	03/12/25	Structure of fertilization-blocking monoclonal antibody IE-3 VHVL bound to the ZP-N1 domain of mouse ZP2 (crystal form I)	Mus musculus; Rattus norvegicus	rattus norvegicus	rattus norvegicus	mus musculus	Dioguardi, E., De Sanctis, D., Jovine, L.	1.53	X-RAY DIFFRACTION	0.233	0.206	False	True	IGHV1	IGKV8	Kappa	None	None	None	None	None
9h4r	X	Y	0	B	protein	NA	zona pellucida sperm-binding protein 2	CELL ADHESION	03/12/25	Structure of fertilization-blocking monoclonal antibody IE-3 VHVL bound to the ZP-N1 domain of mouse ZP2 (crystal form I)	Mus musculus; Rattus norvegicus	rattus norvegicus	rattus norvegicus	mus musculus	Dioguardi, E., De Sanctis, D., Jovine, L.	1.53	X-RAY DIFFRACTION	0.233	0.206	False	True	IGHV1	IGKV8	Kappa	None	None	None	None	None
9h4s	H	L	0	A	protein	NA	zona pellucida sperm-binding protein 2	CELL ADHESION	03/12/25	Structure of fertilization-blocking monoclonal antibody IE-3 VHVL bound to the ZP-N1 domain of mouse ZP2 (crystal form II)	Mus musculus; Rattus norvegicus	rattus norvegicus	rattus norvegicus	mus musculus	Dioguardi, E., De Sanctis, D., Jovine, L.	2.02	X-RAY DIFFRACTION	0.205	0.189	False	True	IGHV1	IGKV8	Kappa	None	None	None	None	None
9h4s	X	Y	0	B	protein	NA	zona pellucida sperm-binding protein 2	CELL ADHESION	03/12/25	Structure of fertilization-blocking monoclonal antibody IE-3 VHVL bound to the ZP-N1 domain of mouse ZP2 (crystal form II)	Mus musculus; Rattus norvegicus	rattus norvegicus	rattus norvegicus	mus musculus	Dioguardi, E., De Sanctis, D., Jovine, L.	2.02	X-RAY DIFFRACTION	0.205	0.189	False	True	IGHV1	IGKV8	Kappa	None	None	None	None	None
8rpe	B	E	0	NA	NA	NA	NA	IMMUNE SYSTEM	01/29/25	Crystal structure of the SMA:VH1 Complex at 1.2 A resolution	Homo sapiens; Lama	lama	homo sapiens		Maerivoet, A., Crabbe, T., Antonyuk, S.V., Madine, J.	1.2	X-RAY DIFFRACTION	0.144	0.112	False	True	IGHV5	IGKV4	Kappa	None	None	None	None	None
9g6q	H	L	0	H	Hapten	RBR	rocuronium	IMMUNE SYSTEM	02/12/25	scFv IP11 in complex with rocuronium	Mus musculus	mus musculus	mus musculus	mus musculus	Haouz, A., Saul, F.A., Bruhns, P.	1.2	X-RAY DIFFRACTION	0.189	0.168	True	True	IGHV1	IGKV2	Kappa	None	None	None	None	None
9cn2	B	B	0	A	protein	NA	spike protein	VIRAL PROTEIN	12/25/24	Human astrovirus 2 spike bound to neutralizing scFv 4B6	Human astrovirus 2; Mus musculus	mus musculus		human astrovirus 2	Lanning, S., DuBois, R.M.	2.67	X-RAY DIFFRACTION	0.259	0.212	True	True	unknown	unknown	unknown	None	None	None	None	None
8v8f	B	B	0	E	peptide	NA	utag	PEPTIDE BINDING PROTEIN	12/11/24	The co-crystal structure of anti-HIV scFv and Utag.	Mus musculus; SYNTHETIC CONSTRUCT	mus musculus		human immunodeficiency virus 1	Chen, S.H., Snow, C.D.	2.27	X-RAY DIFFRACTION	0.280	0.222	True	True	unknown	unknown	unknown	None	None	None	None	None
8v8f	A	A	0	H	peptide	NA	utag	PEPTIDE BINDING PROTEIN	12/11/24	The co-crystal structure of anti-HIV scFv and Utag.	Mus musculus; SYNTHETIC CONSTRUCT	mus musculus		human immunodeficiency virus 1	Chen, S.H., Snow, C.D.	2.27	X-RAY DIFFRACTION	0.280	0.222	True	True	unknown	unknown	unknown	None	None	None	None	None
8v8f	C	C	0	F	peptide	NA	utag	PEPTIDE BINDING PROTEIN	12/11/24	The co-crystal structure of anti-HIV scFv and Utag.	Mus musculus; SYNTHETIC CONSTRUCT	mus musculus		human immunodeficiency virus 1	Chen, S.H., Snow, C.D.	2.27	X-RAY DIFFRACTION	0.280	0.222	True	True	unknown	unknown	unknown	None	None	None	None	None
8v8f	D	D	0	G	peptide	NA	utag	PEPTIDE BINDING PROTEIN	12/11/24	The co-crystal structure of anti-HIV scFv and Utag.	Mus musculus; SYNTHETIC CONSTRUCT	mus musculus		human immunodeficiency virus 1	Chen, S.H., Snow, C.D.	2.27	X-RAY DIFFRACTION	0.280	0.222	True	True	unknown	unknown	unknown	None	None	None	None	None
8zpu	A	A	0	C	peptide	NA	phe-pro-gln-phe-sep-tyr-ser	IMMUNE SYSTEM	12/11/24	Crystal structure of the anti-phosphorylated peptide C7 scFv antibody with peptide bound	Oryctolagus cuniculus; SYNTHETIC CONSTRUCT	oryctolagus cuniculus		homo sapiens	Caaveiro, J.M.M., Kawade, R., Tsumoto, K.	2.8	X-RAY DIFFRACTION	0.345	0.304	True	True	unknown	unknown	unknown	None	None	None	None	None
8zpu	B	B	0	D	peptide	NA	phe-pro-gln-phe-sep-tyr-ser	IMMUNE SYSTEM	12/11/24	Crystal structure of the anti-phosphorylated peptide C7 scFv antibody with peptide bound	Oryctolagus cuniculus; SYNTHETIC CONSTRUCT	oryctolagus cuniculus		homo sapiens	Caaveiro, J.M.M., Kawade, R., Tsumoto, K.	2.8	X-RAY DIFFRACTION	0.345	0.304	True	True	unknown	unknown	unknown	None	None	None	None	None
8zd5	H	I	0	G	protein	NA	superoxide dismutase [cu-zn]	METAL BINDING PROTEIN	11/27/24	Crystal structure of E40K variant of Cu/Zn-superoxide dismutase from dog (Canis familiaris) in the holo form complexed with 22E1 Fv-clasp	Canis lupus familiaris; Mus musculus	mus musculus	mus musculus	canis lupus familiaris	Shino, Y., Furukawa, Y., Muraki, N.	2.89	X-RAY DIFFRACTION	0.249	0.201	False	True	IGHV14	IGKV14	Kappa	None	None	None	None	None
8zd5	E	F	0	D	protein	NA	superoxide dismutase [cu-zn]	METAL BINDING PROTEIN	11/27/24	Crystal structure of E40K variant of Cu/Zn-superoxide dismutase from dog (Canis familiaris) in the holo form complexed with 22E1 Fv-clasp	Canis lupus familiaris; Mus musculus	mus musculus	mus musculus	canis lupus familiaris	Shino, Y., Furukawa, Y., Muraki, N.	2.89	X-RAY DIFFRACTION	0.249	0.201	False	True	IGHV14	IGKV14	Kappa	None	None	None	None	None
8zd5	B	C	0	A	protein	NA	superoxide dismutase [cu-zn]	METAL BINDING PROTEIN	11/27/24	Crystal structure of E40K variant of Cu/Zn-superoxide dismutase from dog (Canis familiaris) in the holo form complexed with 22E1 Fv-clasp	Canis lupus familiaris; Mus musculus	mus musculus	mus musculus	canis lupus familiaris	Shino, Y., Furukawa, Y., Muraki, N.	2.89	X-RAY DIFFRACTION	0.249	0.201	False	True	IGHV14	IGKV14	Kappa	None	None	None	None	None
8zd5	K	L	0	J	protein	NA	superoxide dismutase [cu-zn]	METAL BINDING PROTEIN	11/27/24	Crystal structure of E40K variant of Cu/Zn-superoxide dismutase from dog (Canis familiaris) in the holo form complexed with 22E1 Fv-clasp	Canis lupus familiaris; Mus musculus	mus musculus	mus musculus	canis lupus familiaris	Shino, Y., Furukawa, Y., Muraki, N.	2.89	X-RAY DIFFRACTION	0.249	0.201	False	True	IGHV14	IGKV14	Kappa	None	None	None	None	None
8r3w	A	A	0	NA	NA	NA	NA	IMMUNE SYSTEM	11/06/24	Crystal structure of a homospecific CR57 diabody	Homo sapiens	homo sapiens			Kedari, A., Rissanen, I.	2.38	X-RAY DIFFRACTION	0.227	0.191	True	True	unknown	unknown	unknown	None	None	None	None	None
8r3w	R	R	0	NA	NA	NA	NA	IMMUNE SYSTEM	11/06/24	Crystal structure of a homospecific CR57 diabody	Homo sapiens	homo sapiens			Kedari, A., Rissanen, I.	2.38	X-RAY DIFFRACTION	0.227	0.191	True	True	unknown	unknown	unknown	None	None	None	None	None
8r40	R	R	0	G	protein	NA	glycoprotein	VIRAL PROTEIN	11/06/24	Crystal structure of diabody CR57 in complex with rabies virus protein G domain III	Homo sapiens; Rabies virus CVS-11	homo sapiens		rabies virus cvs-11	Kedari, A., Rissanen, I.	2.7	X-RAY DIFFRACTION	0.259	0.217	True	True	unknown	unknown	unknown	None	None	None	None	None
8r40	A	A	0	C	protein	NA	glycoprotein	VIRAL PROTEIN	11/06/24	Crystal structure of diabody CR57 in complex with rabies virus protein G domain III	Homo sapiens; Rabies virus CVS-11	homo sapiens		rabies virus cvs-11	Kedari, A., Rissanen, I.	2.7	X-RAY DIFFRACTION	0.259	0.217	True	True	unknown	unknown	unknown	None	None	None	None	None
9d7y	A	A	0	NA	NA	NA	NA	IMMUNE SYSTEM	11/06/24	Crystal structure of scFv corresponding to human autoantibody b96.11	Homo sapiens	homo sapiens			Buckle, A.M., McGowan, S.	2.6	X-RAY DIFFRACTION	0.301	0.227	True	True	unknown	unknown	unknown	None	None	None	None	None
9d7y	B	B	0	NA	NA	NA	NA	IMMUNE SYSTEM	11/06/24	Crystal structure of scFv corresponding to human autoantibody b96.11	Homo sapiens	homo sapiens			Buckle, A.M., McGowan, S.	2.6	X-RAY DIFFRACTION	0.301	0.227	True	True	unknown	unknown	unknown	None	None	None	None	None
9d7y	C	C	0	NA	NA	NA	NA	IMMUNE SYSTEM	11/06/24	Crystal structure of scFv corresponding to human autoantibody b96.11	Homo sapiens	homo sapiens			Buckle, A.M., McGowan, S.	2.6	X-RAY DIFFRACTION	0.301	0.227	True	True	unknown	unknown	unknown	None	None	None	None	None
8wfh	E	E	0	A	protein	NA	spike protein s1	VIRAL PROTEIN	09/25/24	Crystal structure of Omicron BA.4/5 in complex with a neutralizing antibody scFv D1	Homo sapiens; Severe acute respiratory syndrome coronavirus 2	homo sapiens		severe acute respiratory syndrome coronavirus2 	Zhang, M., Zhang, N., Gabibov, A., Guo, Y.	2.72	X-RAY DIFFRACTION	0.250	0.211	True	True	unknown	unknown	unknown	None	None	None	None	None
8wfm	A	A	0	B	protein	NA	spike protein s1	VIRAL PROTEIN	09/25/24	Crystal structure of Omicron BA.1 in complex with a neutralizing antibody scFv T11	Severe acute respiratory syndrome coronavirus 2	severe acute respiratory syndrome coronavirus2 		severe acute respiratory syndrome coronavirus2 	Zhang, M., Zhang, N., Gabibov, A., Guo, Y.	2.99	X-RAY DIFFRACTION	0.265	0.215	True	True	unknown	unknown	unknown	None	None	None	None	None
8wfm	C	C	0	D	protein	NA	spike protein s1	VIRAL PROTEIN	09/25/24	Crystal structure of Omicron BA.1 in complex with a neutralizing antibody scFv T11	Severe acute respiratory syndrome coronavirus 2	severe acute respiratory syndrome coronavirus2 		severe acute respiratory syndrome coronavirus2 	Zhang, M., Zhang, N., Gabibov, A., Guo, Y.	2.99	X-RAY DIFFRACTION	0.265	0.215	True	True	unknown	unknown	unknown	None	None	None	None	None
8wfm	E	E	0	F	protein	NA	spike protein s1	VIRAL PROTEIN	09/25/24	Crystal structure of Omicron BA.1 in complex with a neutralizing antibody scFv T11	Severe acute respiratory syndrome coronavirus 2	severe acute respiratory syndrome coronavirus2 		severe acute respiratory syndrome coronavirus2 	Zhang, M., Zhang, N., Gabibov, A., Guo, Y.	2.99	X-RAY DIFFRACTION	0.265	0.215	True	True	unknown	unknown	unknown	None	None	None	None	None
8wfm	G	G	0	H	protein	NA	spike protein s1	VIRAL PROTEIN	09/25/24	Crystal structure of Omicron BA.1 in complex with a neutralizing antibody scFv T11	Severe acute respiratory syndrome coronavirus 2	severe acute respiratory syndrome coronavirus2 		severe acute respiratory syndrome coronavirus2 	Zhang, M., Zhang, N., Gabibov, A., Guo, Y.	2.99	X-RAY DIFFRACTION	0.265	0.215	True	True	unknown	unknown	unknown	None	None	None	None	None
8s4h	A	B	0	A	Hapten	RBR	rocuronium	IMMUNE SYSTEM	09/18/24	Crystal structure of scFv-1B6 in complex with rocuronium bromide	Mus musculus	mus musculus	mus musculus	mus musculus	Saul, F.A., Haouz, A., Bruhns, P.	1.7	X-RAY DIFFRACTION	0.188	0.166	False	True	IGHV1	IGKV2	Kappa	None	None	None	None	None
8s4h	C	D	0	C	Hapten	RBR	rocuronium	IMMUNE SYSTEM	09/18/24	Crystal structure of scFv-1B6 in complex with rocuronium bromide	Mus musculus	mus musculus	mus musculus	mus musculus	Saul, F.A., Haouz, A., Bruhns, P.	1.7	X-RAY DIFFRACTION	0.188	0.166	False	True	IGHV1	IGKV2	Kappa	None	None	None	None	None
8s4h	H	L	0	H	Hapten	RBR	rocuronium	IMMUNE SYSTEM	09/18/24	Crystal structure of scFv-1B6 in complex with rocuronium bromide	Mus musculus	mus musculus	mus musculus	mus musculus	Saul, F.A., Haouz, A., Bruhns, P.	1.7	X-RAY DIFFRACTION	0.188	0.166	False	True	IGHV1	IGKV2	Kappa	None	None	None	None	None
8sow	C	C	0	A	protein	NA	interleukin-2	CYTOKINE	09/04/24	Structure of the complex formed by human interleukin-2 and scFv F10	Homo sapiens	homo sapiens		homo sapiens	Gould, J.R., Leonard, E.K., Cao, S.D., Spangler, J.B.	1.71	X-RAY DIFFRACTION	0.235	0.216	True	True	unknown	unknown	unknown	None	None	None	None	None
8soz	C	C	0	A	protein	NA	interleukin-2	CYTOKINE	09/04/24	Structure of the complex formed by human interleukin-2 and scFv 602	Homo sapiens	homo sapiens		homo sapiens	Gould, J.R., Leonard, E.K., Cao, S.D., Spangler, J.B.	1.64	X-RAY DIFFRACTION	0.250	0.219	True	True	unknown	unknown	unknown	None	None	None	None	None
8u5l	F	F	0	D	protein	NA	capsid protein vp1	Viral Protein/Immune System	08/14/24	MAU868, a novel human-derived monoclonal neutralizing antibody targeting BK virus VP1	Betapolyomavirus hominis; Homo sapiens	homo sapiens		betapolyomavirus hominis	Knapp, M.S., Ornelas, E.	2.7	X-RAY DIFFRACTION	0.217	0.183	True	True	unknown	unknown	unknown	None	None	None	None	None
8u5l	H	H	0	C	protein	NA	capsid protein vp1	Viral Protein/Immune System	08/14/24	MAU868, a novel human-derived monoclonal neutralizing antibody targeting BK virus VP1	Betapolyomavirus hominis; Homo sapiens	homo sapiens		betapolyomavirus hominis	Knapp, M.S., Ornelas, E.	2.7	X-RAY DIFFRACTION	0.217	0.183	True	True	unknown	unknown	unknown	None	None	None	None	None
8u5l	J	J	0	A	protein	NA	capsid protein vp1	Viral Protein/Immune System	08/14/24	MAU868, a novel human-derived monoclonal neutralizing antibody targeting BK virus VP1	Betapolyomavirus hominis; Homo sapiens	homo sapiens		betapolyomavirus hominis	Knapp, M.S., Ornelas, E.	2.7	X-RAY DIFFRACTION	0.217	0.183	True	True	unknown	unknown	unknown	None	None	None	None	None
8u5l	K	K	0	E	protein	NA	capsid protein vp1	Viral Protein/Immune System	08/14/24	MAU868, a novel human-derived monoclonal neutralizing antibody targeting BK virus VP1	Betapolyomavirus hominis; Homo sapiens	homo sapiens		betapolyomavirus hominis	Knapp, M.S., Ornelas, E.	2.7	X-RAY DIFFRACTION	0.217	0.183	True	True	unknown	unknown	unknown	None	None	None	None	None
8u5l	N	N	0	B	protein	NA	capsid protein vp1	Viral Protein/Immune System	08/14/24	MAU868, a novel human-derived monoclonal neutralizing antibody targeting BK virus VP1	Betapolyomavirus hominis; Homo sapiens	homo sapiens		betapolyomavirus hominis	Knapp, M.S., Ornelas, E.	2.7	X-RAY DIFFRACTION	0.217	0.183	True	True	unknown	unknown	unknown	None	None	None	None	None
8rz0	B	B	0	A	protein	NA	rh5-34em	IMMUNE SYSTEM	07/17/24	Synthetic immunogen RH5-34EM bound to monoclonal antibody R5.016	Homo sapiens; synthetic construct	homo sapiens		synthetic construct	Farrell, B., Harrison, T., Higgins, M.K.	1.63	X-RAY DIFFRACTION	0.206	0.191	True	True	unknown	unknown	unknown	None	None	None	None	None
8rz0	D	D	0	C	protein	NA	rh5-34em	IMMUNE SYSTEM	07/17/24	Synthetic immunogen RH5-34EM bound to monoclonal antibody R5.016	Homo sapiens; synthetic construct	homo sapiens		synthetic construct	Farrell, B., Harrison, T., Higgins, M.K.	1.63	X-RAY DIFFRACTION	0.206	0.191	True	True	unknown	unknown	unknown	None	None	None	None	None
8rz0	F	F	0	E	protein	NA	rh5-34em	IMMUNE SYSTEM	07/17/24	Synthetic immunogen RH5-34EM bound to monoclonal antibody R5.016	Homo sapiens; synthetic construct	homo sapiens		synthetic construct	Farrell, B., Harrison, T., Higgins, M.K.	1.63	X-RAY DIFFRACTION	0.206	0.191	True	True	unknown	unknown	unknown	None	None	None	None	None
8rz0	H	H	0	G	protein	NA	rh5-34em	IMMUNE SYSTEM	07/17/24	Synthetic immunogen RH5-34EM bound to monoclonal antibody R5.016	Homo sapiens; synthetic construct	homo sapiens		synthetic construct	Farrell, B., Harrison, T., Higgins, M.K.	1.63	X-RAY DIFFRACTION	0.206	0.191	True	True	unknown	unknown	unknown	None	None	None	None	None
8rz1	A	A	0	B	protein	NA	rh5-34em	IMMUNE SYSTEM	07/17/24	Synthetic immunogen RH5-34EM bound to monoclonal antibody R5.034	Homo sapiens; synthetic construct	homo sapiens		synthetic construct	Farrell, B., Higgins, M.K.	1.75	X-RAY DIFFRACTION	0.218	0.198	True	True	unknown	unknown	unknown	None	None	None	None	None
8rz1	C	C	0	D	protein	NA	rh5-34em	IMMUNE SYSTEM	07/17/24	Synthetic immunogen RH5-34EM bound to monoclonal antibody R5.034	Homo sapiens; synthetic construct	homo sapiens		synthetic construct	Farrell, B., Higgins, M.K.	1.75	X-RAY DIFFRACTION	0.218	0.198	True	True	unknown	unknown	unknown	None	None	None	None	None
8pmz	B	B	0	A	protein	NA	pro-secreted protein orf2	VIRAL PROTEIN	07/10/24	HEV gt3 P domain in complex with glycan-insensitive nAb p61.15	Homo sapiens; Paslahepevirus balayani	homo sapiens		paslahepevirus balayani	Ssebyatika, G., Krey, T.	1.912	X-RAY DIFFRACTION	0.257	0.225	True	True	unknown	unknown	unknown	None	None	None	None	None
8pmz	D	D	0	C	protein	NA	pro-secreted protein orf2	VIRAL PROTEIN	07/10/24	HEV gt3 P domain in complex with glycan-insensitive nAb p61.15	Homo sapiens; Paslahepevirus balayani	homo sapiens		paslahepevirus balayani	Ssebyatika, G., Krey, T.	1.912	X-RAY DIFFRACTION	0.257	0.225	True	True	unknown	unknown	unknown	None	None	None	None	None
8ytn	A	A	0	NA	NA	NA	NA	IMMUNE SYSTEM	07/03/24	Single-chain Fv antibody of E11	Mus musculus	mus musculus			Yoshida, M., Hanazono, Y., Numoto, N., Ito, N., Oda, M.	1.72	X-RAY DIFFRACTION	0.213	0.185	True	True	unknown	unknown	unknown	None	None	None	None	None
8yto	A	A	0	NA	NA	NA	NA	IMMUNE SYSTEM	01/08/09	Single-chain Fv antibody of E11 complex with NP-glycine	Mus musculus	mus musculus			Yoshida, M., Hanazono, Y., Numoto, N., Ito, N., Oda, M.	1.04	X-RAY DIFFRACTION	0.124	0.107	True	True	unknown	unknown	unknown	None	None	None	None	None
8ytp	A	A	0	a	Hapten	LZO	5-(5-(3-hydroxyphenyl)thiophen-2-yl)pentanoic acid	IMMUNE SYSTEM	01/08/09	Single-chain Fv antibody of E11 complex with NP-glycine under reducing conditions	Mus musculus	mus musculus			Yoshida, M., Hanazono, Y., Numoto, N., Ito, N., Oda, M.	1.36	X-RAY DIFFRACTION	0.175	0.146	True	True	unknown	unknown	unknown	None	None	None	None	None
8iqr	H	L	0	H	Hapten	HZA	2,5,8,11,14,17,20,23,26-nonaoxaoctacosane	IMMUNE SYSTEM	03/20/24	Crystal structure of Anti-PEG antibody M9 Fv-clasp fragment with PEG (co-crystallization with PEG550DME)	Mus musculus	mus musculus	mus musculus	mus musculus	Mori, T., Teramoto, T., Liu, Y., Mori, T., Kakuta, Y.	2.35	X-RAY DIFFRACTION	0.292	0.235	False	True	IGHV5	IGKV1	Kappa	None	None	None	None	None
8iqr	h	l	0	h	Hapten	HZA	2,5,8,11,14,17,20,23,26-nonaoxaoctacosane	IMMUNE SYSTEM	03/20/24	Crystal structure of Anti-PEG antibody M9 Fv-clasp fragment with PEG (co-crystallization with PEG550DME)	Mus musculus	mus musculus	mus musculus	mus musculus	Mori, T., Teramoto, T., Liu, Y., Mori, T., Kakuta, Y.	2.35	X-RAY DIFFRACTION	0.292	0.235	False	False	IGHV5	IGKV1	Kappa	None	None	None	None	None
8yj7	G	G	0	B	protein	NA	iron abc transporter substrate-binding lipoprotein mtsa	METAL TRNASPORT/IMMUNE SYSTEM	06/19/24	Characerization of a novel format scFvXVHH single-chain Biparatopic antibody against a metal binding protein, MtsA	Oryctolagus cuniculus; Streptococcus pyogenes	oryctolagus cuniculus		streptococcus pyogenes	Ito, S., Nagatoishi, S., Nakakido, M., Tsumoto, K.	2.8	X-RAY DIFFRACTION	0.276	0.222	True	True	unknown	unknown	unknown	None	None	None	None	None
8yj7	E	E	0	C	protein	NA	iron abc transporter substrate-binding lipoprotein mtsa	METAL TRNASPORT/IMMUNE SYSTEM	06/19/24	Characerization of a novel format scFvXVHH single-chain Biparatopic antibody against a metal binding protein, MtsA	Oryctolagus cuniculus; Streptococcus pyogenes	oryctolagus cuniculus		streptococcus pyogenes	Ito, S., Nagatoishi, S., Nakakido, M., Tsumoto, K.	2.8	X-RAY DIFFRACTION	0.276	0.222	True	True	unknown	unknown	unknown	None	None	None	None	None
8yj7	F	F	0	B	protein	NA	iron abc transporter substrate-binding lipoprotein mtsa	METAL TRNASPORT/IMMUNE SYSTEM	06/19/24	Characerization of a novel format scFvXVHH single-chain Biparatopic antibody against a metal binding protein, MtsA	Oryctolagus cuniculus; Streptococcus pyogenes	oryctolagus cuniculus		streptococcus pyogenes	Ito, S., Nagatoishi, S., Nakakido, M., Tsumoto, K.	2.8	X-RAY DIFFRACTION	0.276	0.222	True	True	unknown	unknown	unknown	None	None	None	None	None
8yj7	H	H	0	A	protein	NA	iron abc transporter substrate-binding lipoprotein mtsa	METAL TRNASPORT/IMMUNE SYSTEM	06/19/24	Characerization of a novel format scFvXVHH single-chain Biparatopic antibody against a metal binding protein, MtsA	Oryctolagus cuniculus; Streptococcus pyogenes	oryctolagus cuniculus		streptococcus pyogenes	Ito, S., Nagatoishi, S., Nakakido, M., Tsumoto, K.	2.8	X-RAY DIFFRACTION	0.276	0.222	True	True	unknown	unknown	unknown	None	None	None	None	None
8jow	A	A	0	B	peptide	NA	arg-pro-his-phe-pro-gln-phe-sep-tyr-ser-ala-ser	IMMUNE SYSTEM	06/12/24	Crystal structure of rabbit antibody with phosphorylated peptide bound	Oryctolagus cuniculus; SYNTHETIC CONSTRUCT	oryctolagus cuniculus		homo sapiens	Caaveiro, J.M.M., Kawade, R., Tsumoto, K.	1.4	X-RAY DIFFRACTION	0.199	0.162	True	True	unknown	unknown	unknown	None	None	None	None	None
8jow	C	C	0	D	peptide	NA	arg-pro-his-phe-pro-gln-phe-sep-tyr-ser-ala-ser	IMMUNE SYSTEM	06/12/24	Crystal structure of rabbit antibody with phosphorylated peptide bound	Oryctolagus cuniculus; SYNTHETIC CONSTRUCT	oryctolagus cuniculus		homo sapiens	Caaveiro, J.M.M., Kawade, R., Tsumoto, K.	1.4	X-RAY DIFFRACTION	0.199	0.162	True	True	unknown	unknown	unknown	None	None	None	None	None
8pwv	B	B	0	A	protein	NA	reticulocyte-binding protein homolog 5	CELL ADHESION	06/05/24	PfRH5 bound to monoclonal antibody MAD8-502	Homo sapiens; Plasmodium falciparum 3D7	homo sapiens		plasmodium falciparum 3d7	Farrell, B., Higgins, M.K.	2.07	X-RAY DIFFRACTION	0.279	0.269	True	True	unknown	unknown	unknown	None	None	None	None	None
8pwv	D	D	0	C	protein	NA	reticulocyte-binding protein homolog 5	CELL ADHESION	06/05/24	PfRH5 bound to monoclonal antibody MAD8-502	Homo sapiens; Plasmodium falciparum 3D7	homo sapiens		plasmodium falciparum 3d7	Farrell, B., Higgins, M.K.	2.07	X-RAY DIFFRACTION	0.279	0.269	True	True	unknown	unknown	unknown	None	None	None	None	None
8pwv	F	F	0	E	protein	NA	reticulocyte-binding protein homolog 5	CELL ADHESION	06/05/24	PfRH5 bound to monoclonal antibody MAD8-502	Homo sapiens; Plasmodium falciparum 3D7	homo sapiens		plasmodium falciparum 3d7	Farrell, B., Higgins, M.K.	2.07	X-RAY DIFFRACTION	0.279	0.269	True	True	unknown	unknown	unknown	None	None	None	None	None
8pwv	H	H	0	G	protein	NA	reticulocyte-binding protein homolog 5	CELL ADHESION	06/05/24	PfRH5 bound to monoclonal antibody MAD8-502	Homo sapiens; Plasmodium falciparum 3D7	homo sapiens		plasmodium falciparum 3d7	Farrell, B., Higgins, M.K.	2.07	X-RAY DIFFRACTION	0.279	0.269	True	True	unknown	unknown	unknown	None	None	None	None	None
8pww	B	B	0	A	protein	NA	reticulocyte-binding protein homolog 5	CELL ADHESION	06/05/24	PfRH5 bound to monoclonal antibody MAD8-151	Homo sapiens; Plasmodium falciparum 3D7	homo sapiens		plasmodium falciparum 3d7	Farrell, B., Higgins, M.K.	1.945	X-RAY DIFFRACTION	0.252	0.230	True	True	unknown	unknown	unknown	None	None	None	None	None
8pww	D	D	0	C	protein	NA	reticulocyte-binding protein homolog 5	CELL ADHESION	06/05/24	PfRH5 bound to monoclonal antibody MAD8-151	Homo sapiens; Plasmodium falciparum 3D7	homo sapiens		plasmodium falciparum 3d7	Farrell, B., Higgins, M.K.	1.945	X-RAY DIFFRACTION	0.252	0.230	True	True	unknown	unknown	unknown	None	None	None	None	None
8vrr	A	A	0	NA	NA	NA	NA	PEPTIDE BINDING PROTEIN,IMMUNE SYSTEM	04/03/24	4H11-scFv antibody	Mus musculus	mus musculus			Lee, K., Perry, K., Yeku, O.O., Spriggs, D.R.	2.36	X-RAY DIFFRACTION	0.251	0.225	True	True	unknown	unknown	unknown	None	None	None	None	None
8vrs	C	C	0	B	protein	NA	maltose/maltodextrin-binding periplasmic protein,mucin-16	ONCOPROTEIN/IMMUNE SYSTEM	04/03/24	Mucin 16 peptide fused to MBP in complex with 4H11-scFv antibody	Escherichia coli; Homo sapiens; Mus musculus	mus musculus		escherichia coli, homo sapiens	Lee, K., Perry, K., Yeku, O.O., Spriggs, D.R.	2.47	X-RAY DIFFRACTION	0.237	0.192	True	True	unknown	unknown	unknown	None	None	None	None	None
8vrs	D	D	0	A	protein	NA	maltose/maltodextrin-binding periplasmic protein,mucin-16	ONCOPROTEIN/IMMUNE SYSTEM	04/03/24	Mucin 16 peptide fused to MBP in complex with 4H11-scFv antibody	Escherichia coli; Homo sapiens; Mus musculus	mus musculus		escherichia coli, homo sapiens	Lee, K., Perry, K., Yeku, O.O., Spriggs, D.R.	2.47	X-RAY DIFFRACTION	0.237	0.192	True	True	unknown	unknown	unknown	None	None	None	None	None
8iqp	H	L	0	NA	NA	NA	NA	IMMUNE SYSTEM	03/20/24	Crystal structure of Anti-PEG antibody M9 Fv-clasp fragment with PEG (co-crystallization with PEG3350)	Mus musculus	mus musculus	mus musculus		Mori, T., Teramoto, T., Liu, Y., Mori, T., Kakuta, Y.	1.76	X-RAY DIFFRACTION	0.246	0.205	False	True	IGHV5	IGKV1	Kappa	None	None	None	None	None
8iqp	h	l	0	NA	NA	NA	NA	IMMUNE SYSTEM	03/20/24	Crystal structure of Anti-PEG antibody M9 Fv-clasp fragment with PEG (co-crystallization with PEG3350)	Mus musculus	mus musculus	mus musculus		Mori, T., Teramoto, T., Liu, Y., Mori, T., Kakuta, Y.	1.76	X-RAY DIFFRACTION	0.246	0.205	False	False	IGHV5	IGKV1	Kappa	None	None	None	None	None
8iqq	H	L	0	NA	NA	NA	NA	IMMUNE SYSTEM	03/20/24	Crystal structure of Anti-PEG antibody M9 Fv-clasp fragment with PEG (co-crystallization with PEG2000MME)	Mus musculus	mus musculus	mus musculus		Mori, T., Teramoto, T., Liu, Y., Mori, T., Kakuta, Y.	2.02	X-RAY DIFFRACTION	0.243	0.199	False	True	IGHV5	IGKV1	Kappa	None	None	None	None	None
8iqq	h	l	0	NA	NA	NA	NA	IMMUNE SYSTEM	03/20/24	Crystal structure of Anti-PEG antibody M9 Fv-clasp fragment with PEG (co-crystallization with PEG2000MME)	Mus musculus	mus musculus	mus musculus		Mori, T., Teramoto, T., Liu, Y., Mori, T., Kakuta, Y.	2.02	X-RAY DIFFRACTION	0.243	0.199	False	False	IGHV5	IGKV1	Kappa	None	None	None	None	None
8iqs	H	L	0	NA	NA	NA	NA	IMMUNE SYSTEM	03/20/24	Crystal structure of Anti-PEG antibody M11 Fv-clasp fragment with PEG (co-crystallization with PEG3350)	Mus musculus	mus musculus	mus musculus		Mori, T., Teramoto, T., Liu, Y., Mori, T., Kakuta, Y.	2.16	X-RAY DIFFRACTION	0.270	0.236	False	True	IGHV6	IGKV1	Kappa	None	None	None	None	None
8iqs	h	l	0	NA	NA	NA	NA	IMMUNE SYSTEM	03/20/24	Crystal structure of Anti-PEG antibody M11 Fv-clasp fragment with PEG (co-crystallization with PEG3350)	Mus musculus	mus musculus	mus musculus		Mori, T., Teramoto, T., Liu, Y., Mori, T., Kakuta, Y.	2.16	X-RAY DIFFRACTION	0.270	0.236	False	False	IGHV6	IGKV1	Kappa	None	None	None	None	None
8r4o	B	B	0	A	protein	NA	serine/threonine-protein kinase sik3	LIGASE	03/27/24	Salt inducible kinase 3 in complex with inhibitor	Homo sapiens	homo sapiens		homo sapiens	Kack, H., Oster, L.	2.725	X-RAY DIFFRACTION	0.244	0.214	True	True	unknown	unknown	unknown	None	None	None	None	None
8r4o	D	D	0	C	protein	NA	serine/threonine-protein kinase sik3	LIGASE	03/27/24	Salt inducible kinase 3 in complex with inhibitor	Homo sapiens	homo sapiens		homo sapiens	Kack, H., Oster, L.	2.725	X-RAY DIFFRACTION	0.244	0.214	True	True	unknown	unknown	unknown	None	None	None	None	None
8r4o	F	F	0	E	protein	NA	serine/threonine-protein kinase sik3	LIGASE	03/27/24	Salt inducible kinase 3 in complex with inhibitor	Homo sapiens	homo sapiens		homo sapiens	Kack, H., Oster, L.	2.725	X-RAY DIFFRACTION	0.244	0.214	True	True	unknown	unknown	unknown	None	None	None	None	None
8r4o	H	H	0	G	protein	NA	serine/threonine-protein kinase sik3	LIGASE	03/27/24	Salt inducible kinase 3 in complex with inhibitor	Homo sapiens	homo sapiens		homo sapiens	Kack, H., Oster, L.	2.725	X-RAY DIFFRACTION	0.244	0.214	True	True	unknown	unknown	unknown	None	None	None	None	None
8r4o	J	J	0	I	protein	NA	serine/threonine-protein kinase sik3	LIGASE	03/27/24	Salt inducible kinase 3 in complex with inhibitor	Homo sapiens	homo sapiens		homo sapiens	Kack, H., Oster, L.	2.725	X-RAY DIFFRACTION	0.244	0.214	True	True	unknown	unknown	unknown	None	None	None	None	None
8r4o	L	L	0	K	protein	NA	serine/threonine-protein kinase sik3	LIGASE	03/27/24	Salt inducible kinase 3 in complex with inhibitor	Homo sapiens	homo sapiens		homo sapiens	Kack, H., Oster, L.	2.725	X-RAY DIFFRACTION	0.244	0.214	True	True	unknown	unknown	unknown	None	None	None	None	None
8r4q	B	B	0	A	protein	NA	serine/threonine-protein kinase sik3	LIGASE	03/27/24	Salt inducible kinase 3 in complex with inhibitor	Homo sapiens	homo sapiens		homo sapiens	Kack, H., Oster, L.	2.838	X-RAY DIFFRACTION	0.244	0.212	True	True	unknown	unknown	unknown	None	None	None	None	None
8r4q	D	D	0	C	protein	NA	serine/threonine-protein kinase sik3	LIGASE	03/27/24	Salt inducible kinase 3 in complex with inhibitor	Homo sapiens	homo sapiens		homo sapiens	Kack, H., Oster, L.	2.838	X-RAY DIFFRACTION	0.244	0.212	True	True	unknown	unknown	unknown	None	None	None	None	None
8r4q	F	F	0	E	protein	NA	serine/threonine-protein kinase sik3	LIGASE	03/27/24	Salt inducible kinase 3 in complex with inhibitor	Homo sapiens	homo sapiens		homo sapiens	Kack, H., Oster, L.	2.838	X-RAY DIFFRACTION	0.244	0.212	True	True	unknown	unknown	unknown	None	None	None	None	None
8r4q	H	H	0	G	protein	NA	serine/threonine-protein kinase sik3	LIGASE	03/27/24	Salt inducible kinase 3 in complex with inhibitor	Homo sapiens	homo sapiens		homo sapiens	Kack, H., Oster, L.	2.838	X-RAY DIFFRACTION	0.244	0.212	True	True	unknown	unknown	unknown	None	None	None	None	None
8r4q	J	J	0	I	protein	NA	serine/threonine-protein kinase sik3	LIGASE	03/27/24	Salt inducible kinase 3 in complex with inhibitor	Homo sapiens	homo sapiens		homo sapiens	Kack, H., Oster, L.	2.838	X-RAY DIFFRACTION	0.244	0.212	True	True	unknown	unknown	unknown	None	None	None	None	None
8r4q	L	L	0	K	protein	NA	serine/threonine-protein kinase sik3	LIGASE	03/27/24	Salt inducible kinase 3 in complex with inhibitor	Homo sapiens	homo sapiens		homo sapiens	Kack, H., Oster, L.	2.838	X-RAY DIFFRACTION	0.244	0.212	True	True	unknown	unknown	unknown	None	None	None	None	None
8r4u	B	B	0	A	protein	NA	serine/threonine-protein kinase sik3	LIGASE	03/27/24	Structure of salt-inducible kinase 3 with inhibitors	Homo sapiens	homo sapiens		homo sapiens	Kack, H., Oster, L.	2.416	X-RAY DIFFRACTION	0.265	0.228	True	True	unknown	unknown	unknown	None	None	None	None	None
8r4u	D	D	0	C	protein	NA	serine/threonine-protein kinase sik3	LIGASE	03/27/24	Structure of salt-inducible kinase 3 with inhibitors	Homo sapiens	homo sapiens		homo sapiens	Kack, H., Oster, L.	2.416	X-RAY DIFFRACTION	0.265	0.228	True	True	unknown	unknown	unknown	None	None	None	None	None
8r4u	F	F	0	E	protein	NA	serine/threonine-protein kinase sik3	LIGASE	03/27/24	Structure of salt-inducible kinase 3 with inhibitors	Homo sapiens	homo sapiens		homo sapiens	Kack, H., Oster, L.	2.416	X-RAY DIFFRACTION	0.265	0.228	True	True	unknown	unknown	unknown	None	None	None	None	None
8r4u	H	H	0	G	protein	NA	serine/threonine-protein kinase sik3	LIGASE	03/27/24	Structure of salt-inducible kinase 3 with inhibitors	Homo sapiens	homo sapiens		homo sapiens	Kack, H., Oster, L.	2.416	X-RAY DIFFRACTION	0.265	0.228	True	True	unknown	unknown	unknown	None	None	None	None	None
8jyq	A	B	0	C	peptide	NA	h2casmab-1 epitope peptide	IMMUNE SYSTEM	03/13/24	Crystal structure of cancer-specific anti-HER2 antibody H2Mab-214 in complex with epitope peptide	Homo sapiens; Mus musculus; SYNTHETIC CONSTRUCT	mus musculus, homo sapiens	mus musculus, homo sapiens	homo sapiens	Arimori, T., Takagi, J.	1.75	X-RAY DIFFRACTION	0.233	0.196	False	True	IGHV8	IGKV3	Kappa	None	None	None	None	None
8jyq	D	E	0	F	peptide	NA	h2casmab-1 epitope peptide	IMMUNE SYSTEM	03/13/24	Crystal structure of cancer-specific anti-HER2 antibody H2Mab-214 in complex with epitope peptide	Homo sapiens; Mus musculus; SYNTHETIC CONSTRUCT	mus musculus, homo sapiens	mus musculus, homo sapiens	homo sapiens	Arimori, T., Takagi, J.	1.75	X-RAY DIFFRACTION	0.233	0.196	False	True	IGHV8	IGKV3	Kappa	None	None	None	None	None
8hyl	A	B	0	NA	NA	NA	NA	IMMUNE SYSTEM	02/14/24	Crystal structure of DO1 Fv-clasp fragment	Mus musculus	mus musculus	mus musculus		Anan, Y., Lu, P., Nagata, K., Itakura, M., Uchida, K.	2	X-RAY DIFFRACTION	0.298	0.241	False	True	IGHV1	IGKV1	Kappa	None	None	None	None	None
8hyl	C	D	0	NA	NA	NA	NA	IMMUNE SYSTEM	02/14/24	Crystal structure of DO1 Fv-clasp fragment	Mus musculus	mus musculus	mus musculus		Anan, Y., Lu, P., Nagata, K., Itakura, M., Uchida, K.	2	X-RAY DIFFRACTION	0.298	0.241	False	True	IGHV1	IGKV1	Kappa	None	None	None	None	None
8ia6	A	A	0	NA	NA	NA	NA	IMMUNE SYSTEM	02/14/24	Crystal structure of scFv antibody against Phospholipase A2 of Echis carinatus venom	Homo sapiens	homo sapiens			Kumar, A., Madni, Z.K., Salunke, D.M.	2.75	X-RAY DIFFRACTION	0.264	0.232	True	True	unknown	unknown	unknown	None	None	None	None	None
8ia6	B	B	0	NA	NA	NA	NA	IMMUNE SYSTEM	02/14/24	Crystal structure of scFv antibody against Phospholipase A2 of Echis carinatus venom	Homo sapiens	homo sapiens			Kumar, A., Madni, Z.K., Salunke, D.M.	2.75	X-RAY DIFFRACTION	0.264	0.232	True	True	unknown	unknown	unknown	None	None	None	None	None
8i5l	D	D	0	A	protein	NA	capsid protein	VIRAL PROTEIN	01/31/24	Crystal structure of P domain from norovirus GI.4 capsid protein in complex with broad specificity antibody single-chain Fv fragment CV-2F5.	Homo sapiens; Norovirus GI.4	homo sapiens		norovirus gi.4	Kato-Murayama, M., Murayama, K., Shirouzu, M.	2.7	X-RAY DIFFRACTION	0.259	0.184	True	True	unknown	unknown	unknown	None	None	None	None	None
8i5l	E	E	0	B | C	protein | protein	NA | NA	capsid protein | capsid protein	VIRAL PROTEIN	01/31/24	Crystal structure of P domain from norovirus GI.4 capsid protein in complex with broad specificity antibody single-chain Fv fragment CV-2F5.	Homo sapiens; Norovirus GI.4	homo sapiens		norovirus gi.4 | norovirus gi.4	Kato-Murayama, M., Murayama, K., Shirouzu, M.	2.7	X-RAY DIFFRACTION	0.259	0.184	True	True	unknown	unknown	unknown	None	None	None	None	None
8ek5	E	E	0	A | C	protein | peptide	NA | NA	mhc class i antigen | paired mesoderm homeobox protein 2b peptide	ANTITUMOR PROTEIN	12/06/23	Engineered scFv 10LH bound to PHOX2B/HLA-A24:02	Homo sapiens; SYNTHETIC CONSTRUCT	homo sapiens		homo sapiens | homo sapiens	Garfinkle, S.E., Florio, T.J., Sgourakis, N.G.	2.11	X-RAY DIFFRACTION	0.212	0.181	True	True	unknown	unknown	unknown	None	None	None	None	None
8wsq	A	B	0	F	protein	NA	fusion glycoprotein f0	ANTIVIRAL PROTEIN/VIRAL PROTEIN	11/15/23	A protective human antibody against respiratory syncytial virus by targeting a prefusion epitope across sites IV and V of the viral fusion glycoprotein.	Homo sapiens; Respiratory syncytial virus	homo sapiens	homo sapiens	respiratory syncytial virus	Xu, S.Y., Chai, Y.	2.9	X-RAY DIFFRACTION	0.280	0.247	False	True	IGHV3	IGLV1	Lambda	None	None	None	None	None
8bg2	A	A	0	B	protein	NA	spike protein s1	PROTEIN BINDING	11/08/23	Crystal structure of the SARS-CoV-2 S RBD in complex with pT1580 scFV	Homo sapiens; Severe acute respiratory syndrome coronavirus 2	homo sapiens		severe acute respiratory syndrome coronavirus2 	Hansen, G., Ssebyatika, G.L., Krey, T.	2.1	X-RAY DIFFRACTION	0.227	0.189	True	True	unknown	unknown	unknown	None	None	None	None	None
8bg2	C	C	0	D	protein	NA	spike protein s1	PROTEIN BINDING	11/08/23	Crystal structure of the SARS-CoV-2 S RBD in complex with pT1580 scFV	Homo sapiens; Severe acute respiratory syndrome coronavirus 2	homo sapiens		severe acute respiratory syndrome coronavirus2 	Hansen, G., Ssebyatika, G.L., Krey, T.	2.1	X-RAY DIFFRACTION	0.227	0.189	True	True	unknown	unknown	unknown	None	None	None	None	None
8bg3	A	A	0	B	protein	NA	spike protein s1	PROTEIN BINDING	11/08/23	Crystal structure of the SARS-CoV-2 S RBD in complex with pT1610 scFV	Homo sapiens; Severe acute respiratory syndrome coronavirus 2	homo sapiens		severe acute respiratory syndrome coronavirus2 	Hansen, G., Ssebyatika, G.L., Krey, T.	1.9	X-RAY DIFFRACTION	0.214	0.185	True	True	unknown	unknown	unknown	None	None	None	None	None
8bg3	C	C	0	D	protein	NA	spike protein s1	PROTEIN BINDING	11/08/23	Crystal structure of the SARS-CoV-2 S RBD in complex with pT1610 scFV	Homo sapiens; Severe acute respiratory syndrome coronavirus 2	homo sapiens		severe acute respiratory syndrome coronavirus2 	Hansen, G., Ssebyatika, G.L., Krey, T.	1.9	X-RAY DIFFRACTION	0.214	0.185	True	True	unknown	unknown	unknown	None	None	None	None	None
8bg4	A	A	0	B	protein	NA	spike protein s1	PROTEIN BINDING	11/08/23	Crystal structure of the SARS-CoV-2 S RBD in complex with pT1611 scFV	Homo sapiens; Severe acute respiratory syndrome coronavirus 2	homo sapiens		severe acute respiratory syndrome coronavirus2 	Hansen, G., Ssebyatika, G.L., Krey, T.	1.6	X-RAY DIFFRACTION	0.208	0.195	True	True	unknown	unknown	unknown	None	None	None	None	None
8bg4	C	C	0	D	protein	NA	spike protein s1	PROTEIN BINDING	11/08/23	Crystal structure of the SARS-CoV-2 S RBD in complex with pT1611 scFV	Homo sapiens; Severe acute respiratory syndrome coronavirus 2	homo sapiens		severe acute respiratory syndrome coronavirus2 	Hansen, G., Ssebyatika, G.L., Krey, T.	1.6	X-RAY DIFFRACTION	0.208	0.195	True	True	unknown	unknown	unknown	None	None	None	None	None
8bg5	A	A	0	B	protein	NA	spike protein s1	PROTEIN BINDING	11/08/23	Crystal structure of the SARS-CoV-2 S RBD in complex with pT1631 scFV	Homo sapiens; Severe acute respiratory syndrome coronavirus 2	homo sapiens		severe acute respiratory syndrome coronavirus2 	Hansen, G., Ssebyatika, G.L., Krey, T.	2.05	X-RAY DIFFRACTION	0.217	0.196	True	True	unknown	unknown	unknown	None	None	None	None	None
8bg5	C	C	0	D	protein	NA	spike protein s1	PROTEIN BINDING	11/08/23	Crystal structure of the SARS-CoV-2 S RBD in complex with pT1631 scFV	Homo sapiens; Severe acute respiratory syndrome coronavirus 2	homo sapiens		severe acute respiratory syndrome coronavirus2 	Hansen, G., Ssebyatika, G.L., Krey, T.	2.05	X-RAY DIFFRACTION	0.217	0.196	True	True	unknown	unknown	unknown	None	None	None	None	None
8kgz	A	A	0	NA	NA	NA	NA	IMMUNE SYSTEM	11/08/23	Crystal structure of single-chain Fv antibody against antigen peptide from SARS-CoV2 S-spike protein	Escherichia coli (strain K12); Ovis aries	escherichia coli (strain k12), ovis aries			Ma, Q.Q., Zhang, B.L., Cheng, X.Y., Huang, Y.Q., Su, Z.D.	2.21	X-RAY DIFFRACTION	0.321	0.269	True	True	unknown	unknown	unknown	None	None	None	None	None
8kgz	B	B	0	NA	NA	NA	NA	IMMUNE SYSTEM	11/08/23	Crystal structure of single-chain Fv antibody against antigen peptide from SARS-CoV2 S-spike protein	Escherichia coli (strain K12); Ovis aries	escherichia coli (strain k12), ovis aries			Ma, Q.Q., Zhang, B.L., Cheng, X.Y., Huang, Y.Q., Su, Z.D.	2.21	X-RAY DIFFRACTION	0.321	0.269	True	True	unknown	unknown	unknown	None	None	None	None	None
8bec	A	A	0	B	protein	NA	spike protein s1	PROTEIN BINDING	11/01/23	Crystal structure of the SARS-CoV-2 S RBD in complex with pT1375 scFV	Homo sapiens; Severe acute respiratory syndrome coronavirus 2	homo sapiens		severe acute respiratory syndrome coronavirus2 	Hansen, G., Ssebyatika, G.L., Krey, T.	1.7	X-RAY DIFFRACTION	0.207	0.185	True	True	unknown	unknown	unknown	None	None	None	None	None
8bec	C	C	0	D	protein	NA	spike protein s1	PROTEIN BINDING	11/01/23	Crystal structure of the SARS-CoV-2 S RBD in complex with pT1375 scFV	Homo sapiens; Severe acute respiratory syndrome coronavirus 2	homo sapiens		severe acute respiratory syndrome coronavirus2 	Hansen, G., Ssebyatika, G.L., Krey, T.	1.7	X-RAY DIFFRACTION	0.207	0.185	True	True	unknown	unknown	unknown	None	None	None	None	None
4kv5	J	J	0	B	protein	NA	transforming growth factor beta-1 proprotein	IMMUNE SYSTEM	09/24/14	scFv GC1009 in complex with TGF-beta1.	Homo sapiens	homo sapiens		homo sapiens	Wei, R., Moulin, A.G., Mathieu, M.	3	X-RAY DIFFRACTION	0.300	0.229	True	True	unknown	unknown	unknown	None	None	None	None	None
4kv5	H	H	0	A	protein	NA	transforming growth factor beta-1 proprotein	IMMUNE SYSTEM	09/24/14	scFv GC1009 in complex with TGF-beta1.	Homo sapiens	homo sapiens		homo sapiens	Wei, R., Moulin, A.G., Mathieu, M.	3	X-RAY DIFFRACTION	0.300	0.229	True	True	unknown	unknown	unknown	None	None	None	None	None
4kv5	E	E	0	C	protein	NA	transforming growth factor beta-1 proprotein	IMMUNE SYSTEM	09/24/14	scFv GC1009 in complex with TGF-beta1.	Homo sapiens	homo sapiens		homo sapiens	Wei, R., Moulin, A.G., Mathieu, M.	3	X-RAY DIFFRACTION	0.300	0.229	True	True	unknown	unknown	unknown	None	None	None	None	None
4kv5	G	G	0	D	protein	NA	transforming growth factor beta-1 proprotein	IMMUNE SYSTEM	09/24/14	scFv GC1009 in complex with TGF-beta1.	Homo sapiens	homo sapiens		homo sapiens	Wei, R., Moulin, A.G., Mathieu, M.	3	X-RAY DIFFRACTION	0.300	0.229	True	True	unknown	unknown	unknown	None	None	None	None	None
8gpy	C	D	0	B	protein	NA	spike protein s1	VIRAL PROTEIN	06/28/23	Crystal structure of Omicron BA.4/5 RBD in complex with a neutralizing antibody scFv	Homo sapiens; Severe acute respiratory syndrome coronavirus 2	homo sapiens	homo sapiens	severe acute respiratory syndrome coronavirus2 	Gao, Y.X., Song, Z.D., Wang, W.M., Guo, Y.	2.51	X-RAY DIFFRACTION	0.251	0.215	True	True	IGHV3	IGLV2	Lambda	None	None	None	None	None
8gpy	E	F	0	A	protein	NA	spike protein s1	VIRAL PROTEIN	06/28/23	Crystal structure of Omicron BA.4/5 RBD in complex with a neutralizing antibody scFv	Homo sapiens; Severe acute respiratory syndrome coronavirus 2	homo sapiens	homo sapiens	severe acute respiratory syndrome coronavirus2 	Gao, Y.X., Song, Z.D., Wang, W.M., Guo, Y.	2.51	X-RAY DIFFRACTION	0.251	0.215	True	True	IGHV3	IGLV2	Lambda	None	None	None	None	None
8gho	A	B	0	C	peptide	NA	guanylyl cyclase c peptide	PROTEIN BINDING	08/30/23	GUCY2C-peptide bound to anti-GUCY2C-scFv antibody	Homo sapiens; SYNTHETIC CONSTRUCT	homo sapiens	homo sapiens	homo sapiens	Mosyak, L.	1.6	X-RAY DIFFRACTION	0.217	0.197	True	True	IGHV3	IGKV1	Kappa	None	None	None	None	None
8gho	H	L	0	G	peptide	NA	guanylyl cyclase c peptide	PROTEIN BINDING	08/30/23	GUCY2C-peptide bound to anti-GUCY2C-scFv antibody	Homo sapiens; SYNTHETIC CONSTRUCT	homo sapiens	homo sapiens	homo sapiens	Mosyak, L.	1.6	X-RAY DIFFRACTION	0.217	0.197	True	True	IGHV3	IGKV1	Kappa	None	None	None	None	None
8juh	A	A	0	NA	NA	NA	NA	IMMUNE SYSTEM	08/23/23	Crystal structure of ScFv against the receptor binding domine of SARS-CoV-2 S-spike protein	Ovis aries	ovis aries			Ma, Q.Q., Su, Z.D.	2.21	X-RAY DIFFRACTION	0.310	0.257	True	True	unknown	unknown	unknown	None	None	None	None	None
8juh	C	C	0	NA	NA	NA	NA	IMMUNE SYSTEM	08/23/23	Crystal structure of ScFv against the receptor binding domine of SARS-CoV-2 S-spike protein	Ovis aries	ovis aries			Ma, Q.Q., Su, Z.D.	2.21	X-RAY DIFFRACTION	0.310	0.257	True	True	unknown	unknown	unknown	None	None	None	None	None
8ezk	H	H	0	A	protein	NA	25 kda ookinete surface antigen	IMMUNE SYSTEM	08/16/23	Pfs25 in complex with transmission-reducing antibody AS01-04	Homo sapiens; Plasmodium falciparum (isolate NF54)	homo sapiens		plasmodium falciparum (isolate nf54)	Shukla, N., Tang, W.K., Tolia, N.H.	2.3	X-RAY DIFFRACTION	0.260	0.229	True	True	unknown	unknown	unknown	None	None	None	None	None
8ezk	I	I	0	B	protein	NA	25 kda ookinete surface antigen	IMMUNE SYSTEM	08/16/23	Pfs25 in complex with transmission-reducing antibody AS01-04	Homo sapiens; Plasmodium falciparum (isolate NF54)	homo sapiens		plasmodium falciparum (isolate nf54)	Shukla, N., Tang, W.K., Tolia, N.H.	2.3	X-RAY DIFFRACTION	0.260	0.229	True	True	unknown	unknown	unknown	None	None	None	None	None
8ezl	H	H	0	A	protein	NA	25 kda ookinete surface antigen	IMMUNE SYSTEM	08/16/23	Pfs25 in complex with transmission-reducing antibody AS01-50	Plasmodium falciparum NF54	plasmodium falciparum nf54		plasmodium falciparum nf54	Shukla, N., Tang, W.K., Tolia, N.H.	2.3	X-RAY DIFFRACTION	0.255	0.216	True	True	unknown	unknown	unknown	None	None	None	None	None
8ezm	H	H	0	A	protein	NA	25 kda ookinete surface antigen	IMMUNE SYSTEM	08/16/23	Pfs25 in complex with transmission-reducing antibody AS01-63	Homo sapiens; Plasmodium falciparum	homo sapiens		plasmodium falciparum	Shukla, N., Tang, W.K., Tolia, N.H.	2.1	X-RAY DIFFRACTION	0.237	0.205	True	True	unknown	unknown	unknown	None	None	None	None	None
8axh	H	H	0	A	peptide	NA	mucin-1 subunit alpha	IMMUNE SYSTEM	08/09/23	Crystal structure of a MUC1-like glycopeptide containing the unnatural L-4-hydroxynorvaline in complex with scFv-SM3	Mus musculus; SYNTHETIC CONSTRUCT	mus musculus		homo sapiens	Bermejo, I., Corzana, F., Hurtado-Guerrero, R.	1.85	X-RAY DIFFRACTION	0.206	0.167	True	True	unknown	unknown	unknown	None	None	None	None	None
8cge	A	A	0	NA	NA	NA	NA	METAL BINDING PROTEIN	08/09/23	The crystal structure of a cobalt-bound scFv reveals a Tetrameric polyHistidine motif (TetrHis)	synthetic construct	synthetic construct			Healey, R.D., Hoh, F., Granier, S., Leyrat, C.	2.5	X-RAY DIFFRACTION	0.248	0.190	True	True	unknown	unknown	unknown	None	None	None	None	None
8cge	B	B	0	NA	NA	NA	NA	METAL BINDING PROTEIN	08/09/23	The crystal structure of a cobalt-bound scFv reveals a Tetrameric polyHistidine motif (TetrHis)	synthetic construct	synthetic construct			Healey, R.D., Hoh, F., Granier, S., Leyrat, C.	2.5	X-RAY DIFFRACTION	0.248	0.190	True	True	unknown	unknown	unknown	None	None	None	None	None
8h3b	A	A	0	NA	NA	NA	NA	ANTIVIRAL PROTEIN	08/02/23	Crystal structure of antibody scFv against M2e Influenza peptide	Homo sapiens	homo sapiens			Kumar, U., Madni, Z.K., Gaur, V., Salunke, D.M.	2.75	X-RAY DIFFRACTION	0.215	0.181	True	True	unknown	unknown	unknown	None	None	None	None	None
8h3b	B	B	0	NA	NA	NA	NA	ANTIVIRAL PROTEIN	08/02/23	Crystal structure of antibody scFv against M2e Influenza peptide	Homo sapiens	homo sapiens			Kumar, U., Madni, Z.K., Gaur, V., Salunke, D.M.	2.75	X-RAY DIFFRACTION	0.215	0.181	True	True	unknown	unknown	unknown	None	None	None	None	None
8h73	D	D	0	NA	NA	NA	NA	ANTIVIRAL PROTEIN	08/02/23	Crystal structure of antibody scFv against M2e Influenza peptide	Homo sapiens	homo sapiens			Kumar, U., Madni, Z.K., Gaur, V., Salunke, D.M.	1.91	X-RAY DIFFRACTION	0.201	0.180	True	True	unknown	unknown	unknown	None	None	None	None	None
2ybr	A	B	0	C	protein	NA	beta-mammal toxin cn2	IMMUNE SYSTEM/TOXIN	04/13/11	Crystal structure of the human derived single chain antibody fragment (scFv) 9004G in complex with Cn2 toxin from the scorpion Centruroides noxius Hoffmann	CENTRUROIDES NOXIUS HOFFMANN; HOMO SAPIENS	homo sapiens	homo sapiens	centruroides noxius hoffmann	Canul-Tec, J.C., Riano-Umbarila, L., Rudino-Pinera, E., Becerril, B., Possani, L.D., Torres-Larios, A.	2.55	X-RAY DIFFRACTION	0.24673	0.19183	True	True	IGHV3	IGKV3	Kappa	None	None	None	None	None
2ybr	D	E	0	F	protein	NA	beta-mammal toxin cn2	IMMUNE SYSTEM/TOXIN	04/13/11	Crystal structure of the human derived single chain antibody fragment (scFv) 9004G in complex with Cn2 toxin from the scorpion Centruroides noxius Hoffmann	CENTRUROIDES NOXIUS HOFFMANN; HOMO SAPIENS	homo sapiens	homo sapiens	centruroides noxius hoffmann	Canul-Tec, J.C., Riano-Umbarila, L., Rudino-Pinera, E., Becerril, B., Possani, L.D., Torres-Larios, A.	2.55	X-RAY DIFFRACTION	0.24673	0.19183	True	True	IGHV3	IGKV3	Kappa	None	None	None	None	None
2ybr	G	H	0	I	protein	NA	beta-mammal toxin cn2	IMMUNE SYSTEM/TOXIN	04/13/11	Crystal structure of the human derived single chain antibody fragment (scFv) 9004G in complex with Cn2 toxin from the scorpion Centruroides noxius Hoffmann	CENTRUROIDES NOXIUS HOFFMANN; HOMO SAPIENS	homo sapiens	homo sapiens	centruroides noxius hoffmann	Canul-Tec, J.C., Riano-Umbarila, L., Rudino-Pinera, E., Becerril, B., Possani, L.D., Torres-Larios, A.	2.55	X-RAY DIFFRACTION	0.24673	0.19183	True	True	IGHV3	IGKV3	Kappa	None	None	None	None	None
5xj4	H	L	0	A	protein	NA	programmed cell death 1 ligand 1	IMMUNE SYSTEM	04/25/18	Complex structure of durvalumab-scFv/PD-L1	Homo sapiens	homo sapiens	homo sapiens	homo sapiens	Tan, S., Liu, K., Chai, Y., Gao, G.F., Qi, J.	2.3	X-RAY DIFFRACTION	0.240	0.216	True	True	IGHV3	IGKV3	Kappa	None	None	None	None	None
4lar	H	H	0	h	Hapten	1WE	(2S)-1-phenylpropan-2-amine	IMMUNE SYSTEM	12/11/13	Crystal structure of a therapeutic single chain antibody in complex with amphetamine	Mus musculus	mus musculus			Celical, R., Gokulan, K., Peterson, E.C., Varughese, K.I.	2.38	X-RAY DIFFRACTION	0.293	0.215	True	True	unknown	unknown	unknown	None	None	None	None	None
4ffy	H	L	0	A	protein	NA	envelope glycoprotein	IMMUNE SYSTEM/VIRAL PROTEIN	06/20/12	Crystal structure of DENV1-E111 single chain variable fragment bound to DENV-1 DIII, strain 16007.	Dengue virus 1; Mus musculus	mus musculus	mus musculus	dengue virus 1	Austin, S.K., Nelson, C.A., Fremont, D.H., Center for Structural Genomics of Infectious Diseases (CSGID)	2.5	X-RAY DIFFRACTION	0.229	0.174	True	True	IGHV1	IGKV3	Kappa	None	None	None	None	None
1mfa	H	L	0	A	carbohydrate	MMA	O1-METHYL-MANNOSE	IMMUNOGLOBULIN	01/31/94	STRUCTURE OF A SINGLE-CHAIN FV FRAGMENT COMPLEXED WITH A CARBOHYDRATE ANTIGEN AT 1.7 ANGSTROMS RESOLUTION	Mus musculus	mus musculus	mus musculus		Zdanov, A., Cygler, M.	1.7	X-RAY DIFFRACTION	unknown	0.166	True	True	IGHV1	IGLV1	Lambda	None	None	None	None	None
8dzv	A	A	0	C	peptide	NA	ctni peptide	PROTEIN BINDING	07/26/23	Chicken anti-cardiac Troponin I antibody in complex with peptide	Gallus gallus; SYNTHETIC CONSTRUCT	gallus gallus		homo sapiens	Conroy, P.J., Law, H.P.	1.2	X-RAY DIFFRACTION	0.174	0.161	True	True	unknown	unknown	unknown	None	None	None	None	None
7y8j	H	L	0	A	peptide	NA	spike protein s2'	ANTIMICROBIAL PROTEIN/IMMUNE SYSTEM	07/12/23	3D1 in complex with 6-mer HR1 peptide from SARS-CoV-2	Homo sapiens; Severe acute respiratory syndrome coronavirus 2	homo sapiens	homo sapiens	severe acute respiratory syndrome coronavirus2 	Lei, Y.	1.03	X-RAY DIFFRACTION	0.145	0.134	False	True	IGHV7	IGLV2	Lambda	None	None	None	None	None
7yd3	H	L	0	NA	NA	NA	NA	ANTIMICROBIAL PROTEIN	07/05/23	Single-chain variable fragment of app 3D1 antibody	Homo sapiens	homo sapiens	homo sapiens		Yan, L., Yang, G.	2.16	X-RAY DIFFRACTION	0.254	0.217	False	True	IGHV7	IGLV2	Lambda	None	None	None	None	None
7yd3	A	B	0	NA	NA	NA	NA	ANTIMICROBIAL PROTEIN	07/05/23	Single-chain variable fragment of app 3D1 antibody	Homo sapiens	homo sapiens	homo sapiens		Yan, L., Yang, G.	2.16	X-RAY DIFFRACTION	0.254	0.217	False	True	IGHV7	IGLV2	Lambda	None	None	None	None	None
7yd3	C	D	0	NA	NA	NA	NA	ANTIMICROBIAL PROTEIN	07/05/23	Single-chain variable fragment of app 3D1 antibody	Homo sapiens	homo sapiens	homo sapiens		Yan, L., Yang, G.	2.16	X-RAY DIFFRACTION	0.254	0.217	False	True	IGHV7	IGLV2	Lambda	None	None	None	None	None
7yd3	E	F	0	NA	NA	NA	NA	ANTIMICROBIAL PROTEIN	07/05/23	Single-chain variable fragment of app 3D1 antibody	Homo sapiens	homo sapiens	homo sapiens		Yan, L., Yang, G.	2.16	X-RAY DIFFRACTION	0.254	0.217	False	True	IGHV7	IGLV2	Lambda	None	None	None	None	None
8dgr	A	A	0	NA	NA	NA	NA	IMMUNE SYSTEM	07/05/23	Crystal Structure of scFv(F8) Antibody Fragment	Artichoke mottled crinkle virus	artichoke mottled crinkle virus			Mrozek, A., Park, H.W.	1.56	X-RAY DIFFRACTION	0.195	0.175	True	True	unknown	unknown	unknown	None	None	None	None	None
8cz8	C	C	0	E	protein	NA	mesothelin, cleaved form	ANTITUMOR PROTEIN	06/07/23	Novel Anti-Mesothelin Antibodies Enable Crystallography of the Intact Mesothelin Ectodo- main and Engineering of Potent, T cell-engaging Bispecific Therapeutics	Homo sapiens	homo sapiens		homo sapiens	Bandaranayake, A.D., Rupert, P.B., Lin, I., Pilat, K., Ruff, R.O., Friend, D.J., Chan, M.K., Clarke, M., Carter, J., Meshinchi, S., Mehlin, C., Olson, J.M., Strong, R.K., Correnti, C.E.	2.6	X-RAY DIFFRACTION	0.224	0.190	True	True	unknown	unknown	unknown	None	None	None	None	None
8cz8	D	D	0	E	protein	NA	mesothelin, cleaved form	ANTITUMOR PROTEIN	06/07/23	Novel Anti-Mesothelin Antibodies Enable Crystallography of the Intact Mesothelin Ectodo- main and Engineering of Potent, T cell-engaging Bispecific Therapeutics	Homo sapiens	homo sapiens		homo sapiens	Bandaranayake, A.D., Rupert, P.B., Lin, I., Pilat, K., Ruff, R.O., Friend, D.J., Chan, M.K., Clarke, M., Carter, J., Meshinchi, S., Mehlin, C., Olson, J.M., Strong, R.K., Correnti, C.E.	2.6	X-RAY DIFFRACTION	0.224	0.190	True	True	unknown	unknown	unknown	None	None	None	None	None
8cz8	A	A	0	M	protein	NA	mesothelin, cleaved form	ANTITUMOR PROTEIN	06/07/23	Novel Anti-Mesothelin Antibodies Enable Crystallography of the Intact Mesothelin Ectodo- main and Engineering of Potent, T cell-engaging Bispecific Therapeutics	Homo sapiens	homo sapiens		homo sapiens	Bandaranayake, A.D., Rupert, P.B., Lin, I., Pilat, K., Ruff, R.O., Friend, D.J., Chan, M.K., Clarke, M., Carter, J., Meshinchi, S., Mehlin, C., Olson, J.M., Strong, R.K., Correnti, C.E.	2.6	X-RAY DIFFRACTION	0.224	0.190	True	True	unknown	unknown	unknown	None	None	None	None	None
8cz8	B	B	0	M	protein	NA	mesothelin, cleaved form	ANTITUMOR PROTEIN	06/07/23	Novel Anti-Mesothelin Antibodies Enable Crystallography of the Intact Mesothelin Ectodo- main and Engineering of Potent, T cell-engaging Bispecific Therapeutics	Homo sapiens	homo sapiens		homo sapiens	Bandaranayake, A.D., Rupert, P.B., Lin, I., Pilat, K., Ruff, R.O., Friend, D.J., Chan, M.K., Clarke, M., Carter, J., Meshinchi, S., Mehlin, C., Olson, J.M., Strong, R.K., Correnti, C.E.	2.6	X-RAY DIFFRACTION	0.224	0.190	True	True	unknown	unknown	unknown	None	None	None	None	None
8hn6	A	B	0	E	protein	NA	spike protein s1	VIRAL PROTEIN/IMMUNE SYSTEM	05/17/23	Crystal structure of monoclonal antibody complexed with SARS-CoV-2 RBD	Homo sapiens; Severe acute respiratory syndrome coronavirus 2	homo sapiens	homo sapiens	severe acute respiratory syndrome coronavirus2 	Qi, J., Chen, Y.	2.07	X-RAY DIFFRACTION	0.214	0.192	False	True	IGHV3	IGKV1	Kappa	None	None	None	None	None
8hn6	C	D	0	F	protein	NA	spike protein s1	VIRAL PROTEIN/IMMUNE SYSTEM	05/17/23	Crystal structure of monoclonal antibody complexed with SARS-CoV-2 RBD	Homo sapiens; Severe acute respiratory syndrome coronavirus 2	homo sapiens	homo sapiens	severe acute respiratory syndrome coronavirus2 	Qi, J., Chen, Y.	2.07	X-RAY DIFFRACTION	0.214	0.192	False	True	IGHV3	IGKV1	Kappa	None	None	None	None	None
8dy0	A	A	0	NA	NA	NA	NA	IMMUNE SYSTEM	05/03/23	Crystal Structure of spFv GLK1 HL	Homo sapiens	homo sapiens			Luo, J., Boucher, L.E.	2.1	X-RAY DIFFRACTION	0.224	0.182	True	True	unknown	unknown	unknown	None	None	None	None	None
8dy0	B	B	0	NA	NA	NA	NA	IMMUNE SYSTEM	05/03/23	Crystal Structure of spFv GLK1 HL	Homo sapiens	homo sapiens			Luo, J., Boucher, L.E.	2.1	X-RAY DIFFRACTION	0.224	0.182	True	True	unknown	unknown	unknown	None	None	None	None	None
8dy1	C	C	0	A	protein	NA	interleukin-17a	IMMUNE SYSTEM	05/03/23	Crystal Structure of scFv CAT2200 LH in complex with IL-17A	Homo sapiens	homo sapiens		homo sapiens	Luo, J., Armstrong, A.A.	2.68	X-RAY DIFFRACTION	0.268	0.221	True	True	unknown	unknown	unknown	None	None	None	None	None
8dy1	D	D	0	B	protein	NA	interleukin-17a	IMMUNE SYSTEM	05/03/23	Crystal Structure of scFv CAT2200 LH in complex with IL-17A	Homo sapiens	homo sapiens		homo sapiens	Luo, J., Armstrong, A.A.	2.68	X-RAY DIFFRACTION	0.268	0.221	True	True	unknown	unknown	unknown	None	None	None	None	None
8dy2	A	A	0	NA	NA	NA	NA	IMMUNE SYSTEM	05/03/23	Crystal Structure of spFv GLK1	Homo sapiens	homo sapiens			Luo, J., Boucher, L.E.	1.65	X-RAY DIFFRACTION	0.246	0.215	True	True	unknown	unknown	unknown	None	None	None	None	None
8dy2	B	B	0	NA	NA	NA	NA	IMMUNE SYSTEM	05/03/23	Crystal Structure of spFv GLK1	Homo sapiens	homo sapiens			Luo, J., Boucher, L.E.	1.65	X-RAY DIFFRACTION	0.246	0.215	True	True	unknown	unknown	unknown	None	None	None	None	None
8dy2	C	C	0	NA	NA	NA	NA	IMMUNE SYSTEM	05/03/23	Crystal Structure of spFv GLK1	Homo sapiens	homo sapiens			Luo, J., Boucher, L.E.	1.65	X-RAY DIFFRACTION	0.246	0.215	True	True	unknown	unknown	unknown	None	None	None	None	None
8dy2	D	D	0	NA	NA	NA	NA	IMMUNE SYSTEM	05/03/23	Crystal Structure of spFv GLK1	Homo sapiens	homo sapiens			Luo, J., Boucher, L.E.	1.65	X-RAY DIFFRACTION	0.246	0.215	True	True	unknown	unknown	unknown	None	None	None	None	None
8dy3	A	A	0	NA	NA	NA	NA	IMMUNE SYSTEM	05/03/23	Crystal Structure of spFv GLK2 HL	Homo sapiens	homo sapiens			Luo, J., Boucher, L.E.	1.509	X-RAY DIFFRACTION	0.209	0.183	True	True	unknown	unknown	unknown	None	None	None	None	None
8dy4	A	A	0	NA	NA	NA	NA	IMMUNE SYSTEM	05/03/23	Crystal Structure of spFv CAT2200 HL	Homo sapiens	homo sapiens			Luo, J., Boucher, L.E.	2.4	X-RAY DIFFRACTION	0.328	0.262	True	True	unknown	unknown	unknown	None	None	None	None	None
8dy5	A	A	0	C	protein	NA	interleukin-17a	IMMUNE SYSTEM	05/03/23	Crystal Structure of spFv CAT2200 LH in complex with IL-17A	Homo sapiens	homo sapiens		homo sapiens	Luo, J., Boucher, L.E.	2.2	X-RAY DIFFRACTION	0.232	0.188	True	True	unknown	unknown	unknown	None	None	None	None	None
8dy5	B	B	0	D	protein	NA	interleukin-17a	IMMUNE SYSTEM	05/03/23	Crystal Structure of spFv CAT2200 LH in complex with IL-17A	Homo sapiens	homo sapiens		homo sapiens	Luo, J., Boucher, L.E.	2.2	X-RAY DIFFRACTION	0.232	0.188	True	True	unknown	unknown	unknown	None	None	None	None	None
7url	A	A	0	NA	NA	NA	NA	PEPTIDE BINDING PROTEIN	04/26/23	The crystal structure of anti-HIV_scFv	Mus musculus	mus musculus			Chen, S.H., Snow, C.D.	1.49	X-RAY DIFFRACTION	0.223	0.192	True	True	unknown	unknown	unknown	None	None	None	None	None
7url	B	B	0	NA	NA	NA	NA	PEPTIDE BINDING PROTEIN	04/26/23	The crystal structure of anti-HIV_scFv	Mus musculus	mus musculus			Chen, S.H., Snow, C.D.	1.49	X-RAY DIFFRACTION	0.223	0.192	True	True	unknown	unknown	unknown	None	None	None	None	None
6vug	D	C	0	B	protein	NA	reverse transcriptase p51	PROTEIN BINDING	02/17/21	Diabody bound to a Reverse Transcriptase Aptamer Complex	Homo sapiens; Human immunodeficiency virus 1; Human immunodeficiency virus type 1	homo sapiens	homo sapiens	human immunodeficiency virus 1	Chesterman, C., Arnold, E.	3	X-RAY DIFFRACTION	0.255	0.202	False	True	IGHV3	IGKV1	Kappa	None	None	None	None	None
7u9e	B	B	0	A	protein	NA	gametocyte surface protein p230	CELL INVASION	02/15/23	Pfs230 D1 domain in complex with 230AL-26	Homo sapiens; Plasmodium falciparum	homo sapiens		plasmodium falciparum	Tang, W.K., Tolia, N.H.	2.39	X-RAY DIFFRACTION	0.269	0.225	True	True	unknown	unknown	unknown	None	None	None	None	None
7u9e	H	H	0	A	protein	NA	gametocyte surface protein p230	CELL INVASION	02/15/23	Pfs230 D1 domain in complex with 230AL-26	Homo sapiens; Plasmodium falciparum	homo sapiens		plasmodium falciparum	Tang, W.K., Tolia, N.H.	2.39	X-RAY DIFFRACTION	0.269	0.225	True	True	unknown	unknown	unknown	None	None	None	None	None
7u9w	H	H	0	A	protein	NA	gametocyte surface protein p230	CELL INVASION	02/15/23	Pfs230 D1 domain in complex with 230AS-88	Homo sapiens; Plasmodium falciparum	homo sapiens		plasmodium falciparum	Tang, W.K., Tolia, N.H.	2.79	X-RAY DIFFRACTION	0.255	0.224	True	True	unknown	unknown	unknown	None	None	None	None	None
7ua2	B	B	0	A	protein	NA	gametocyte surface protein p230	CELL INVASION	02/15/23	Pfs230 D1 domain in complex with 230AL-18	Homo sapiens; Plasmodium falciparum	homo sapiens		plasmodium falciparum	Tang, W.K., Tolia, N.H.	2.19	X-RAY DIFFRACTION	0.256	0.222	True	True	unknown	unknown	unknown	None	None	None	None	None
7ua2	H	H	0	A	protein	NA	gametocyte surface protein p230	CELL INVASION	02/15/23	Pfs230 D1 domain in complex with 230AL-18	Homo sapiens; Plasmodium falciparum	homo sapiens		plasmodium falciparum	Tang, W.K., Tolia, N.H.	2.19	X-RAY DIFFRACTION	0.256	0.222	True	True	unknown	unknown	unknown	None	None	None	None	None
7ua8	H	H	0	A	protein	NA	gametocyte surface protein p230	CELL INVASION	02/15/23	Pfs230 D1 domain in complex with 230AL-20	Homo sapiens; Plasmodium falciparum	homo sapiens		plasmodium falciparum	Tang, W.K., Tolia, N.H.	2.8	X-RAY DIFFRACTION	0.274	0.249	True	True	unknown	unknown	unknown	None	None	None	None	None
7ua8	I	I	0	B	protein	NA	gametocyte surface protein p230	CELL INVASION	02/15/23	Pfs230 D1 domain in complex with 230AL-20	Homo sapiens; Plasmodium falciparum	homo sapiens		plasmodium falciparum	Tang, W.K., Tolia, N.H.	2.8	X-RAY DIFFRACTION	0.274	0.249	True	True	unknown	unknown	unknown	None	None	None	None	None
7ubs	H	H	0	A	protein	NA	gametocyte surface protein p230	CELL INVASION	02/15/23	Pfs230 D1 domain in complex with 230AS-26	Homo sapiens; Plasmodium falciparum	homo sapiens		plasmodium falciparum	Tang, W.K., Tolia, N.H.	2.5	X-RAY DIFFRACTION	0.250	0.209	True	True	unknown	unknown	unknown	None	None	None	None	None
7ubs	I	I	0	B	protein	NA	gametocyte surface protein p230	CELL INVASION	02/15/23	Pfs230 D1 domain in complex with 230AS-26	Homo sapiens; Plasmodium falciparum	homo sapiens		plasmodium falciparum	Tang, W.K., Tolia, N.H.	2.5	X-RAY DIFFRACTION	0.250	0.209	True	True	unknown	unknown	unknown	None	None	None	None	None
7ubs	J	J	0	C	protein	NA	gametocyte surface protein p230	CELL INVASION	02/15/23	Pfs230 D1 domain in complex with 230AS-26	Homo sapiens; Plasmodium falciparum	homo sapiens		plasmodium falciparum	Tang, W.K., Tolia, N.H.	2.5	X-RAY DIFFRACTION	0.250	0.209	True	True	unknown	unknown	unknown	None	None	None	None	None
7ubs	K	K	0	D	protein	NA	gametocyte surface protein p230	CELL INVASION	02/15/23	Pfs230 D1 domain in complex with 230AS-26	Homo sapiens; Plasmodium falciparum	homo sapiens		plasmodium falciparum	Tang, W.K., Tolia, N.H.	2.5	X-RAY DIFFRACTION	0.250	0.209	True	True	unknown	unknown	unknown	None	None	None	None	None
7uc8	H	H	0	A	protein	NA	gametocyte surface protein p230	CELL INVASION	02/15/23	Pfs230 D1 domain in complex with 230AS-73	Homo sapiens; Plasmodium falciparum	homo sapiens		plasmodium falciparum	Tang, W.K., Tolia, N.H.	2.9	X-RAY DIFFRACTION	0.252	0.215	True	True	unknown	unknown	unknown	None	None	None	None	None
7uc8	I	I	0	B	protein	NA	gametocyte surface protein p230	CELL INVASION	02/15/23	Pfs230 D1 domain in complex with 230AS-73	Homo sapiens; Plasmodium falciparum	homo sapiens		plasmodium falciparum	Tang, W.K., Tolia, N.H.	2.9	X-RAY DIFFRACTION	0.252	0.215	True	True	unknown	unknown	unknown	None	None	None	None	None
7uc8	J	J	0	C	protein	NA	gametocyte surface protein p230	CELL INVASION	02/15/23	Pfs230 D1 domain in complex with 230AS-73	Homo sapiens; Plasmodium falciparum	homo sapiens		plasmodium falciparum	Tang, W.K., Tolia, N.H.	2.9	X-RAY DIFFRACTION	0.252	0.215	True	True	unknown	unknown	unknown	None	None	None	None	None
7ucq	H	H	0	A	protein	NA	gametocyte surface protein p230	CELL INVASION	02/15/23	Pfs230 D1 domain in complex with 230AS-18	Homo sapiens; Plasmodium falciparum	homo sapiens		plasmodium falciparum	Tang, W.K., Tolia, N.H.	2.5	X-RAY DIFFRACTION	0.248	0.204	True	True	unknown	unknown	unknown	None	None	None	None	None
7ucq	I	I	0	B	protein	NA	gametocyte surface protein p230	CELL INVASION	02/15/23	Pfs230 D1 domain in complex with 230AS-18	Homo sapiens; Plasmodium falciparum	homo sapiens		plasmodium falciparum	Tang, W.K., Tolia, N.H.	2.5	X-RAY DIFFRACTION	0.248	0.204	True	True	unknown	unknown	unknown	None	None	None	None	None
7ucq	J	J	0	C	protein	NA	gametocyte surface protein p230	CELL INVASION	02/15/23	Pfs230 D1 domain in complex with 230AS-18	Homo sapiens; Plasmodium falciparum	homo sapiens		plasmodium falciparum	Tang, W.K., Tolia, N.H.	2.5	X-RAY DIFFRACTION	0.248	0.204	True	True	unknown	unknown	unknown	None	None	None	None	None
7ucq	K	K	0	D	protein	NA	gametocyte surface protein p230	CELL INVASION	02/15/23	Pfs230 D1 domain in complex with 230AS-18	Homo sapiens; Plasmodium falciparum	homo sapiens		plasmodium falciparum	Tang, W.K., Tolia, N.H.	2.5	X-RAY DIFFRACTION	0.248	0.204	True	True	unknown	unknown	unknown	None	None	None	None	None
7ufw	H	H	0	A	protein	NA	gametocyte surface protein p230	CELL INVASION	02/15/23	Pfs230 D1D2 in complex with LMIV230-01	Homo sapiens; Plasmodium falciparum	homo sapiens		plasmodium falciparum	Tang, W.K., Tolia, N.H.	2.1	X-RAY DIFFRACTION	0.213	0.190	True	True	unknown	unknown	unknown	None	None	None	None	None
7ufw	I	I	0	B	protein	NA	gametocyte surface protein p230	CELL INVASION	02/15/23	Pfs230 D1D2 in complex with LMIV230-01	Homo sapiens; Plasmodium falciparum	homo sapiens		plasmodium falciparum	Tang, W.K., Tolia, N.H.	2.1	X-RAY DIFFRACTION	0.213	0.190	True	True	unknown	unknown	unknown	None	None	None	None	None










7pa6	K	K	0	A	protein	NA	unknown	VIRAL PROTEIN	01/08/09	JC polyomavirus VP1 in complex with scFv 27C11	Homo sapiens; JC polyomavirus				Harprecht, C., Stroeh, L.J., Nagel, F., Freytag, J., Stehle, T.	1.9	X-RAY DIFFRACTION	0.216	0.184	True	True	unknown	unknown	unknown	None	None	None	None	None
7pa6	L	L	0	B	protein	NA	unknown	VIRAL PROTEIN	01/08/09	JC polyomavirus VP1 in complex with scFv 27C11	Homo sapiens; JC polyomavirus				Harprecht, C., Stroeh, L.J., Nagel, F., Freytag, J., Stehle, T.	1.9	X-RAY DIFFRACTION	0.216	0.184	True	True	unknown	unknown	unknown	None	None	None	None	None
7pa6	M	M	0	C	protein	NA	unknown	VIRAL PROTEIN	01/08/09	JC polyomavirus VP1 in complex with scFv 27C11	Homo sapiens; JC polyomavirus				Harprecht, C., Stroeh, L.J., Nagel, F., Freytag, J., Stehle, T.	1.9	X-RAY DIFFRACTION	0.216	0.184	True	True	unknown	unknown	unknown	None	None	None	None	None
7pa6	N	N	0	D	protein	NA	unknown	VIRAL PROTEIN	01/08/09	JC polyomavirus VP1 in complex with scFv 27C11	Homo sapiens; JC polyomavirus				Harprecht, C., Stroeh, L.J., Nagel, F., Freytag, J., Stehle, T.	1.9	X-RAY DIFFRACTION	0.216	0.184	True	True	unknown	unknown	unknown	None	None	None	None	None
7pa6	O	O	0	E	protein	NA	unknown	VIRAL PROTEIN	01/08/09	JC polyomavirus VP1 in complex with scFv 27C11	Homo sapiens; JC polyomavirus				Harprecht, C., Stroeh, L.J., Nagel, F., Freytag, J., Stehle, T.	1.9	X-RAY DIFFRACTION	0.216	0.184	True	True	unknown	unknown	unknown	None	None	None	None	None
7pa6	P	P	0	F	protein	NA	unknown	VIRAL PROTEIN	01/08/09	JC polyomavirus VP1 in complex with scFv 27C11	Homo sapiens; JC polyomavirus				Harprecht, C., Stroeh, L.J., Nagel, F., Freytag, J., Stehle, T.	1.9	X-RAY DIFFRACTION	0.216	0.184	True	True	unknown	unknown	unknown	None	None	None	None	None
7pa6	Q	Q	0	G	protein	NA	unknown	VIRAL PROTEIN	01/08/09	JC polyomavirus VP1 in complex with scFv 27C11	Homo sapiens; JC polyomavirus				Harprecht, C., Stroeh, L.J., Nagel, F., Freytag, J., Stehle, T.	1.9	X-RAY DIFFRACTION	0.216	0.184	True	True	unknown	unknown	unknown	None	None	None	None	None
7pa6	R	R	0	H	protein	NA	unknown	VIRAL PROTEIN	01/08/09	JC polyomavirus VP1 in complex with scFv 27C11	Homo sapiens; JC polyomavirus				Harprecht, C., Stroeh, L.J., Nagel, F., Freytag, J., Stehle, T.	1.9	X-RAY DIFFRACTION	0.216	0.184	True	True	unknown	unknown	unknown	None	None	None	None	None
7pa6	S	S	0	I	protein	NA	unknown	VIRAL PROTEIN	01/08/09	JC polyomavirus VP1 in complex with scFv 27C11	Homo sapiens; JC polyomavirus				Harprecht, C., Stroeh, L.J., Nagel, F., Freytag, J., Stehle, T.	1.9	X-RAY DIFFRACTION	0.216	0.184	True	True	unknown	unknown	unknown	None	None	None	None	None
7pa6	T	T	0	J	protein	NA	unknown	VIRAL PROTEIN	01/08/09	JC polyomavirus VP1 in complex with scFv 27C11	Homo sapiens; JC polyomavirus				Harprecht, C., Stroeh, L.J., Nagel, F., Freytag, J., Stehle, T.	1.9	X-RAY DIFFRACTION	0.216	0.184	True	True	unknown	unknown	unknown	None	None	None	None	None
7yue	A	A	0	C	peptide	NA	spike protein s2	ANTIVIRAL PROTEIN	02/08/23	Epitope-directed anti-SARS CoV 2 scFv engineered against the key spike protein region.	Homo sapiens; SYNTHETIC CONSTRUCT	homo sapiens		severe acute respiratory syndrome coronavirus2 	Kumar, U., Jaiswal, D., Gaur, V., Salunke, D.M.	2.35	X-RAY DIFFRACTION	0.232	0.179	True	True	unknown	unknown	unknown	None	None	None	None	None
7wqv	B	B	0	A	protein	NA	spike protein s1	VIRAL PROTEIN	01/25/23	Crystal structure of a neutralizing monoclonal antibody (Ab08) in complex with SARS-CoV-2 receptor-binding domain (RBD)	Homo sapiens; Severe acute respiratory syndrome coronavirus 2	homo sapiens		severe acute respiratory syndrome coronavirus2 	Zha, J., Meng, L., Zhang, X., Li, D.	2.8	X-RAY DIFFRACTION	0.251	0.220	True	True	unknown	unknown	unknown	None	None	None	None	None
7wqv	D	D	0	C	protein	NA	spike protein s1	VIRAL PROTEIN	01/25/23	Crystal structure of a neutralizing monoclonal antibody (Ab08) in complex with SARS-CoV-2 receptor-binding domain (RBD)	Homo sapiens; Severe acute respiratory syndrome coronavirus 2	homo sapiens		severe acute respiratory syndrome coronavirus2 	Zha, J., Meng, L., Zhang, X., Li, D.	2.8	X-RAY DIFFRACTION	0.251	0.220	True	True	unknown	unknown	unknown	None	None	None	None	None
7wqv	F	F	0	E	protein	NA	spike protein s1	VIRAL PROTEIN	01/25/23	Crystal structure of a neutralizing monoclonal antibody (Ab08) in complex with SARS-CoV-2 receptor-binding domain (RBD)	Homo sapiens; Severe acute respiratory syndrome coronavirus 2	homo sapiens		severe acute respiratory syndrome coronavirus2 	Zha, J., Meng, L., Zhang, X., Li, D.	2.8	X-RAY DIFFRACTION	0.251	0.220	True	True	unknown	unknown	unknown	None	None	None	None	None
7wqv	H	H	0	G	protein	NA	spike protein s1	VIRAL PROTEIN	01/25/23	Crystal structure of a neutralizing monoclonal antibody (Ab08) in complex with SARS-CoV-2 receptor-binding domain (RBD)	Homo sapiens; Severe acute respiratory syndrome coronavirus 2	homo sapiens		severe acute respiratory syndrome coronavirus2 	Zha, J., Meng, L., Zhang, X., Li, D.	2.8	X-RAY DIFFRACTION	0.251	0.220	True	True	unknown	unknown	unknown	None	None	None	None	None
7wqv	J	J	0	I	protein	NA	spike protein s1	VIRAL PROTEIN	01/25/23	Crystal structure of a neutralizing monoclonal antibody (Ab08) in complex with SARS-CoV-2 receptor-binding domain (RBD)	Homo sapiens; Severe acute respiratory syndrome coronavirus 2	homo sapiens		severe acute respiratory syndrome coronavirus2 	Zha, J., Meng, L., Zhang, X., Li, D.	2.8	X-RAY DIFFRACTION	0.251	0.220	True	True	unknown	unknown	unknown	None	None	None	None	None
7wqv	L	L	0	K	protein	NA	spike protein s1	VIRAL PROTEIN	01/25/23	Crystal structure of a neutralizing monoclonal antibody (Ab08) in complex with SARS-CoV-2 receptor-binding domain (RBD)	Homo sapiens; Severe acute respiratory syndrome coronavirus 2	homo sapiens		severe acute respiratory syndrome coronavirus2 	Zha, J., Meng, L., Zhang, X., Li, D.	2.8	X-RAY DIFFRACTION	0.251	0.220	True	True	unknown	unknown	unknown	None	None	None	None	None
7wqv	N	N	0	M	protein	NA	spike protein s1	VIRAL PROTEIN	01/25/23	Crystal structure of a neutralizing monoclonal antibody (Ab08) in complex with SARS-CoV-2 receptor-binding domain (RBD)	Homo sapiens; Severe acute respiratory syndrome coronavirus 2	homo sapiens		severe acute respiratory syndrome coronavirus2 	Zha, J., Meng, L., Zhang, X., Li, D.	2.8	X-RAY DIFFRACTION	0.251	0.220	True	True	unknown	unknown	unknown	None	None	None	None	None
7wqv	P	P	0	O	protein	NA	spike protein s1	VIRAL PROTEIN	01/25/23	Crystal structure of a neutralizing monoclonal antibody (Ab08) in complex with SARS-CoV-2 receptor-binding domain (RBD)	Homo sapiens; Severe acute respiratory syndrome coronavirus 2	homo sapiens		severe acute respiratory syndrome coronavirus2 	Zha, J., Meng, L., Zhang, X., Li, D.	2.8	X-RAY DIFFRACTION	0.251	0.220	True	True	unknown	unknown	unknown	None	None	None	None	None
7wvg	C	D	0	B | A	protein | protein	NA | NA	hemagglutinin | hemagglutinin	VIRUS	01/18/23	Crystal structure of H18 complexed with SIA28	Homo sapiens; Influenza A virus	homo sapiens	homo sapiens	influenza a virus | influenza a virus	Chen, Y., Qi, J., Gao, G.F.	2.6	X-RAY DIFFRACTION	0.224	0.212	False	True	IGHV3	IGKV1	Kappa	None	None	None	None	None
8gv7	C	D	0	B | A	protein | protein	NA | NA	hemagglutinin h18-ha2 | hemagglutinin h18-ha1	VIRAL PROTEIN/IMMUNE SYSTEM	12/21/22	Crystal structure of PN-SIA28 in complex with influenza hemagglutinin H18 A/flat-faced bat/Peru/033/2010	Homo sapiens; Influenza A virus (A/flat-faced bat/Peru/033/2010(H18N11))	homo sapiens	homo sapiens	influenza a virus (a/flat-facedbat/peru/033/2010(h18n11))  | influenza a virus (a/flat-facedbat/peru/033/2010(h18n11)) 	Chen, Y., Song, H., Qi, J., Gao, G.F.	2.6	X-RAY DIFFRACTION	0.222	0.209	False	True	IGHV3	IGKV1	Kappa	None	None	None	None	None
7df1	H	L	0	D	protein	NA	4f2 cell-surface antigen heavy chain	ANTITUMOR PROTEIN	12/07/22	Crystal structure of human CD98 heavy chain extracellular domain in complex with S1-F4 scFv	Homo sapiens	homo sapiens	homo sapiens	homo sapiens	Liu, X., Ding, J., Sui, J., Tian, X.	2.806	X-RAY DIFFRACTION	0.249	0.217	False	True	IGHV1	IGKV4	Kappa	None	None	None	None	None
7df1	E	I	0	NA	NA	NA	NA	ANTITUMOR PROTEIN	12/07/22	Crystal structure of human CD98 heavy chain extracellular domain in complex with S1-F4 scFv	Homo sapiens	homo sapiens	homo sapiens		Liu, X., Ding, J., Sui, J., Tian, X.	2.806	X-RAY DIFFRACTION	0.249	0.217	False	True	IGHV1	IGKV4	Kappa	None	None	None	None	None
7df1	F	J	0	C	protein	NA	4f2 cell-surface antigen heavy chain	ANTITUMOR PROTEIN	12/07/22	Crystal structure of human CD98 heavy chain extracellular domain in complex with S1-F4 scFv	Homo sapiens	homo sapiens	homo sapiens	homo sapiens	Liu, X., Ding, J., Sui, J., Tian, X.	2.806	X-RAY DIFFRACTION	0.249	0.217	False	True	IGHV1	IGKV4	Kappa	None	None	None	None	None
7df1	G	K	0	D	protein	NA	4f2 cell-surface antigen heavy chain	ANTITUMOR PROTEIN	12/07/22	Crystal structure of human CD98 heavy chain extracellular domain in complex with S1-F4 scFv	Homo sapiens	homo sapiens	homo sapiens	homo sapiens	Liu, X., Ding, J., Sui, J., Tian, X.	2.806	X-RAY DIFFRACTION	0.249	0.217	False	True	IGHV1	IGKV4	Kappa	None	None	None	None	None
7w7q	A	A	0	NA	NA	NA	NA	IMMUNE SYSTEM	12/07/22	Crystal structure of 1F11S antibody(ScFv)	Mus musculus	mus musculus			Kim, B.-W., Park, J., Woo, J., Lee, W.-K.	1.96	X-RAY DIFFRACTION	0.277	0.224	True	True	unknown	unknown	unknown	None	None	None	None	None
7w7q	B	B	0	NA	NA	NA	NA	IMMUNE SYSTEM	12/07/22	Crystal structure of 1F11S antibody(ScFv)	Mus musculus	mus musculus			Kim, B.-W., Park, J., Woo, J., Lee, W.-K.	1.96	X-RAY DIFFRACTION	0.277	0.224	True	True	unknown	unknown	unknown	None	None	None	None	None
8dao	C	D	0	I	peptide	NA	spike protein s2 fusion peptide	IMMUNE SYSTEM	07/27/22	Crystal structure of SARS-CoV-2 spike stem fusion peptide in complex with neutralizing antibody COV44-79	Homo sapiens; SYNTHETIC CONSTRUCT	homo sapiens	homo sapiens	severe acute respiratory syndrome coronavirus2 	Lin, T.H., Lee, C.C.D., Yuan, M., Wilson, I.A.	2.8	X-RAY DIFFRACTION	0.284	0.231	False	True	IGHV3	IGKV1	Kappa	None	None	None	None	None
8dao	A	B	0	J	peptide	NA	spike protein s2 fusion peptide	IMMUNE SYSTEM	07/27/22	Crystal structure of SARS-CoV-2 spike stem fusion peptide in complex with neutralizing antibody COV44-79	Homo sapiens; SYNTHETIC CONSTRUCT	homo sapiens	homo sapiens	severe acute respiratory syndrome coronavirus2 	Lin, T.H., Lee, C.C.D., Yuan, M., Wilson, I.A.	2.8	X-RAY DIFFRACTION	0.284	0.231	False	True	IGHV3	IGKV1	Kappa	None	None	None	None	None
1moe	B	B	0	NA	NA	NA	NA	IMMUNE SYSTEM	09/09/02	The three-dimensional structure of an engineered scFv T84.66 dimer or diabody in VL to VH linkage.	MUS MUSCULUS	mus musculus			Carmichael, J.A., Power, B.E., Garrett, T.P.J., Yazaki, P.J., Shively, J.E., Raubischek, A.A., Wu, A.M., Hudson, P.J.	2.6	X-RAY DIFFRACTION	0.300	0.213	True	True	unknown	unknown	unknown	None	None	None	None	None
1moe	A	A	0	NA	NA	NA	NA	IMMUNE SYSTEM	09/09/02	The three-dimensional structure of an engineered scFv T84.66 dimer or diabody in VL to VH linkage.	MUS MUSCULUS	mus musculus			Carmichael, J.A., Power, B.E., Garrett, T.P.J., Yazaki, P.J., Shively, J.E., Raubischek, A.A., Wu, A.M., Hudson, P.J.	2.6	X-RAY DIFFRACTION	0.300	0.213	True	True	unknown	unknown	unknown	None	None	None	None	None
3duu	B	A	0	B	carbohydrate	KDO	3-DEOXY-D-MANNO-OCT-2-ULOSONIC ACID	IMMUNE SYSTEM	07/17/08	Crystal structure of SAG506-01, orthorhombic, twinned, crystal 2	MUS MUSCULUS	mus musculus	mus musculus	mus musculus	Brooks, C.L., Blackler, R.J., Gerstenbruch, S., Kosma, P., Muller-Loennies, S., Brade, H., Evans, S.V.	1.95	X-RAY DIFFRACTION	0.217	0.194	False	True	IGHV7	IGKV8	Kappa	None	None	None	None	None
3duu	D	C	0	D	carbohydrate	KDO	3-DEOXY-D-MANNO-OCT-2-ULOSONIC ACID	IMMUNE SYSTEM	07/17/08	Crystal structure of SAG506-01, orthorhombic, twinned, crystal 2	MUS MUSCULUS	mus musculus	mus musculus	mus musculus	Brooks, C.L., Blackler, R.J., Gerstenbruch, S., Kosma, P., Muller-Loennies, S., Brade, H., Evans, S.V.	1.95	X-RAY DIFFRACTION	0.217	0.194	False	True	IGHV7	IGKV8	Kappa	None	None	None	None	None
5gs3	H	H	0	NA	NA	NA	NA	IMMUNE SYSTEM	08/13/16	Crystal structure of diabody	HOMO SAPIENS	homo sapiens			Kim, J.H., Song, D.H., Youn, S.J., Kim, J.W., Cho, G., Lee, H., Lee, J.O.	1.698	X-RAY DIFFRACTION	0.211	0.192	True	True	unknown	unknown	unknown	None	None	None	None	None
5gs3	A	A	0	NA	NA	NA	NA	IMMUNE SYSTEM	08/13/16	Crystal structure of diabody	HOMO SAPIENS	homo sapiens			Kim, J.H., Song, D.H., Youn, S.J., Kim, J.W., Cho, G., Lee, H., Lee, J.O.	1.698	X-RAY DIFFRACTION	0.211	0.192	True	True	unknown	unknown	unknown	None	None	None	None	None
6k4z	A	A	0	a	Hapten	NPA	2-(4-HYDROXY-3-NITROPHENYL)ACETIC ACID	IMMUNE SYSTEM	05/27/19	Single-chain Fv antibody of C6 COMPLEXED WITH 2-(4-HYDROXY-3-NITROPHENYL)ACETIC ACID	MUS MUSCULUS	mus musculus			Nishiguchi, A., Numoto, N., Ito, N., Azuma, T., Oda, M.	1.65	X-RAY DIFFRACTION	0.196	0.167	True	True	unknown	unknown	unknown	None	None	None	None	None
6k4z	B	B	0	b	Hapten	NPA	2-(4-HYDROXY-3-NITROPHENYL)ACETIC ACID	IMMUNE SYSTEM	05/27/19	Single-chain Fv antibody of C6 COMPLEXED WITH 2-(4-HYDROXY-3-NITROPHENYL)ACETIC ACID	MUS MUSCULUS	mus musculus			Nishiguchi, A., Numoto, N., Ito, N., Azuma, T., Oda, M.	1.65	X-RAY DIFFRACTION	0.196	0.167	True	True	unknown	unknown	unknown	None	None	None	None	None
1vfb	B	A	0	C	protein	NA	hen egg white lysozyme	IMMUNOGLOBULIN/HYDROLASE(O-GLYCOSYL)	12/03/93	BOUND WATER MOLECULES AND CONFORMATIONAL STABILIZATION HELP MEDIATE AN ANTIGEN-ANTIBODY ASSOCIATION	MUS MUSCULUS; GALLUS GALLUS	mus musculus	mus musculus	gallus gallus	Bhat, T.N., Poljak, R.J.	1.8	X-RAY DIFFRACTION	unknown	0.185	False	True	IGHV2	IGKV12	Kappa	3.70E-09	-11.47	ITC	24	8302837
6kr0	D	D	0	NA	NA	NA	NA	IMMUNE SYSTEM	08/20/19	Crystal structure of HL homo-diabody	HOMO SAPIENS	homo sapiens			Tanaka, Y.	2.3	X-RAY DIFFRACTION	0.226	0.202	True	True	unknown	unknown	unknown	None	None	None	None	None
6kr0	C	C	0	NA	NA	NA	NA	IMMUNE SYSTEM	08/20/19	Crystal structure of HL homo-diabody	HOMO SAPIENS	homo sapiens			Tanaka, Y.	2.3	X-RAY DIFFRACTION	0.226	0.202	True	True	unknown	unknown	unknown	None	None	None	None	None
6kr0	A	A	0	NA	NA	NA	NA	IMMUNE SYSTEM	08/20/19	Crystal structure of HL homo-diabody	HOMO SAPIENS	homo sapiens			Tanaka, Y.	2.3	X-RAY DIFFRACTION	0.226	0.202	True	True	unknown	unknown	unknown	None	None	None	None	None
6kr0	B	B	0	NA	NA	NA	NA	IMMUNE SYSTEM	08/20/19	Crystal structure of HL homo-diabody	HOMO SAPIENS	homo sapiens			Tanaka, Y.	2.3	X-RAY DIFFRACTION	0.226	0.202	True	True	unknown	unknown	unknown	None	None	None	None	None
1oau	J	N	0	J	Hapten	DNF	2,4-DINITROPHENOL	IMMUNE SYSTEM	01/21/03	Fv Structure of the IgE SPE-7 in complex with DNP-Ser (immunising hapten)	MUS MUSCULUS	rattus rattus	rattus rattus	rattus rattus	James, L.C., Roversi, P., Tawfik, D.	1.8	X-RAY DIFFRACTION	0.264	0.226	False	True	IGHV1	IGLV1	Lambda	2.00E-08		Other	20	12610298
1oau	H	L	0	H	Hapten	DNF	2,4-DINITROPHENOL	IMMUNE SYSTEM	01/21/03	Fv Structure of the IgE SPE-7 in complex with DNP-Ser (immunising hapten)	MUS MUSCULUS	rattus rattus	rattus rattus	rattus rattus	James, L.C., Roversi, P., Tawfik, D.	1.8	X-RAY DIFFRACTION	0.264	0.226	False	True	IGHV1	IGLV1	Lambda	2.00E-08		Other	20	12610298
1oau	K	NA	0	NA	NA	NA	NA	IMMUNE SYSTEM	01/21/03	Fv Structure of the IgE SPE-7 in complex with DNP-Ser (immunising hapten)	MUS MUSCULUS	rattus rattus			James, L.C., Roversi, P., Tawfik, D.	1.8	X-RAY DIFFRACTION	0.264	0.226	False	True	IGHV1	NA	NA	2.00E-08		Other	20	12610298
1oau	NA	M	0	NA	NA	NA	NA	IMMUNE SYSTEM	01/21/03	Fv Structure of the IgE SPE-7 in complex with DNP-Ser (immunising hapten)	MUS MUSCULUS		rattus rattus		James, L.C., Roversi, P., Tawfik, D.	1.8	X-RAY DIFFRACTION	0.264	0.226	False	True	NA	IGLV1	Lambda	2.00E-08		Other	20	12610298
1oau	NA	O	0	NA	NA	NA	NA	IMMUNE SYSTEM	01/21/03	Fv Structure of the IgE SPE-7 in complex with DNP-Ser (immunising hapten)	MUS MUSCULUS		rattus rattus		James, L.C., Roversi, P., Tawfik, D.	1.8	X-RAY DIFFRACTION	0.264	0.226	False	True	NA	IGLV1	Lambda	2.00E-08		Other	20	12610298
1oau	I	NA	0	NA	NA	NA	NA	IMMUNE SYSTEM	01/21/03	Fv Structure of the IgE SPE-7 in complex with DNP-Ser (immunising hapten)	MUS MUSCULUS	rattus rattus			James, L.C., Roversi, P., Tawfik, D.	1.8	X-RAY DIFFRACTION	0.264	0.226	False	True	IGHV1	NA	NA	2.00E-08		Other	20	12610298
1qok	A	A	0	NA	NA	NA	NA	IMMUNOGLOBULIN	11/11/99	MFE-23 AN ANTI-CARCINOEMBRYONIC ANTIGEN SINGLE-CHAIN FV ANTIBODY	MUS MUSCULUS		mus musculus		Boehm, M.K., Corper, A.L., Wan, T., Sohi, M.K., Sutton, B.J., Thornton, J.D., Keep, P.A., Chester, K.A., Begent, R.H.J., Perkins, S.J.	2.4	X-RAY DIFFRACTION	0.267	0.205	True	True	unknown	unknown	unknown	None	None	None	None	None
5lbs	H	L	0	A	protein	NA	envelope protein e	IMMUNE SYSTEM-VIRAL PROTEIN	06/17/16	structural basis of Zika and Dengue virus potent antibody cross-neutralization	ZIKA VIRUS; HOMO SAPIENS	homo sapiens	homo sapiens	zika virus	VANEY, M.C., ROUVINSKI, A., BARBA-SPAETH, G., REY, F.A.	2.41	X-RAY DIFFRACTION	0.217	0.194	False	True	IGHV3	IGKV3	Kappa	None	None	None	None	None
5lbs	I	M	0	B	protein	NA	envelope protein e	IMMUNE SYSTEM-VIRAL PROTEIN	06/17/16	structural basis of Zika and Dengue virus potent antibody cross-neutralization	ZIKA VIRUS; HOMO SAPIENS	homo sapiens	homo sapiens	zika virus	VANEY, M.C., ROUVINSKI, A., BARBA-SPAETH, G., REY, F.A.	2.41	X-RAY DIFFRACTION	0.217	0.194	False	True	IGHV3	IGKV3	Kappa	None	None	None	None	None
1n4x	H	L	0	NA	NA	NA	NA	Immune system	11/02/02	Structure of scFv 1696 at acidic pH	MUS MUSCULUS	mus musculus	mus musculus		Lescar, J., Brynda, J., Fabry, M., Horejsi, M., Rezacova, P., Sedlacek, J., Bentley, G.A.	1.7	X-RAY DIFFRACTION	0.256	0.227	False	True	IGHV9	IGKV1	Kappa	None	None	None	None	None
1n4x	I	M	0	NA	NA	NA	NA	Immune system	11/02/02	Structure of scFv 1696 at acidic pH	MUS MUSCULUS	mus musculus	mus musculus		Lescar, J., Brynda, J., Fabry, M., Horejsi, M., Rezacova, P., Sedlacek, J., Bentley, G.A.	1.7	X-RAY DIFFRACTION	0.256	0.227	False	True	IGHV9	IGKV1	Kappa	None	None	None	None	None
6h3t	I	M	0	B	protein	NA	envelopment polyprotein	VIRAL PROTEIN	07/19/18	Schmallenberg Virus Glycoprotein Gc Head Domain in Complex with scFv 1C11	MUS MUSCULUS; BOVINE SCHMALLENBERG VIRUS	mus musculus	mus musculus	bovine schmallenberg virus	Hellert, J., Aebischer, A., Wernike, K., Haouz, A., Brocchi, E., Reiche, S., Guardado-Calvo, P., Beer, M., Rey, F.A.	2.836	X-RAY DIFFRACTION	0.262	0.213	False	True	IGHV1	IGKV8	Kappa	None	None	None	None	None
6h3t	H	L	0	A	protein	NA	envelopment polyprotein	VIRAL PROTEIN	07/19/18	Schmallenberg Virus Glycoprotein Gc Head Domain in Complex with scFv 1C11	MUS MUSCULUS; BOVINE SCHMALLENBERG VIRUS	mus musculus	mus musculus	bovine schmallenberg virus	Hellert, J., Aebischer, A., Wernike, K., Haouz, A., Brocchi, E., Reiche, S., Guardado-Calvo, P., Beer, M., Rey, F.A.	2.836	X-RAY DIFFRACTION	0.262	0.213	False	True	IGHV1	IGKV8	Kappa	None	None	None	None	None
6vun	B	B	0	NA	NA	NA	NA	PROTEIN BINDING	02/16/20	Reverse Transcriptase Diabody with R83C Mutation	HOMO SAPIENS	homo sapiens			Chesterman, C., Arnold, E.	1.4	X-RAY DIFFRACTION	0.167	0.138	True	True	unknown	unknown	unknown	None	None	None	None	None
6vun	A	A	0	NA	NA	NA	NA	PROTEIN BINDING	02/16/20	Reverse Transcriptase Diabody with R83C Mutation	HOMO SAPIENS	homo sapiens			Chesterman, C., Arnold, E.	1.4	X-RAY DIFFRACTION	0.167	0.138	True	True	unknown	unknown	unknown	None	None	None	None	None
5a2i	H	H	0	P	peptide	NA	antigen tn, ser is covalently bound to galnac	IMMUNE SYSTEM	05/20/15	Crystal structure of scFv-SM3 in complex with APD-SGalNAc-RP	MUS MUSCULUS; SYNTHETIC CONSTRUCT	mus musculus		homo sapiens	Martinez-Saez, N., Castro-Lopez, J., Valero-Gonzalez, J., Madariaga, D., Companon, I., Somovilla, V.J., Salvado, M., Asensio, J.L., Jimenez-Barbero, J., Avenoza, A., Busto, J.H., Bernardes, G.J.L., Peregrina, J.M., Hurtado-Guerrero, R., Corzana, F.	1.88	X-RAY DIFFRACTION	0.26131	0.20598	True	True	unknown	unknown	unknown	None	None	None	None	None
4buh	A	A	0	NA	NA	NA	NA		06/20/13	Human IgE against the major allergen Bet v 1 - Crystal structure of  clone M0418 scFv	HOMO SAPIENS	homo sapiens			Davies, A.M., Levin, M., Lilljekvist, M., Carlsson, F., Gould, H.J., Sutton, B.J., Ohlin, M.	1.3	X-RAY DIFFRACTION	0.1728	0.1453	True	True	unknown	unknown	unknown	None	None	None	None	None
4buh	B	B	0	NA	NA	NA	NA		06/20/13	Human IgE against the major allergen Bet v 1 - Crystal structure of  clone M0418 scFv	HOMO SAPIENS	homo sapiens			Davies, A.M., Levin, M., Lilljekvist, M., Carlsson, F., Gould, H.J., Sutton, B.J., Ohlin, M.	1.3	X-RAY DIFFRACTION	0.1728	0.1453	True	True	unknown	unknown	unknown	None	None	None	None	None
7zwf	B	B	0	A	protein	NA	gametocyte surface protein p45/48	CELL ADHESION	05/19/22	Pfs48/45 bound to scFv fragment of monoclonal antibody 32F3	Mus musculus; Plasmodium falciparum	mus musculus		plasmodium falciparum	Ko, K.T., Lennartz, F.L., Higgins, M.K.	2.132	X-RAY DIFFRACTION	0.286	0.276	True	True	unknown	unknown	unknown	None	None	None	None	None
6cf2	A	B	0	F | G	protein | nucleic-acid	NA | NA	protein rev | rna (35-mer)	RNA BINDING PROTEIN/RNA	02/13/18	Crystal structure of HIV-1 Rev (residues 1-93)-RNA aptamer complex	ORYCTOLAGUS CUNICULUS; HUMAN IMMUNODEFICIENCY VIRUS 1; SYNTHETIC CONSTRUCT	oryctolagus cuniculus	oryctolagus cuniculus	human immunodeficiency virus 1 | synthetic construct	Eren, E., Dearborn, A.D., Wingfield, P.T.	3.0	X-RAY DIFFRACTION	0.241	0.208	False	True	IGHV1	IGKV1	Kappa	None	None	None	None	None
6qf6	D	D	0	NA	NA	NA	NA	APOPTOSIS	01/09/19	Structure of an E.coli expressed anti-Mcl1 scFv	HOMO SAPIENS	homo sapiens			Luptak, J.	2.59	X-RAY DIFFRACTION	0.262	0.181	True	True	unknown	unknown	unknown	None	None	None	None	None
6qf6	B	B	0	NA	NA	NA	NA	APOPTOSIS	01/09/19	Structure of an E.coli expressed anti-Mcl1 scFv	HOMO SAPIENS	homo sapiens			Luptak, J.	2.59	X-RAY DIFFRACTION	0.262	0.181	True	True	unknown	unknown	unknown	None	None	None	None	None
6qf6	A	A	0	NA	NA	NA	NA	APOPTOSIS	01/09/19	Structure of an E.coli expressed anti-Mcl1 scFv	HOMO SAPIENS	homo sapiens			Luptak, J.	2.59	X-RAY DIFFRACTION	0.262	0.181	True	True	unknown	unknown	unknown	None	None	None	None	None
6qf6	C	C	0	NA	NA	NA	NA	APOPTOSIS	01/09/19	Structure of an E.coli expressed anti-Mcl1 scFv	HOMO SAPIENS	homo sapiens			Luptak, J.	2.59	X-RAY DIFFRACTION	0.262	0.181	True	True	unknown	unknown	unknown	None	None	None	None	None
2gjj	A	A	0	NA	NA	NA	NA	IMMUNE SYSTEM	03/31/06	Crystal structure of a single chain antibody scA21 against Her2/ErbB2	MUS MUSCULUS		mus musculus		Zhu, Z.	2.1	X-RAY DIFFRACTION	0.226	0.189	True	True	unknown	unknown	unknown	None	None	None	None	None
2gjj	B	B	0	NA	NA	NA	NA	IMMUNE SYSTEM	03/31/06	Crystal structure of a single chain antibody scA21 against Her2/ErbB2	MUS MUSCULUS		mus musculus		Zhu, Z.	2.1	X-RAY DIFFRACTION	0.226	0.189	True	True	unknown	unknown	unknown	None	None	None	None	None
5npi	A	A	0	D	peptide	NA	epitope peptide	VIRAL PROTEIN	04/16/17	Structure of the Hepatitis C virus strain J4 glycoprotein E2 antigenic region 532-540 bound to the single chain variable fragment of the non-neutralizing antibody DAO5	MUS MUSCULUS; SYNTHETIC CONSTRUCT	mus musculus		hepatitis c virus	Vasiliauskaite, I., Rey, F.A., Krey, T.	2.0	X-RAY DIFFRACTION	0.217	0.197	True	True	unknown	unknown	unknown	None	None	None	None	None
5npi	B	B	0	E	peptide	NA	epitope peptide	VIRAL PROTEIN	04/16/17	Structure of the Hepatitis C virus strain J4 glycoprotein E2 antigenic region 532-540 bound to the single chain variable fragment of the non-neutralizing antibody DAO5	MUS MUSCULUS; SYNTHETIC CONSTRUCT	mus musculus		hepatitis c virus	Vasiliauskaite, I., Rey, F.A., Krey, T.	2.0	X-RAY DIFFRACTION	0.217	0.197	True	True	unknown	unknown	unknown	None	None	None	None	None
2dqi	H	L	0	Y	protein	NA	lysozyme c	IMMUNE SYSTEM/HYDROLASE	05/26/06	Crystal structure of hyhel-10 FV mutant (Ly50a) complexed with hen egg lysozyme	MUS MUSCULUS; GALLUS GALLUS	mus musculus	mus musculus	gallus gallus	Shiroishi, M., Kondo, H., Tsumoto, K., Kumagai, I.	2.0	X-RAY DIFFRACTION	0.257	0.218	False	True	IGHV3	IGKV5	Kappa	None	None	None	None	None
5nh3	I	M	0	B	protein	NA	activin receptor type-2a	TRANSFERASE	03/21/17	CRYSTAL STRUCTURE OF THE Activin receptor type-2A LIGAND BINDING DOMAIN IN COMPLEX WITH BIMAGRUMAB FV	HOMO SAPIENS	homo sapiens	homo sapiens	homo sapiens	Scheufler, C.	2.35	X-RAY DIFFRACTION	0.208	0.166	False	False	IGHV1	IGLV2	Lambda	None	None	None	None	None
5nh3	H	L	0	A	protein	NA	activin receptor type-2a	TRANSFERASE	03/21/17	CRYSTAL STRUCTURE OF THE Activin receptor type-2A LIGAND BINDING DOMAIN IN COMPLEX WITH BIMAGRUMAB FV	HOMO SAPIENS	homo sapiens	homo sapiens	homo sapiens	Scheufler, C.	2.35	X-RAY DIFFRACTION	0.208	0.166	False	False	IGHV1	IGLV2	Lambda	None	None	None	None	None
5ayu	H	L	0	NA	NA	NA	NA	IMMUNE SYSTEM	09/04/15	Crystal structure of HyHEL-10 Fv	MUS MUSCULUS	mus musculus	mus musculus		Nakanishi, T., Tsumoto, K., Yokota, A., Kondo, H., Kumagai, I.	1.8	X-RAY DIFFRACTION	0.234	0.191	False	True	IGHV3	IGKV5	Kappa	None	None	None	None	None
4iml	A	B	0	NA	NA	NA	NA	IMMUNE SYSTEM	01/03/13	CrossFab binding to human Angiopoietin 2	HOMO SAPIENS	homo sapiens	homo sapiens		Fenn, S., Schiller, C., Griese, J., Hopfner, K.-P., Kettenberger, H.	2.931	X-RAY DIFFRACTION	0.269	0.237	False	True	IGHV1	IGLV3	Lambda	None	None	None	None	None
4iml	H	L	0	NA	NA	NA	NA	IMMUNE SYSTEM	01/03/13	CrossFab binding to human Angiopoietin 2	HOMO SAPIENS	homo sapiens	homo sapiens		Fenn, S., Schiller, C., Griese, J., Hopfner, K.-P., Kettenberger, H.	2.931	X-RAY DIFFRACTION	0.269	0.237	False	True	IGHV1	IGLV3	Lambda	None	None	None	None	None
5yd4	A	A	0	B	peptide	NA	epitope peptide (mutation t6a)	IMMUNE SYSTEM	09/11/17	Crystal structure of the scFv antibody 4B08 with epitope peptide (mutation T6A)	MUS MUSCULUS; SYNTHETIC CONSTRUCT	mus musculus		homo sapiens	Caaveiro, J.M.M., Miyanabe, K., Tsumoto, K.	1.35	X-RAY DIFFRACTION	0.173	0.135	True	True	unknown	unknown	unknown	None	None	None	None	None
5yd4	G	G	0	H	peptide	NA	epitope peptide (mutation t6a)	IMMUNE SYSTEM	09/11/17	Crystal structure of the scFv antibody 4B08 with epitope peptide (mutation T6A)	MUS MUSCULUS; SYNTHETIC CONSTRUCT	mus musculus		homo sapiens	Caaveiro, J.M.M., Miyanabe, K., Tsumoto, K.	1.35	X-RAY DIFFRACTION	0.173	0.135	True	True	unknown	unknown	unknown	None	None	None	None	None
5yd4	E	E	0	F	peptide	NA	epitope peptide (mutation t6a)	IMMUNE SYSTEM	09/11/17	Crystal structure of the scFv antibody 4B08 with epitope peptide (mutation T6A)	MUS MUSCULUS; SYNTHETIC CONSTRUCT	mus musculus		homo sapiens	Caaveiro, J.M.M., Miyanabe, K., Tsumoto, K.	1.35	X-RAY DIFFRACTION	0.173	0.135	True	True	unknown	unknown	unknown	None	None	None	None	None
5yd4	C	C	0	D	peptide	NA	epitope peptide (mutation t6a)	IMMUNE SYSTEM	09/11/17	Crystal structure of the scFv antibody 4B08 with epitope peptide (mutation T6A)	MUS MUSCULUS; SYNTHETIC CONSTRUCT	mus musculus		homo sapiens	Caaveiro, J.M.M., Miyanabe, K., Tsumoto, K.	1.35	X-RAY DIFFRACTION	0.173	0.135	True	True	unknown	unknown	unknown	None	None	None	None	None
5jym	D	D	0	C	protein	NA	cadherin-3	CELL ADHESION/IMMUNE SYSTEM	05/14/16	Human P-cadherin EC12 with scFv TSP11 bound	HOMO SAPIENS; MUS MUSCULUS	mus musculus		homo sapiens	Caaveiro, J.M.M., Kudo, S., Tsumoto, K.	2.45	X-RAY DIFFRACTION	0.270	0.223	True	True	unknown	unknown	unknown	None	None	None	None	None
5jym	B	B	0	A	protein	NA	cadherin-3	CELL ADHESION/IMMUNE SYSTEM	05/14/16	Human P-cadherin EC12 with scFv TSP11 bound	HOMO SAPIENS; MUS MUSCULUS	mus musculus		homo sapiens	Caaveiro, J.M.M., Kudo, S., Tsumoto, K.	2.45	X-RAY DIFFRACTION	0.270	0.223	True	True	unknown	unknown	unknown	None	None	None	None	None
2otw	B	A	0	E	peptide	NA	poly-gln peptide antigen	IMMUNE SYSTEM	02/09/07	Crystal structure of Fv polyglutamine complex	MUS MUSCULUS; SYNTHETIC CONSTRUCT	mus musculus	mus musculus		Li, P.	2.35	X-RAY DIFFRACTION	0.258	0.226	False	True	IGHV5	IGLV3	Lambda	None	None	None	None	None
2otw	D	C	0	F	peptide	NA	poly-gln peptide antigen	IMMUNE SYSTEM	02/09/07	Crystal structure of Fv polyglutamine complex	MUS MUSCULUS; SYNTHETIC CONSTRUCT	mus musculus	mus musculus		Li, P.	2.35	X-RAY DIFFRACTION	0.258	0.226	False	True	IGHV5	IGLV3	Lambda	None	None	None	None	None
1ic5	H	L	0	Y	protein	NA	lysozyme c	PROTEIN BINDING/HYDROLASE	03/30/01	CRYSTAL STRUCTURE OF HYHEL-10 FV MUTANT(HD99A)-HEN LYSOZYME COMPLEX	MUS MUSCULUS; GALLUS GALLUS	mus musculus	mus musculus	gallus gallus	Shiroishi, M., Yokota, A., Tsumoto, K., Kondo, H., Nishimiya, Y., Horii, K., Matsushima, M., Ogasahara, K., Yutani, K., Kumagai, I.	2.3	X-RAY DIFFRACTION	0.252	0.165	False	True	IGHV3	IGKV5	Kappa	None	None	None	None	None
1g7i	B	A	0	C	protein	NA	lysozyme c	HYDROLASE INHIBITOR/HYDROLASE	11/10/00	CRYSTAL STRUCTURE OF HEN EGG WHITE LYSOZYME (HEL) COMPLEXED WITH THE MUTANT ANTI-HEL MONOCLONAL ANTIBODY D1.3 (VLW92F)	MUS MUSCULUS; GALLUS GALLUS	mus musculus	mus musculus	gallus gallus	Sundberg, E.J., Urrutia, M., Braden, B.C., Isern, J., Mariuzza, R.A.	1.8	X-RAY DIFFRACTION	0.248	0.188	False	True	IGHV2	IGKV12	Kappa	None	None	None	None	None
1ezv	X	Y	0	E	protein	NA	ubiquinol-cytochrome c reductase iron-sulfursubunit 	OXIDOREDUCTASE/ELECTRON TRANSPORT	05/12/00	STRUCTURE OF THE YEAST CYTOCHROME BC1 COMPLEX CO-CRYSTALLIZED WITH AN ANTIBODY FV-FRAGMENT	SACCHAROMYCES CEREVISIAE; MUS MUSCULUS	mus musculus	mus musculus	saccharomyces cerevisiae	Hunte, C., Koepke, J., Lange, C., Rossmanith, T., Michel, H.	2.3	X-RAY DIFFRACTION	0.254	0.222	False	True	IGHV3	IGKV10	Kappa	None	None	None	None	None
7k93	K	K	0	D	protein	NA	non-structural protein 1	VIRAL PROTEIN	09/28/20	DENV2 NS1 in complex with neutralizing 2B7 single chain Fab variable region (scFv)	DENGUE VIRUS 2; MUS MUSCULUS	mus musculus		dengue virus 2	Akey, D.L., Smith, J.L.	2.89	X-RAY DIFFRACTION	0.269	0.223	True	True	unknown	unknown	unknown	None	None	None	None	None
7k93	I	I	0	C	protein	NA	non-structural protein 1	VIRAL PROTEIN	09/28/20	DENV2 NS1 in complex with neutralizing 2B7 single chain Fab variable region (scFv)	DENGUE VIRUS 2; MUS MUSCULUS	mus musculus		dengue virus 2	Akey, D.L., Smith, J.L.	2.89	X-RAY DIFFRACTION	0.269	0.223	True	True	unknown	unknown	unknown	None	None	None	None	None
7k93	E	E	0	A	protein	NA	non-structural protein 1	VIRAL PROTEIN	09/28/20	DENV2 NS1 in complex with neutralizing 2B7 single chain Fab variable region (scFv)	DENGUE VIRUS 2; MUS MUSCULUS	mus musculus		dengue virus 2	Akey, D.L., Smith, J.L.	2.89	X-RAY DIFFRACTION	0.269	0.223	True	True	unknown	unknown	unknown	None	None	None	None	None
7k93	G	G	0	B	protein	NA	non-structural protein 1	VIRAL PROTEIN	09/28/20	DENV2 NS1 in complex with neutralizing 2B7 single chain Fab variable region (scFv)	DENGUE VIRUS 2; MUS MUSCULUS	mus musculus		dengue virus 2	Akey, D.L., Smith, J.L.	2.89	X-RAY DIFFRACTION	0.269	0.223	True	True	unknown	unknown	unknown	None	None	None	None	None
1fvc	D	C	0	NA	NA	NA	NA	IMMUNOGLOBULIN	10/20/92	X-RAY STRUCTURES OF THE ANTIGEN-BINDING DOMAINS FROM THREE VARIANTS OF HUMANIZED ANTI-P185-HER2 ANTIBODY 4D5 AND COMPARISON WITH MOLECULAR MODELING	HOMO SAPIENS	homo sapiens	homo sapiens		Eigenbrot, C., Randal, M., Kossiakoff, A.A., Presta, L.	2.2	X-RAY DIFFRACTION	unknown	0.183	False	True	IGHV3	IGKV1	Kappa	None	None	None	None	None
1fvc	B	A	0	NA	NA	NA	NA	IMMUNOGLOBULIN	10/20/92	X-RAY STRUCTURES OF THE ANTIGEN-BINDING DOMAINS FROM THREE VARIANTS OF HUMANIZED ANTI-P185-HER2 ANTIBODY 4D5 AND COMPARISON WITH MOLECULAR MODELING	HOMO SAPIENS	homo sapiens	homo sapiens		Eigenbrot, C., Randal, M., Kossiakoff, A.A., Presta, L.	2.2	X-RAY DIFFRACTION	unknown	0.183	False	True	IGHV3	IGKV1	Kappa	None	None	None	None	None
6frj	H	H	0	B	peptide	NA	apd-sethr-rp	IMMUNE SYSTEM	02/16/18	Crystal structure of scFv-SM3 in complex with APD-SeThrGalNAc-RP	MUS MUSCULUS; SYNTHETIC CONSTRUCT	mus musculus		synthetic construct	Companon, I., Castro-Lopez, J., Escudero-Casao, M., Avenoza, A., Busto, J.H., Castillon, S., Jimenez-Barbero, J., Bernardes, G.J., Boutureira, O., Jimenez-Oses, G., Asensio, J.L., Peregrina, J.M., Hurtado-Guerrero, R., Corzana, F.	1.4	X-RAY DIFFRACTION	0.230	0.205	True	True	unknown	unknown	unknown	None	None	None	None	None
6tnp	D	C	0	D	unknown	NO8	unknown	IMMUNE SYSTEM	12/09/19	Crystal structure of the ScFv-5E5 in complex with a Tn glycopeptide	MUS MUSCULUS	mus musculus	mus musculus	mus musculus	Macias-Leon, J., Corzana, F., Hurtado-Guerrero, R.	3.0	X-RAY DIFFRACTION	0.251	0.203	False	True	IGHV1	IGKV8	Kappa	None	None	None	None	None
6tnp	B	A	0	H	unknown	NO8	unknown	IMMUNE SYSTEM	12/09/19	Crystal structure of the ScFv-5E5 in complex with a Tn glycopeptide	MUS MUSCULUS	mus musculus	mus musculus	mus musculus	Macias-Leon, J., Corzana, F., Hurtado-Guerrero, R.	3.0	X-RAY DIFFRACTION	0.251	0.203	False	True	IGHV1	IGKV8	Kappa	None	None	None	None	None
6tnp	I	G	0	I	unknown	NO8	unknown	IMMUNE SYSTEM	12/09/19	Crystal structure of the ScFv-5E5 in complex with a Tn glycopeptide	MUS MUSCULUS	mus musculus	mus musculus	mus musculus	Macias-Leon, J., Corzana, F., Hurtado-Guerrero, R.	3.0	X-RAY DIFFRACTION	0.251	0.203	False	True	IGHV1	IGKV8	Kappa	None	None	None	None	None
6tnp	K	J	0	NA	NA	NA	NA	IMMUNE SYSTEM	12/09/19	Crystal structure of the ScFv-5E5 in complex with a Tn glycopeptide	MUS MUSCULUS	mus musculus	mus musculus		Macias-Leon, J., Corzana, F., Hurtado-Guerrero, R.	3.0	X-RAY DIFFRACTION	0.251	0.203	False	True	IGHV1	IGKV8	Kappa	None	None	None	None	None
6tnp	H	L	0	H	unknown	NO8	unknown	IMMUNE SYSTEM	12/09/19	Crystal structure of the ScFv-5E5 in complex with a Tn glycopeptide	MUS MUSCULUS	mus musculus	mus musculus	mus musculus	Macias-Leon, J., Corzana, F., Hurtado-Guerrero, R.	3.0	X-RAY DIFFRACTION	0.251	0.203	False	True	IGHV1	IGKV8	Kappa	None	None	None	None	None
6tnp	F	E	0	I	unknown	NO8	unknown	IMMUNE SYSTEM	12/09/19	Crystal structure of the ScFv-5E5 in complex with a Tn glycopeptide	MUS MUSCULUS	mus musculus	mus musculus	mus musculus	Macias-Leon, J., Corzana, F., Hurtado-Guerrero, R.	3.0	X-RAY DIFFRACTION	0.251	0.203	False	True	IGHV1	IGKV8	Kappa	None	None	None	None	None
4yqx	H	L	0	A	protein	NA	interleukin-2	CYTOKINE/IMMUNE SYSTEM	03/13/15	Mouse IL-2 Bound to JES6-1 scFv Fragment	RATTUS NORVEGICUS; MUS MUSCULUS	rattus norvegicus	rattus norvegicus	mus musculus	Spangler, J.B., Luca, V.C., Jude, K.M., Garcia, K.C.	2.826	X-RAY DIFFRACTION	0.204	0.170	False	True	IGHV1	IGKV8	Kappa	None	None	None	None	None
4yqx	N	O	0	M	protein	NA	interleukin-2	CYTOKINE/IMMUNE SYSTEM	03/13/15	Mouse IL-2 Bound to JES6-1 scFv Fragment	RATTUS NORVEGICUS; MUS MUSCULUS	rattus norvegicus	rattus norvegicus	mus musculus	Spangler, J.B., Luca, V.C., Jude, K.M., Garcia, K.C.	2.826	X-RAY DIFFRACTION	0.204	0.170	False	True	IGHV1	IGKV8	Kappa	None	None	None	None	None
1ap2	D	C	0	NA	NA	NA	NA	IMMUNOGLOBULIN	07/23/97	SINGLE CHAIN FV OF C219	MUS MUSCULUS	mus musculus	mus musculus		Hoedemaeker, P.J., Rose, D.R.	2.36	X-RAY DIFFRACTION	0.284	0.204	True	True	IGHV14	IGKV8	Kappa	None	None	None	None	None
1ap2	B	A	0	NA	NA	NA	NA	IMMUNOGLOBULIN	07/23/97	SINGLE CHAIN FV OF C219	MUS MUSCULUS	mus musculus	mus musculus		Hoedemaeker, P.J., Rose, D.R.	2.36	X-RAY DIFFRACTION	0.284	0.204	True	True	IGHV14	IGKV8	Kappa	None	None	None	None	None
4m8q	A	B	0	S	protein	NA	4e10 epitope scaffold t117	IMMUNE SYSTEM	08/13/13	Ontogeny of recognition specificity and functionality for the anti-HIV neutralizing antibody 4E10	HOMO SAPIENS; SYNTHETIC CONSTRUCT	homo sapiens	homo sapiens	synthetic construct	Finton, K.A.K.	2.89	X-RAY DIFFRACTION	0.302	0.261	False	True	IGHV1	IGKV3	Kappa	None	None	None	None	None
4m8q	H	L	0	C	protein	NA	4e10 epitope scaffold t117	IMMUNE SYSTEM	08/13/13	Ontogeny of recognition specificity and functionality for the anti-HIV neutralizing antibody 4E10	HOMO SAPIENS; SYNTHETIC CONSTRUCT	homo sapiens	homo sapiens	synthetic construct	Finton, K.A.K.	2.89	X-RAY DIFFRACTION	0.302	0.261	False	True	IGHV1	IGKV3	Kappa	None	None	None	None	None
2vh5	H	L	0	R	protein	NA	gtpase hras	IMMUNE SYSTEM	11/19/07	CRYSTAL STRUCTURE OF HRAS(G12V) - ANTI-RAS FV (disulfide free mutant)  COMPLEX	HOMO SAPIENS	homo sapiens	homo sapiens	homo sapiens	Tanaka, T., Williams, R.L., Rabbitts, T.H.	2.7	X-RAY DIFFRACTION	0.291	0.211	False	True	IGHV3	IGKV1	Kappa	None	None	None	None	None
1jhl	H	L	0	A	protein	NA	pheasant egg white lysozyme	COMPLEX(ANTIBODY-ANTIGEN)	05/04/93	THREE-DIMENSIONAL STRUCTURE OF A HETEROCLITIC ANTIGEN-ANTIBODY CROSS-REACTION COMPLEX	MUS MUSCULUS; PHASIANUS COLCHICUS	mus musculus	mus musculus	phasianus colchicus	Chitarra, V., Alzari, P.M., Bentley, G.A., Bhat, T.N., Eisele, J.-L., Poljak, R.J.	2.4	X-RAY DIFFRACTION	unknown	0.214	False	True	IGHV1	IGKV16	Kappa	None	None	None	None	None
3h3b	D	D	0	B	protein	NA	receptor tyrosine-protein kinase erbb-2	IMMUNE SYSTEM	04/16/09	Crystal structure of the single-chain Fv (scFv) fragment of an anti-ErbB2 antibody chA21 in complex with residues 1-192 of ErbB2 extracellular domain	HOMO SAPIENS; MUS MUSCULUS		mus musculus	homo sapiens	Zhou, H., Liu, Y., Niu, L., Zhu, J., Teng, M.	2.45	X-RAY DIFFRACTION	0.255	0.201	True	True	unknown	unknown	unknown	None	None	None	None	None
3h3b	C	C	0	B	protein	NA	receptor tyrosine-protein kinase erbb-2	IMMUNE SYSTEM	04/16/09	Crystal structure of the single-chain Fv (scFv) fragment of an anti-ErbB2 antibody chA21 in complex with residues 1-192 of ErbB2 extracellular domain	HOMO SAPIENS; MUS MUSCULUS		mus musculus	homo sapiens	Zhou, H., Liu, Y., Niu, L., Zhu, J., Teng, M.	2.45	X-RAY DIFFRACTION	0.255	0.201	True	True	unknown	unknown	unknown	None	None	None	None	None
2znx	A	A	0	Y	protein	NA	lysozyme c	IMMUNE SYSTEM/HYDROLASE	05/02/08	5-Fluorotryptophan Incorporated ScFv10 Complexed to Hen Egg Lysozyme	MUS MUSCULUS; SYNTHETIC CONSTRUCT; GALLUS GALLUS	mus musculus, synthetic construct		gallus gallus	DeSantis, M.E., Acchione, M., Li, M., Walter, R.L., Wlodawer, A., Smith-Gill, S.	2.3	X-RAY DIFFRACTION	0.232	0.193	True	True	unknown	unknown	unknown	None	None	None	None	None
2znx	B	B	0	Z	protein	NA	lysozyme c	IMMUNE SYSTEM/HYDROLASE	05/02/08	5-Fluorotryptophan Incorporated ScFv10 Complexed to Hen Egg Lysozyme	MUS MUSCULUS; SYNTHETIC CONSTRUCT; GALLUS GALLUS	mus musculus, synthetic construct		gallus gallus	DeSantis, M.E., Acchione, M., Li, M., Walter, R.L., Wlodawer, A., Smith-Gill, S.	2.3	X-RAY DIFFRACTION	0.232	0.193	True	True	unknown	unknown	unknown	None	None	None	None	None
5b3n	A	A	0	NA	NA	NA	NA	IMMUNE SYSTEM	03/04/16	The crystal structure of anti-H4K20me1_scFv, 15F11	SYNTHETIC CONSTRUCT	synthetic construct			Kujirai, T., Horikoshi, N., Kurumizaka, H.	1.94	X-RAY DIFFRACTION	0.244	0.203	True	True	unknown	unknown	unknown	None	None	None	None	None
6kyz	B	C	0	A	protein	NA	genome polyprotein	VIRAL PROTEIN	09/20/19	HRV14 3C in complex with single chain antibody YDF	HUMAN RHINOVIRUS 14; HOMO SAPIENS	homo sapiens	homo sapiens	human rhinovirus 14	Meng, B., Yang, B., Wilson, I.A.	1.845	X-RAY DIFFRACTION	0.208	0.175	False	True	IGHV3	IGLV3	Lambda	None	None	None	None	None
6kyz	E	F	0	D	protein	NA	genome polyprotein	VIRAL PROTEIN	09/20/19	HRV14 3C in complex with single chain antibody YDF	HUMAN RHINOVIRUS 14; HOMO SAPIENS	homo sapiens	homo sapiens	human rhinovirus 14	Meng, B., Yang, B., Wilson, I.A.	1.845	X-RAY DIFFRACTION	0.208	0.175	False	True	IGHV3	IGLV3	Lambda	None	None	None	None	None
5wym	A	A	0	NA	NA	NA	NA	IMMUNE SYSTEM	01/13/17	Crystal structure of an anti-connexin26 scFv	HOMO SAPIENS; SYNTHETIC CONSTRUCT	homo sapiens, synthetic construct			Li, S., Xu, L.	2.65	X-RAY DIFFRACTION	0.263	0.236	True	True	unknown	unknown	unknown	None	None	None	None	None
5wym	C	C	0	NA	NA	NA	NA	IMMUNE SYSTEM	01/13/17	Crystal structure of an anti-connexin26 scFv	HOMO SAPIENS; SYNTHETIC CONSTRUCT	homo sapiens, synthetic construct			Li, S., Xu, L.	2.65	X-RAY DIFFRACTION	0.263	0.236	True	True	unknown	unknown	unknown	None	None	None	None	None
3auv	F	F	0	NA	NA	NA	NA	IMMUNE SYSTEM	02/16/11	Predicting Amino Acid Preferences in the Complementarity Determining Regions of an Antibody-Antigen Recognition Interface	HOMO SAPIENS	homo sapiens			Yu, C.M., Peng, H.P., Chen, I.C., Lee, Y.C., Chen, J.B., Tsai, K.C., Chen, C.T., Chang, J.Y., Yang, E.W., Hsu, P.C., Jian, J.W., Hsu, H.J., Chang, H.J., Hsu, W.L., Huang, K.F., Ma, A.C., Yang, A.S.	2.4	X-RAY DIFFRACTION	0.251	0.216	True	True	unknown	unknown	unknown	None	None	None	None	None
3auv	D	D	0	NA	NA	NA	NA	IMMUNE SYSTEM	02/16/11	Predicting Amino Acid Preferences in the Complementarity Determining Regions of an Antibody-Antigen Recognition Interface	HOMO SAPIENS	homo sapiens			Yu, C.M., Peng, H.P., Chen, I.C., Lee, Y.C., Chen, J.B., Tsai, K.C., Chen, C.T., Chang, J.Y., Yang, E.W., Hsu, P.C., Jian, J.W., Hsu, H.J., Chang, H.J., Hsu, W.L., Huang, K.F., Ma, A.C., Yang, A.S.	2.4	X-RAY DIFFRACTION	0.251	0.216	True	True	unknown	unknown	unknown	None	None	None	None	None
3auv	B	B	0	NA	NA	NA	NA	IMMUNE SYSTEM	02/16/11	Predicting Amino Acid Preferences in the Complementarity Determining Regions of an Antibody-Antigen Recognition Interface	HOMO SAPIENS	homo sapiens			Yu, C.M., Peng, H.P., Chen, I.C., Lee, Y.C., Chen, J.B., Tsai, K.C., Chen, C.T., Chang, J.Y., Yang, E.W., Hsu, P.C., Jian, J.W., Hsu, H.J., Chang, H.J., Hsu, W.L., Huang, K.F., Ma, A.C., Yang, A.S.	2.4	X-RAY DIFFRACTION	0.251	0.216	True	True	unknown	unknown	unknown	None	None	None	None	None
3auv	E	E	0	NA	NA	NA	NA	IMMUNE SYSTEM	02/16/11	Predicting Amino Acid Preferences in the Complementarity Determining Regions of an Antibody-Antigen Recognition Interface	HOMO SAPIENS	homo sapiens			Yu, C.M., Peng, H.P., Chen, I.C., Lee, Y.C., Chen, J.B., Tsai, K.C., Chen, C.T., Chang, J.Y., Yang, E.W., Hsu, P.C., Jian, J.W., Hsu, H.J., Chang, H.J., Hsu, W.L., Huang, K.F., Ma, A.C., Yang, A.S.	2.4	X-RAY DIFFRACTION	0.251	0.216	True	True	unknown	unknown	unknown	None	None	None	None	None
3auv	A	A	0	NA	NA	NA	NA	IMMUNE SYSTEM	02/16/11	Predicting Amino Acid Preferences in the Complementarity Determining Regions of an Antibody-Antigen Recognition Interface	HOMO SAPIENS	homo sapiens			Yu, C.M., Peng, H.P., Chen, I.C., Lee, Y.C., Chen, J.B., Tsai, K.C., Chen, C.T., Chang, J.Y., Yang, E.W., Hsu, P.C., Jian, J.W., Hsu, H.J., Chang, H.J., Hsu, W.L., Huang, K.F., Ma, A.C., Yang, A.S.	2.4	X-RAY DIFFRACTION	0.251	0.216	True	True	unknown	unknown	unknown	None	None	None	None	None
3auv	C	C	0	NA	NA	NA	NA	IMMUNE SYSTEM	02/16/11	Predicting Amino Acid Preferences in the Complementarity Determining Regions of an Antibody-Antigen Recognition Interface	HOMO SAPIENS	homo sapiens			Yu, C.M., Peng, H.P., Chen, I.C., Lee, Y.C., Chen, J.B., Tsai, K.C., Chen, C.T., Chang, J.Y., Yang, E.W., Hsu, P.C., Jian, J.W., Hsu, H.J., Chang, H.J., Hsu, W.L., Huang, K.F., Ma, A.C., Yang, A.S.	2.4	X-RAY DIFFRACTION	0.251	0.216	True	True	unknown	unknown	unknown	None	None	None	None	None
7shy	C	D	0	A	protein	NA	ige fc	IMMUNE SYSTEM	10/11/21	IgE-Fc in complex with omalizumab scFv	HOMO SAPIENS	homo sapiens	homo sapiens	homo sapiens	Pennington, L.F., Jardetzky, T.J., Kleinboelting, S.	3.0	X-RAY DIFFRACTION	0.230	0.173	False	True	IGHV3	IGKV1	Kappa	None	None	None	None	None
7shy	I	J	0	G	protein	NA	ige fc	IMMUNE SYSTEM	10/11/21	IgE-Fc in complex with omalizumab scFv	HOMO SAPIENS	homo sapiens	homo sapiens	homo sapiens	Pennington, L.F., Jardetzky, T.J., Kleinboelting, S.	3.0	X-RAY DIFFRACTION	0.230	0.173	False	True	IGHV3	IGKV1	Kappa	None	None	None	None	None
7shy	K	L	0	H	protein	NA	ige fc	IMMUNE SYSTEM	10/11/21	IgE-Fc in complex with omalizumab scFv	HOMO SAPIENS	homo sapiens	homo sapiens	homo sapiens	Pennington, L.F., Jardetzky, T.J., Kleinboelting, S.	3.0	X-RAY DIFFRACTION	0.230	0.173	False	True	IGHV3	IGKV1	Kappa	None	None	None	None	None
7shy	E	F	0	B	protein	NA	ige fc	IMMUNE SYSTEM	10/11/21	IgE-Fc in complex with omalizumab scFv	HOMO SAPIENS	homo sapiens	homo sapiens	homo sapiens	Pennington, L.F., Jardetzky, T.J., Kleinboelting, S.	3.0	X-RAY DIFFRACTION	0.230	0.173	False	True	IGHV3	IGKV1	Kappa	None	None	None	None	None
1oax	J	N	0	J	Hapten	ANQ	ACENAPHTHENEQUINONE	IMMUNE SYSTEM	01/21/03	Fv Structure of the IgE SPE-7 in complex with acenaphthenequinone	MUS MUSCULUS	rattus rattus	rattus rattus	rattus rattus	James, L.C., Roversi, P., Tawfik, D.	2.67	X-RAY DIFFRACTION	0.282	0.238	False	True	IGHV1	IGLV1	Lambda	None	None	None	None	None
1oax	NA	O	0	NA	NA	NA	NA	IMMUNE SYSTEM	01/21/03	Fv Structure of the IgE SPE-7 in complex with acenaphthenequinone	MUS MUSCULUS		rattus rattus		James, L.C., Roversi, P., Tawfik, D.	2.67	X-RAY DIFFRACTION	0.282	0.238	False	True	unknown	unknown	unknown	None	None	None	None	None
1oax	H	L	0	H	Hapten	ANQ	ACENAPHTHENEQUINONE	IMMUNE SYSTEM	01/21/03	Fv Structure of the IgE SPE-7 in complex with acenaphthenequinone	MUS MUSCULUS	rattus rattus	rattus rattus	rattus rattus	James, L.C., Roversi, P., Tawfik, D.	2.67	X-RAY DIFFRACTION	0.282	0.238	False	True	IGHV1	IGLV1	Lambda	None	None	None	None	None
1oax	NA	M	0	NA	NA	NA	NA	IMMUNE SYSTEM	01/21/03	Fv Structure of the IgE SPE-7 in complex with acenaphthenequinone	MUS MUSCULUS		rattus rattus		James, L.C., Roversi, P., Tawfik, D.	2.67	X-RAY DIFFRACTION	0.282	0.238	False	True	unknown	unknown	unknown	None	None	None	None	None
5grx	G	G	0	NA	NA	NA	NA	IMMUNE SYSTEM	08/12/16	Crystal structure of disulfide-bonded diabody	HOMO SAPIENS	homo sapiens			Kim, J.H., Song, D.H., Youn, S.J., Kim, J.W., Cho, G., Lee, H., Lee, J.O.	2.002	X-RAY DIFFRACTION	0.215	0.167	True	True	unknown	unknown	unknown	None	None	None	None	None
5grx	H	H	0	NA	NA	NA	NA	IMMUNE SYSTEM	08/12/16	Crystal structure of disulfide-bonded diabody	HOMO SAPIENS	homo sapiens			Kim, J.H., Song, D.H., Youn, S.J., Kim, J.W., Cho, G., Lee, H., Lee, J.O.	2.002	X-RAY DIFFRACTION	0.215	0.167	True	True	unknown	unknown	unknown	None	None	None	None	None
5cbe	C	D	0	F	protein	NA	c-x-c motif chemokine 13	IMMUNE SYSTEM	06/30/15	E10 in complex with CXCL13	HOMO SAPIENS	homo sapiens	homo sapiens	homo sapiens	Tu, C., Bard, J., Mosyak, L.	2.4	X-RAY DIFFRACTION	0.275	0.248	True	True	IGHV1	IGLV2	Lambda	None	None	None	None	None
5cbe	A	B	0	E	protein	NA	c-x-c motif chemokine 13	IMMUNE SYSTEM	06/30/15	E10 in complex with CXCL13	HOMO SAPIENS	homo sapiens	homo sapiens	homo sapiens	Tu, C., Bard, J., Mosyak, L.	2.4	X-RAY DIFFRACTION	0.275	0.248	True	True	IGHV1	IGLV2	Lambda	None	None	None	None	None
6crk	H	H	0	A | B | G	protein | protein | protein	NA | NA | NA	guanine nucleotide-binding protein g(i) subunit alpha-1 | guanine nucleotide-binding protein g(i)/g(s)/g(t) subunitbeta-1  | guanine nucleotide-binding protein g(i)/g(s)/g(o) subunitgamma-2 	SIGNALING PROTEIN	03/19/18	Heterotrimeric G-protein in complex with an antibody fragment	HOMO SAPIENS; MUS MUSCULUS	mus musculus		homo sapiens | homo sapiens | homo sapiens	Maeda, S., Dawson, R., Kobilka, B.	2.0	X-RAY DIFFRACTION	0.210	0.175	True	True	unknown	unknown	unknown	None	None	None	None	None
1kyo	J	K	0	E	protein	NA	ubiquinol-cytochrome c reductase iron-sulfursubunit 	OXIDOREDUCTASE/ELECTRON TRANSPORT	02/05/02	YEAST CYTOCHROME BC1 COMPLEX WITH BOUND SUBSTRATE CYTOCHROME C	MUS MUSCULUS; SACCHAROMYCES CEREVISIAE	mus musculus	mus musculus	saccharomyces cerevisiae	Lange, C., Hunte, C.	2.97	X-RAY DIFFRACTION	0.268	0.229	False	True	IGHV3	IGKV10	Kappa	None	None	None	None	None
1kyo	U	V	0	P	protein	NA	ubiquinol-cytochrome c reductase iron-sulfursubunit 	OXIDOREDUCTASE/ELECTRON TRANSPORT	02/05/02	YEAST CYTOCHROME BC1 COMPLEX WITH BOUND SUBSTRATE CYTOCHROME C	MUS MUSCULUS; SACCHAROMYCES CEREVISIAE	mus musculus	mus musculus	saccharomyces cerevisiae	Lange, C., Hunte, C.	2.97	X-RAY DIFFRACTION	0.268	0.229	False	True	IGHV3	IGKV10	Kappa	None	None	None	None	None
6uup	A	A	0	NA	NA	NA	NA	ANTITUMOR PROTEIN	10/31/19	Structure of anti-hCD33 conditional scFv	CAMELIDAE MIXED LIBRARY	camelidae mixed library			Kimberlin, C.R., Park, S.	2.20002	X-RAY DIFFRACTION	0.237	0.197	True	True	unknown	unknown	unknown	None	None	None	None	None
6uup	D	D	0	NA	NA	NA	NA	ANTITUMOR PROTEIN	10/31/19	Structure of anti-hCD33 conditional scFv	CAMELIDAE MIXED LIBRARY	camelidae mixed library			Kimberlin, C.R., Park, S.	2.20002	X-RAY DIFFRACTION	0.237	0.197	True	True	unknown	unknown	unknown	None	None	None	None	None
6uup	C	C	0	NA	NA	NA	NA	ANTITUMOR PROTEIN	10/31/19	Structure of anti-hCD33 conditional scFv	CAMELIDAE MIXED LIBRARY	camelidae mixed library			Kimberlin, C.R., Park, S.	2.20002	X-RAY DIFFRACTION	0.237	0.197	True	True	unknown	unknown	unknown	None	None	None	None	None
6uup	B	B	0	NA	NA	NA	NA	ANTITUMOR PROTEIN	10/31/19	Structure of anti-hCD33 conditional scFv	CAMELIDAE MIXED LIBRARY	camelidae mixed library			Kimberlin, C.R., Park, S.	2.20002	X-RAY DIFFRACTION	0.237	0.197	True	True	unknown	unknown	unknown	None	None	None	None	None
3dus	B	A	0	A	carbohydrate	KDO	3-DEOXY-D-MANNO-OCT-2-ULOSONIC ACID	IMMUNE SYSTEM	07/17/08	Crystal structure of SAG506-01, orthorhombic, twinned, crystal 1	MUS MUSCULUS	mus musculus	mus musculus	mus musculus	Brooks, C.L., Blackler, R.J., Gerstenbruch, S., Kosma, P., Muller-Loennies, S., Brade, H., Evans, S.V.	1.95	X-RAY DIFFRACTION	0.282	0.253	False	True	IGHV7	IGKV8	Kappa	None	None	None	None	None
3dus	D	C	0	C	carbohydrate	KDO	3-DEOXY-D-MANNO-OCT-2-ULOSONIC ACID	IMMUNE SYSTEM	07/17/08	Crystal structure of SAG506-01, orthorhombic, twinned, crystal 1	MUS MUSCULUS	mus musculus	mus musculus	mus musculus	Brooks, C.L., Blackler, R.J., Gerstenbruch, S., Kosma, P., Muller-Loennies, S., Brade, H., Evans, S.V.	1.95	X-RAY DIFFRACTION	0.282	0.253	False	True	IGHV7	IGKV8	Kappa	None	None	None	None	None
5grz	G	G	0	NA	NA	NA	NA	IMMUNE SYSTEM	08/13/16	Crystal structure of disulfide-bonded diabody	HOMO SAPIENS	homo sapiens			Kim, J.H., Song, D.H., Youn, S.J., Kim, J.W., Cho, G., Lee, H., Lee, J.O.	2.7	X-RAY DIFFRACTION	0.301	0.246	True	True	unknown	unknown	unknown	None	None	None	None	None
5grz	A	A	0	NA	NA	NA	NA	IMMUNE SYSTEM	08/13/16	Crystal structure of disulfide-bonded diabody	HOMO SAPIENS	homo sapiens			Kim, J.H., Song, D.H., Youn, S.J., Kim, J.W., Cho, G., Lee, H., Lee, J.O.	2.7	X-RAY DIFFRACTION	0.301	0.246	True	True	unknown	unknown	unknown	None	None	None	None	None
7f0x	B	B	0	A	protein	NA	spike protein s1	VIRAL PROTEIN/ANTIVIRAL PROTEIN	06/07/21	A SARS-CoV-2 neutralizing antibody	SEVERE ACUTE RESPIRATORY SYNDROME CORONAVIRUS 2; MUS MUSCULUS	mus musculus		severe acute respiratory syndrome coronavirus2 	Zhang, G., Li, X., Guo, Y., Wang, Y., Yuan, S.	2.8	X-RAY DIFFRACTION	0.270	0.221	True	True	unknown	unknown	unknown	None	None	None	None	None
1dzb	A	A	0	X	protein	NA	turkey egg-white lysozyme c	IMMUNE SYSTEM	02/23/00	Crystal structure of phage library-derived single-chain  Fv fragment 1F9  in complex with  turkey egg-white lysozyme	MUS MUSCULUS; MELEAGRIS GALLOPAVO	mus musculus		meleagris gallopavo	Ay, J., Keitel, T., Kuettner, G., Wessner, H., Scholz, C., Hahn, M., Hoehne, W.	2.0	X-RAY DIFFRACTION	0.306	0.225	True	True	unknown	unknown	unknown	5.20E-07	-8.57	Other	25	10926506
1dzb	B	B	0	Y	protein	NA	turkey egg-white lysozyme c	IMMUNE SYSTEM	02/23/00	Crystal structure of phage library-derived single-chain  Fv fragment 1F9  in complex with  turkey egg-white lysozyme	MUS MUSCULUS; MELEAGRIS GALLOPAVO	mus musculus		meleagris gallopavo	Ay, J., Keitel, T., Kuettner, G., Wessner, H., Scholz, C., Hahn, M., Hoehne, W.	2.0	X-RAY DIFFRACTION	0.306	0.225	True	True	unknown	unknown	unknown	5.20E-07	-8.57	Other	25	10926506
6ol7	H	L	0	NA	NA	NA	NA	IMMUNE SYSTEM	04/15/19	Crystal structure of glVRC01 scFv in complex with anti-idiotype iv8 scFv	MUS MUSCULUS; HOMO SAPIENS	homo sapiens	homo sapiens		Weidle, C., Pancera, M.	2.419	X-RAY DIFFRACTION	0.224	0.174	False	True	IGHV1	IGKV3	Kappa	None	None	None	None	None
6ol7	M	N	0	NA	NA	NA	NA	IMMUNE SYSTEM	04/15/19	Crystal structure of glVRC01 scFv in complex with anti-idiotype iv8 scFv	MUS MUSCULUS; HOMO SAPIENS	homo sapiens	homo sapiens		Weidle, C., Pancera, M.	2.419	X-RAY DIFFRACTION	0.224	0.174	False	True	IGHV1	IGKV3	Kappa	None	None	None	None	None
6ol7	P	O	0	NA	NA	NA	NA	IMMUNE SYSTEM	04/15/19	Crystal structure of glVRC01 scFv in complex with anti-idiotype iv8 scFv	MUS MUSCULUS; HOMO SAPIENS	mus musculus	mus musculus		Weidle, C., Pancera, M.	2.419	X-RAY DIFFRACTION	0.224	0.174	False	True	IGHV5	IGKV8	Kappa	None	None	None	None	None
6ol7	I	F	0	NA	NA	NA	NA	IMMUNE SYSTEM	04/15/19	Crystal structure of glVRC01 scFv in complex with anti-idiotype iv8 scFv	MUS MUSCULUS; HOMO SAPIENS	homo sapiens	homo sapiens		Weidle, C., Pancera, M.	2.419	X-RAY DIFFRACTION	0.224	0.174	False	True	IGHV1	IGKV3	Kappa	None	None	None	None	None
6ol7	K	J	0	NA	NA	NA	NA	IMMUNE SYSTEM	04/15/19	Crystal structure of glVRC01 scFv in complex with anti-idiotype iv8 scFv	MUS MUSCULUS; HOMO SAPIENS	mus musculus	mus musculus		Weidle, C., Pancera, M.	2.419	X-RAY DIFFRACTION	0.224	0.174	False	True	IGHV5	IGKV8	Kappa	None	None	None	None	None
6ol7	E	D	0	NA	NA	NA	NA	IMMUNE SYSTEM	04/15/19	Crystal structure of glVRC01 scFv in complex with anti-idiotype iv8 scFv	MUS MUSCULUS; HOMO SAPIENS	mus musculus	mus musculus		Weidle, C., Pancera, M.	2.419	X-RAY DIFFRACTION	0.224	0.174	False	True	IGHV5	IGKV8	Kappa	None	None	None	None	None
6ol7	A	Q	0	NA	NA	NA	NA	IMMUNE SYSTEM	04/15/19	Crystal structure of glVRC01 scFv in complex with anti-idiotype iv8 scFv	MUS MUSCULUS; HOMO SAPIENS	mus musculus	mus musculus		Weidle, C., Pancera, M.	2.419	X-RAY DIFFRACTION	0.224	0.174	False	True	IGHV5	IGKV8	Kappa	None	None	None	None	None
6ol7	C	B	0	NA	NA	NA	NA	IMMUNE SYSTEM	04/15/19	Crystal structure of glVRC01 scFv in complex with anti-idiotype iv8 scFv	MUS MUSCULUS; HOMO SAPIENS	homo sapiens	homo sapiens		Weidle, C., Pancera, M.	2.419	X-RAY DIFFRACTION	0.224	0.174	False	True	IGHV1	IGKV3	Kappa	None	None	None	None	None
8dce	H	H	0	A	protein	NA	spike protein s1	VIRAL PROTEIN/IMMUNE SYSTEM	06/16/22	SARS-CoV-2 Receptor-Binding Domain SPEEDesign Immunogen 1 Bound to C144 scFv	Homo sapiens; Severe acute respiratory syndrome coronavirus 2	homo sapiens		severe acute respiratory syndrome coronavirus2 	Tang, W.K., Tolia, N.H.	2	X-RAY DIFFRACTION	0.203	0.177	True	True	unknown	unknown	unknown	None	None	None	None	None
3cx5	U	V	0	P	protein	NA	cytochrome b-c1 complex subunit rieske, mitochondrial	OXIDOREDUCTASE	04/23/08	Structure of complex III with bound cytochrome c in reduced state and definition of a minimal core interface for electron transfer.	MUS MUSCULUS; SACCHAROMYCES CEREVISIAE	mus musculus	mus musculus	saccharomyces cerevisiae	Solmaz, S.R.N., Hunte, C.	1.9	X-RAY DIFFRACTION	0.263	0.245	False	True	IGHV3	IGKV10	Kappa	None	None	None	None	None
3cx5	J	K	0	E	protein	NA	cytochrome b-c1 complex subunit rieske, mitochondrial	OXIDOREDUCTASE	04/23/08	Structure of complex III with bound cytochrome c in reduced state and definition of a minimal core interface for electron transfer.	MUS MUSCULUS; SACCHAROMYCES CEREVISIAE	mus musculus	mus musculus	saccharomyces cerevisiae	Solmaz, S.R.N., Hunte, C.	1.9	X-RAY DIFFRACTION	0.263	0.245	False	True	IGHV3	IGKV10	Kappa	None	None	None	None	None
1nqb	C	C	0	NA	NA	NA	NA	IMMUNOGLOBULIN	04/04/97	TRIVALENT ANTIBODY FRAGMENT	MUS MUSCULUS	mus musculus			Williams, R.L., Pei, X.Y.	2.0	X-RAY DIFFRACTION	0.230	0.187	True	True	unknown	unknown	unknown	None	None	None	None	None
1nqb	A	A	0	NA	NA	NA	NA	IMMUNOGLOBULIN	04/04/97	TRIVALENT ANTIBODY FRAGMENT	MUS MUSCULUS	mus musculus			Williams, R.L., Pei, X.Y.	2.0	X-RAY DIFFRACTION	0.230	0.187	True	True	unknown	unknown	unknown	None	None	None	None	None
1ic7	H	L	0	Y	protein	NA	lysozyme c	PROTEIN BINDING/HYDROLASE	03/30/01	CRYSTAL STRUCTURE OF HYHEL-10 FV MUTANT(HD32A99A)-HEN LYSOZYME COMPLEX	MUS MUSCULUS; GALLUS GALLUS	mus musculus	mus musculus	gallus gallus	Shiroishi, M., Yokota, A., Tsumoto, K., Kondo, H., Nishimiya, Y., Horii, K., Matsushima, M., Ogasahara, K., Yutani, K., Kumagai, I.	2.1	X-RAY DIFFRACTION	0.230	0.177	False	True	IGHV3	IGKV5	Kappa	None	None	None	None	None
6lfv	A	A	0	NA	NA	NA	NA	IMMUNE SYSTEM	12/03/19	Crystal structure of PCB4scFv(hN56D)	MUS MUSCULUS	mus musculus			Nakamura, T., Yamagata, Y., Morioka, H.	1.9	X-RAY DIFFRACTION	0.231	0.189	True	True	unknown	unknown	unknown	None	None	None	None	None
2eks	B	A	0	C	protein	NA	lysozyme c	IMMUNE SYSTEM/HYDROLASE	03/24/07	Crystal structure of humanized HyHEL-10 FV-HEN lysozyme complex	HOMO SAPIENS; GALLUS GALLUS	homo sapiens	homo sapiens	gallus gallus	Nakanishi, T., Tsumoto, K., Yokota, A., Kondo, H., Kumagai, I.	2.0	X-RAY DIFFRACTION	0.265	0.221	False	True	IGHV4	IGKV3	Kappa	None	None	None	None	None
5npj	A	A	0	D	peptide	NA	epitope peptide	VIRAL PROTEIN	04/16/17	Structure of the Hepatitis C virus strain JFH1 glycoprotein E2 antigenic region 532-540 bound to the single chain variable fragment of the non-neutralizing antibody DAO5	MUS MUSCULUS; SYNTHETIC CONSTRUCT	mus musculus		hepatitis c virus	Vasiliauskaite, I., Rey, F.A., Krey, T.	1.9	X-RAY DIFFRACTION	0.202	0.186	True	True	unknown	unknown	unknown	None	None	None	None	None
5npj	B	B	0	E	peptide	NA	epitope peptide	VIRAL PROTEIN	04/16/17	Structure of the Hepatitis C virus strain JFH1 glycoprotein E2 antigenic region 532-540 bound to the single chain variable fragment of the non-neutralizing antibody DAO5	MUS MUSCULUS; SYNTHETIC CONSTRUCT	mus musculus		hepatitis c virus	Vasiliauskaite, I., Rey, F.A., Krey, T.	1.9	X-RAY DIFFRACTION	0.202	0.186	True	True	unknown	unknown	unknown	None	None	None	None	None
4yjz	L	L	0	E	protein	NA	hemagglutinin	Viral protein/Immune system	03/03/15	Human antibody H2526 in complex with influenza hemagglutinin H1 Solomon Islands/03/2006	HOMO SAPIENS; INFLUENZA A VIRUS		homo sapiens	influenza a virus	Schmidt, A.G., Harrison, S.C.	2.72	X-RAY DIFFRACTION	0.266	0.230	True	True	unknown	unknown	unknown	None	None	None	None	None
6yxd	H	L	0	A	protein	NA	adiponectin receptor protein 2	MEMBRANE PROTEIN	05/01/20	Room temperature structure of human adiponectin receptor 2 (ADIPOR2) at 2.9 A resolution determined by Serial Crystallography (SSX) using CrystalDirect	HOMO SAPIENS	homo sapiens	homo sapiens	homo sapiens	Healey, R.D., Basu, S., Humm, A.S., Leyrat, C., Dupeux, F., Pica, A., Granier, S., Marquez, J.A.	2.9	X-RAY DIFFRACTION	0.253	0.199	False	True	IGHV1	IGKV12	Kappa	None	None	None	None	None
7si0	I	J	0	G	protein	NA	ige fc	IMMUNE SYSTEM	10/12/21	IgE-Fc in complex with 813	HOMO SAPIENS	homo sapiens	homo sapiens	homo sapiens	Pennington, L.F., Jardetzky, T.J., Kleinboelting, S.	3.0	X-RAY DIFFRACTION	0.261	0.210	False	True	IGHV3	IGKV1	Kappa	None	None	None	None	None
7si0	K	L	0	H	protein	NA	ige fc	IMMUNE SYSTEM	10/12/21	IgE-Fc in complex with 813	HOMO SAPIENS	homo sapiens	homo sapiens	homo sapiens	Pennington, L.F., Jardetzky, T.J., Kleinboelting, S.	3.0	X-RAY DIFFRACTION	0.261	0.210	False	True	IGHV3	IGKV1	Kappa	None	None	None	None	None
7si0	E	F	0	B	protein	NA	ige fc	IMMUNE SYSTEM	10/12/21	IgE-Fc in complex with 813	HOMO SAPIENS	homo sapiens	homo sapiens	homo sapiens	Pennington, L.F., Jardetzky, T.J., Kleinboelting, S.	3.0	X-RAY DIFFRACTION	0.261	0.210	False	True	IGHV3	IGKV1	Kappa	None	None	None	None	None
7si0	C	D	0	A	protein	NA	ige fc	IMMUNE SYSTEM	10/12/21	IgE-Fc in complex with 813	HOMO SAPIENS	homo sapiens	homo sapiens	homo sapiens	Pennington, L.F., Jardetzky, T.J., Kleinboelting, S.	3.0	X-RAY DIFFRACTION	0.261	0.210	False	True	IGHV3	IGKV1	Kappa	None	None	None	None	None
7jtr	H	H	0	G	protein	NA	maltose/maltodextrin-binding periplasmic protein	SUGAR BINDING PROTEIN/IMMUNE SYSTEM	08/18/20	Complex of maltose-binding protein (MBP) with single-chain Fv (scFv)	MUS MUSCULUS; ESCHERICHIA COLI	mus musculus		escherichia coli	Loll, P.J.	2.5	X-RAY DIFFRACTION	0.237	0.201	True	True	unknown	unknown	unknown	None	None	None	None	None
7jtr	D	D	0	C	protein	NA	maltose/maltodextrin-binding periplasmic protein	SUGAR BINDING PROTEIN/IMMUNE SYSTEM	08/18/20	Complex of maltose-binding protein (MBP) with single-chain Fv (scFv)	MUS MUSCULUS; ESCHERICHIA COLI	mus musculus		escherichia coli	Loll, P.J.	2.5	X-RAY DIFFRACTION	0.237	0.201	True	True	unknown	unknown	unknown	None	None	None	None	None
7jtr	F	F	0	E	protein	NA	maltose/maltodextrin-binding periplasmic protein	SUGAR BINDING PROTEIN/IMMUNE SYSTEM	08/18/20	Complex of maltose-binding protein (MBP) with single-chain Fv (scFv)	MUS MUSCULUS; ESCHERICHIA COLI	mus musculus		escherichia coli	Loll, P.J.	2.5	X-RAY DIFFRACTION	0.237	0.201	True	True	unknown	unknown	unknown	None	None	None	None	None
7jtr	B	B	0	A	protein	NA	maltose/maltodextrin-binding periplasmic protein	SUGAR BINDING PROTEIN/IMMUNE SYSTEM	08/18/20	Complex of maltose-binding protein (MBP) with single-chain Fv (scFv)	MUS MUSCULUS; ESCHERICHIA COLI	mus musculus		escherichia coli	Loll, P.J.	2.5	X-RAY DIFFRACTION	0.237	0.201	True	True	unknown	unknown	unknown	None	None	None	None	None
3gm0	A	A	0	A	Hapten	B41	(2S)-1-(1,3-BENZODIOXOL-5-YL)-N-METHYLPROPAN-2-AMINE	IMMUNE SYSTEM	03/12/09	Anti-methamphetamine single chain Fv in complex with MDMA	MUS MUSCULUS		mus musculus	mus musculus	Celikel, R., Peterson, E.C., Owens, M., Varughese, K.I.	2.4	X-RAY DIFFRACTION	0.271	0.214	True	True	unknown	unknown	unknown	None	None	None	None	None
3dur	B	A	0	A	carbohydrate	KDO	3-DEOXY-D-MANNO-OCT-2-ULOSONIC ACID	IMMUNE SYSTEM	07/17/08	Crystal structure of SAG173-04	MUS MUSCULUS	mus musculus	mus musculus	mus musculus	Brooks, C.L., Blackler, R.J., Gerstenbruch, S., Kosma, P., Muller-Loennies, S., Brade, H., Evans, S.V.	1.86	X-RAY DIFFRACTION	0.247	0.178	False	True	IGHV7	IGKV8	Kappa	None	None	None	None	None
3dur	D	C	0	D	carbohydrate	KDO	3-DEOXY-D-MANNO-OCT-2-ULOSONIC ACID	IMMUNE SYSTEM	07/17/08	Crystal structure of SAG173-04	MUS MUSCULUS	mus musculus	mus musculus	mus musculus	Brooks, C.L., Blackler, R.J., Gerstenbruch, S., Kosma, P., Muller-Loennies, S., Brade, H., Evans, S.V.	1.86	X-RAY DIFFRACTION	0.247	0.178	False	True	IGHV7	IGKV8	Kappa	None	None	None	None	None
5xwd	H	D	0	A	protein	NA	epidermal growth factor receptor	SIGNALING PROTEIN	06/29/17	Crystal structure of the complex of 059-152-Fv and EGFR-ECD	HOMO SAPIENS	homo sapiens	homo sapiens	homo sapiens	Matsuda, T., Ito, T., Shirouzu, M.	2.894	X-RAY DIFFRACTION	0.331	0.277	False	True	IGHV4	IGLV3	Lambda	None	None	None	None	None
5c6w	H	H	0	NA	NA	NA	NA	IMMUNE SYSTEM	06/23/15	anti-CXCL13 scFv - E10	HOMO SAPIENS	homo sapiens			Tu, C., Bard, J., Mosyak, L.	1.54	X-RAY DIFFRACTION	0.164	0.154	True	True	unknown	unknown	unknown	None	None	None	None	None
5c6w	J	J	0	NA	NA	NA	NA	IMMUNE SYSTEM	06/23/15	anti-CXCL13 scFv - E10	HOMO SAPIENS	homo sapiens			Tu, C., Bard, J., Mosyak, L.	1.54	X-RAY DIFFRACTION	0.164	0.154	True	True	unknown	unknown	unknown	None	None	None	None	None
4r3s	A	B	0	Q	peptide	NA	merozoite surface protein	IMMUNE SYSTEM	08/18/14	Crystal Structure of anti-MSP2 Fv fragment (mAb6D8)in complex with MSP2 11-23	MUS MUSCULUS; SYNTHETIC CONSTRUCT	mus musculus	mus musculus	plasmodium falciparum	Morales, R.A.V., MacRaild, C.A., Seow, J., Bankala, K., Drinkwater, N., McGowan, S., Rouet, R., Christ, D., Anders, R.F., Norton, R.S.	1.7	X-RAY DIFFRACTION	0.200	0.152	False	True	IGHV14	IGKV3	Kappa	None	None	None	None	None
6ek2	H	H	0	A	protein	NA	cd81 antigen	CELL ADHESION	09/25/17	CRYSTAL STRUCTURE OF HUMAN CD81 LARGE EXTRACELLULAR LOOP IN COMPLEX WITH SINGLE CHAIN FV FRAGMENT 10	HOMO SAPIENS; MUS MUSCULUS	mus musculus		homo sapiens	Harris, S.F., Villasenor, A., Kuglstatter, A.	2.65	X-RAY DIFFRACTION	0.247	0.179	True	True	unknown	unknown	unknown	None	None	None	None	None
6ek2	I	I	0	B	protein	NA	cd81 antigen	CELL ADHESION	09/25/17	CRYSTAL STRUCTURE OF HUMAN CD81 LARGE EXTRACELLULAR LOOP IN COMPLEX WITH SINGLE CHAIN FV FRAGMENT 10	HOMO SAPIENS; MUS MUSCULUS	mus musculus		homo sapiens	Harris, S.F., Villasenor, A., Kuglstatter, A.	2.65	X-RAY DIFFRACTION	0.247	0.179	True	True	unknown	unknown	unknown	None	None	None	None	None
5yoy	P	M	0	K	protein	NA	tumor necrosis factor	IMMUNE SYSTEM	10/31/17	Crystal structure of the human tumor necrosis factor in complex with golimumab Fv	HOMO SAPIENS	homo sapiens	homo sapiens	homo sapiens	Ono, M., Horita, S., Sato, Y., Nomura, Y., Iwata, S., Nomura, N.	2.727	X-RAY DIFFRACTION	0.234	0.190	False	True	IGHV3	IGKV3	Kappa	None	None	None	None	None
5yoy	Q	N	0	L	protein	NA	tumor necrosis factor	IMMUNE SYSTEM	10/31/17	Crystal structure of the human tumor necrosis factor in complex with golimumab Fv	HOMO SAPIENS	homo sapiens	homo sapiens	homo sapiens	Ono, M., Horita, S., Sato, Y., Nomura, Y., Iwata, S., Nomura, N.	2.727	X-RAY DIFFRACTION	0.234	0.190	False	True	IGHV3	IGKV3	Kappa	None	None	None	None	None
5yoy	H	E	0	C	protein	NA	tumor necrosis factor	IMMUNE SYSTEM	10/31/17	Crystal structure of the human tumor necrosis factor in complex with golimumab Fv	HOMO SAPIENS	homo sapiens	homo sapiens	homo sapiens	Ono, M., Horita, S., Sato, Y., Nomura, Y., Iwata, S., Nomura, N.	2.727	X-RAY DIFFRACTION	0.234	0.190	False	True	IGHV3	IGKV3	Kappa	None	None	None	None	None
5yoy	I	F	0	A	protein	NA	tumor necrosis factor	IMMUNE SYSTEM	10/31/17	Crystal structure of the human tumor necrosis factor in complex with golimumab Fv	HOMO SAPIENS	homo sapiens	homo sapiens	homo sapiens	Ono, M., Horita, S., Sato, Y., Nomura, Y., Iwata, S., Nomura, N.	2.727	X-RAY DIFFRACTION	0.234	0.190	False	True	IGHV3	IGKV3	Kappa	None	None	None	None	None
5yoy	G	D	0	B	protein	NA	tumor necrosis factor	IMMUNE SYSTEM	10/31/17	Crystal structure of the human tumor necrosis factor in complex with golimumab Fv	HOMO SAPIENS	homo sapiens	homo sapiens	homo sapiens	Ono, M., Horita, S., Sato, Y., Nomura, Y., Iwata, S., Nomura, N.	2.727	X-RAY DIFFRACTION	0.234	0.190	False	True	IGHV3	IGKV3	Kappa	None	None	None	None	None
5yoy	R	O	0	J	protein	NA	tumor necrosis factor	IMMUNE SYSTEM	10/31/17	Crystal structure of the human tumor necrosis factor in complex with golimumab Fv	HOMO SAPIENS	homo sapiens	homo sapiens	homo sapiens	Ono, M., Horita, S., Sato, Y., Nomura, Y., Iwata, S., Nomura, N.	2.727	X-RAY DIFFRACTION	0.234	0.190	False	True	IGHV3	IGKV3	Kappa	None	None	None	None	None
7a3o	H	L	0	A	protein	NA	core protein	VIRAL PROTEIN	08/18/20	Crystal structure of dengue 1 virus envelope glycoprotein in complex with the scFv fragment of the broadly neutralizing human antibody EDE1 C10	DENGUE VIRUS 1; HOMO SAPIENS	homo sapiens	homo sapiens	dengue virus 1	Sharma, A., Vaney, M.C., Guardado-Calvo, P., Duquerroy, S., Rouvinski, A., Rey, F.A.	2.8	X-RAY DIFFRACTION	0.268	0.218	False	True	IGHV1	IGLV2	Lambda	None	None	None	None	None
5j75	B	B	0	b	Hapten	6GQ	N,4-dimethyl-N-{2-oxo-2-[4-(pyridin-2-yl)piperazin-1-yl]ethyl}benzene-1-sulfonamide	IMMUNE SYSTEM	04/05/16	Fluorogen Activating Progein AM2.2 in complex with ML342	HOMO SAPIENS	homo sapiens			Stanfield, R.L., Wilson, I.A., Wu, Y.	2.0	X-RAY DIFFRACTION	0.263	0.221	True	True	unknown	unknown	unknown	None	None	None	None	None
5j75	A	A	0	b	Hapten	6GQ	N,4-dimethyl-N-{2-oxo-2-[4-(pyridin-2-yl)piperazin-1-yl]ethyl}benzene-1-sulfonamide	IMMUNE SYSTEM	04/05/16	Fluorogen Activating Progein AM2.2 in complex with ML342	HOMO SAPIENS	homo sapiens			Stanfield, R.L., Wilson, I.A., Wu, Y.	2.0	X-RAY DIFFRACTION	0.263	0.221	True	True	unknown	unknown	unknown	None	None	None	None	None
6qf9	B	B	0	NA	NA	NA	NA	APOPTOSIS	01/09/19	Structure of an anti-Mcl1 scFv	HOMO SAPIENS	homo sapiens			Luptak, J.	1.43	X-RAY DIFFRACTION	0.216	0.185	True	True	unknown	unknown	unknown	None	None	None	None	None
6qf9	A	A	0	NA	NA	NA	NA	APOPTOSIS	01/09/19	Structure of an anti-Mcl1 scFv	HOMO SAPIENS	homo sapiens			Luptak, J.	1.43	X-RAY DIFFRACTION	0.216	0.185	True	True	unknown	unknown	unknown	None	None	None	None	None
6y6c	C	C	0	B	protein	NA	triggering receptor expressed on myeloid cells 2	IMMUNE SYSTEM	02/26/20	TREM2 extracellular domain (19-174) in complex with single-chain variable fragment (scFv-4)	HOMO SAPIENS	homo sapiens		homo sapiens	Szykowska, A., Preger, C., Williams, E., Mukhopadhyay, S.M.M., McKinley, G., Gruslund, S., Wigren, E., Persson, H., Arrowsmith, C.H., Edwards, A., von Delft, F., Bountra, C., Davis, J.B., Di Daniel, E., Burgess-Brown, N., Bullock, A.	2.26	X-RAY DIFFRACTION	0.216	0.191	True	True	unknown	unknown	unknown	None	None	None	None	None
6y6c	D	D	0	A	protein	NA	triggering receptor expressed on myeloid cells 2	IMMUNE SYSTEM	02/26/20	TREM2 extracellular domain (19-174) in complex with single-chain variable fragment (scFv-4)	HOMO SAPIENS	homo sapiens		homo sapiens	Szykowska, A., Preger, C., Williams, E., Mukhopadhyay, S.M.M., McKinley, G., Gruslund, S., Wigren, E., Persson, H., Arrowsmith, C.H., Edwards, A., von Delft, F., Bountra, C., Davis, J.B., Di Daniel, E., Burgess-Brown, N., Bullock, A.	2.26	X-RAY DIFFRACTION	0.216	0.191	True	True	unknown	unknown	unknown	None	None	None	None	None
5dhv	H	L	0	M	protein	NA	protein rev	IMMUNE SYSTEM	08/31/15	HIV-1 Rev NTD dimers with variable crossing angles	HOMO SAPIENS; HUMAN IMMUNODEFICIENCY VIRUS 1	homo sapiens	homo sapiens	human immunodeficiency virus 1	DiMattia, M.A., Watts, N.R., Wingfield, P.T., Grimes, J.M., Stuart, D.I., Steven, A.C.	2.3	X-RAY DIFFRACTION	0.227	0.188	False	True	IGHV1	IGKV1	Kappa	None	None	None	None	None
5dhv	A	B	0	N	protein	NA	protein rev	IMMUNE SYSTEM	08/31/15	HIV-1 Rev NTD dimers with variable crossing angles	HOMO SAPIENS; HUMAN IMMUNODEFICIENCY VIRUS 1	homo sapiens	homo sapiens	human immunodeficiency virus 1	DiMattia, M.A., Watts, N.R., Wingfield, P.T., Grimes, J.M., Stuart, D.I., Steven, A.C.	2.3	X-RAY DIFFRACTION	0.227	0.188	False	True	IGHV1	IGKV1	Kappa	None	None	None	None	None
5vf2	A	A	0	NA	NA	NA	NA	IMMUNE SYSTEM	04/06/17	scFv 2D10 complexed with alpha 1,6 mannobiose, re-refinement	MUS MUSCULUS	mus musculus			Porebski, P.J., Wlodawer, A., Dauter, Z., Minor, W., Stanfield, R., Jaskolski, M., Pozharski, E., Weichenberger, C.X., Rupp, B.	1.55	X-RAY DIFFRACTION	0.180	0.153	True	True	unknown	unknown	unknown	None	None	None	None	None
2dqd	H	L	0	Y	protein	NA	lysozyme c	IMMUNE SYSTEM/HYDROLASE	05/25/06	Crystal structure of hyhel-10 FV mutant (Hy50f) complexed with hen egg lysozyme	MUS MUSCULUS; GALLUS GALLUS	mus musculus	mus musculus	gallus gallus	Shiroishi, M., Kondo, H., Tsumoto, K., Kumagai, I.	1.8	X-RAY DIFFRACTION	0.215	0.186	False	True	IGHV3	IGKV5	Kappa	None	None	None	None	None
5gs1	R	Q	0	NA	NA	NA	NA	IMMUNE SYSTEM	08/13/16	Crystal structure of homo-specific diabody	HOMO SAPIENS	homo sapiens	homo sapiens		Kim, J.H., Song, D.H., Youn, S.J., Kim, J.W., Cho, G., Lee, H., Lee, J.O.	2.0	X-RAY DIFFRACTION	0.286	0.267	False	True	IGHV3	IGKV3	Kappa	None	None	None	None	None
5gs1	I	I	0	NA	NA	NA	NA	IMMUNE SYSTEM	08/13/16	Crystal structure of homo-specific diabody	HOMO SAPIENS	homo sapiens			Kim, J.H., Song, D.H., Youn, S.J., Kim, J.W., Cho, G., Lee, H., Lee, J.O.	2.0	X-RAY DIFFRACTION	0.286	0.267	True	True	unknown	unknown	unknown	None	None	None	None	None
5gs1	J	J	0	NA	NA	NA	NA	IMMUNE SYSTEM	08/13/16	Crystal structure of homo-specific diabody	HOMO SAPIENS	homo sapiens			Kim, J.H., Song, D.H., Youn, S.J., Kim, J.W., Cho, G., Lee, H., Lee, J.O.	2.0	X-RAY DIFFRACTION	0.286	0.267	True	True	unknown	unknown	unknown	None	None	None	None	None
5gs1	D	D	0	NA	NA	NA	NA	IMMUNE SYSTEM	08/13/16	Crystal structure of homo-specific diabody	HOMO SAPIENS	homo sapiens			Kim, J.H., Song, D.H., Youn, S.J., Kim, J.W., Cho, G., Lee, H., Lee, J.O.	2.0	X-RAY DIFFRACTION	0.286	0.267	True	True	unknown	unknown	unknown	None	None	None	None	None
5gs1	F	F	0	NA	NA	NA	NA	IMMUNE SYSTEM	08/13/16	Crystal structure of homo-specific diabody	HOMO SAPIENS	homo sapiens			Kim, J.H., Song, D.H., Youn, S.J., Kim, J.W., Cho, G., Lee, H., Lee, J.O.	2.0	X-RAY DIFFRACTION	0.286	0.267	True	True	unknown	unknown	unknown	None	None	None	None	None
5gs1	P	O	0	NA	NA	NA	NA	IMMUNE SYSTEM	08/13/16	Crystal structure of homo-specific diabody	HOMO SAPIENS	homo sapiens	homo sapiens		Kim, J.H., Song, D.H., Youn, S.J., Kim, J.W., Cho, G., Lee, H., Lee, J.O.	2.0	X-RAY DIFFRACTION	0.286	0.267	False	True	IGHV3	IGKV3	Kappa	None	None	None	None	None
5gs1	N	M	0	NA	NA	NA	NA	IMMUNE SYSTEM	08/13/16	Crystal structure of homo-specific diabody	HOMO SAPIENS	homo sapiens	homo sapiens		Kim, J.H., Song, D.H., Youn, S.J., Kim, J.W., Cho, G., Lee, H., Lee, J.O.	2.0	X-RAY DIFFRACTION	0.286	0.267	False	True	IGHV3	IGKV3	Kappa	None	None	None	None	None
5gs1	G	G	0	NA	NA	NA	NA	IMMUNE SYSTEM	08/13/16	Crystal structure of homo-specific diabody	HOMO SAPIENS	homo sapiens			Kim, J.H., Song, D.H., Youn, S.J., Kim, J.W., Cho, G., Lee, H., Lee, J.O.	2.0	X-RAY DIFFRACTION	0.286	0.267	True	True	unknown	unknown	unknown	None	None	None	None	None
5gs1	K	K	0	NA	NA	NA	NA	IMMUNE SYSTEM	08/13/16	Crystal structure of homo-specific diabody	HOMO SAPIENS	homo sapiens			Kim, J.H., Song, D.H., Youn, S.J., Kim, J.W., Cho, G., Lee, H., Lee, J.O.	2.0	X-RAY DIFFRACTION	0.286	0.267	True	True	unknown	unknown	unknown	None	None	None	None	None
5gs1	H	H	0	NA	NA	NA	NA	IMMUNE SYSTEM	08/13/16	Crystal structure of homo-specific diabody	HOMO SAPIENS	homo sapiens			Kim, J.H., Song, D.H., Youn, S.J., Kim, J.W., Cho, G., Lee, H., Lee, J.O.	2.0	X-RAY DIFFRACTION	0.286	0.267	True	True	unknown	unknown	unknown	None	None	None	None	None
5gs1	L	L	0	NA	NA	NA	NA	IMMUNE SYSTEM	08/13/16	Crystal structure of homo-specific diabody	HOMO SAPIENS	homo sapiens			Kim, J.H., Song, D.H., Youn, S.J., Kim, J.W., Cho, G., Lee, H., Lee, J.O.	2.0	X-RAY DIFFRACTION	0.286	0.267	True	True	unknown	unknown	unknown	None	None	None	None	None
5gs1	B	A	0	NA	NA	NA	NA	IMMUNE SYSTEM	08/13/16	Crystal structure of homo-specific diabody	HOMO SAPIENS	homo sapiens	homo sapiens		Kim, J.H., Song, D.H., Youn, S.J., Kim, J.W., Cho, G., Lee, H., Lee, J.O.	2.0	X-RAY DIFFRACTION	0.286	0.267	False	True	IGHV3	IGKV3	Kappa	None	None	None	None	None
5gs1	C	C	0	NA	NA	NA	NA	IMMUNE SYSTEM	08/13/16	Crystal structure of homo-specific diabody	HOMO SAPIENS	homo sapiens			Kim, J.H., Song, D.H., Youn, S.J., Kim, J.W., Cho, G., Lee, H., Lee, J.O.	2.0	X-RAY DIFFRACTION	0.286	0.267	True	True	unknown	unknown	unknown	None	None	None	None	None
5gs1	E	E	0	NA	NA	NA	NA	IMMUNE SYSTEM	08/13/16	Crystal structure of homo-specific diabody	HOMO SAPIENS	homo sapiens			Kim, J.H., Song, D.H., Youn, S.J., Kim, J.W., Cho, G., Lee, H., Lee, J.O.	2.0	X-RAY DIFFRACTION	0.286	0.267	True	True	unknown	unknown	unknown	None	None	None	None	None
1g7l	B	A	0	C	protein	NA	lysozyme c	HYDROLASE INHIBITOR/HYDROLASE	11/10/00	CRYSTAL STRUCTURE OF HEN EGG WHITE LYSOZYME (HEL) COMPLEXED WITH THE MUTANT ANTI-HEL MONOCLONAL ANTIBODY D1.3 (VLW92S)	MUS MUSCULUS; GALLUS GALLUS	mus musculus	mus musculus	gallus gallus	Sundberg, E.J., Urrutia, M., Braden, B.C., Isern, J., Mariuzza, R.A.	2.0	X-RAY DIFFRACTION	0.240	0.207	False	True	IGHV2	IGKV12	Kappa	None	None	None	None	None
6dn0	A	B	0	NA	NA	NA	NA	IMMUNE SYSTEM	06/05/18	Retrofitted antibodies with stabilizing mutations: Herceptin scFv mutant with VH K30D and VL S52D.	HOMO SAPIENS	homo sapiens	homo sapiens		Langley, D.B., Roome, B., Christ, D.	2.0	X-RAY DIFFRACTION	0.234	0.205	False	True	IGHV3	IGKV1	Kappa	None	None	None	None	None
6dn0	C	D	0	NA	NA	NA	NA	IMMUNE SYSTEM	06/05/18	Retrofitted antibodies with stabilizing mutations: Herceptin scFv mutant with VH K30D and VL S52D.	HOMO SAPIENS	homo sapiens	homo sapiens		Langley, D.B., Roome, B., Christ, D.	2.0	X-RAY DIFFRACTION	0.234	0.205	False	True	IGHV3	IGKV1	Kappa	None	None	None	None	None
6a78	I	M	0	B	protein	NA	roundabout homolog 1	IMMUNE SYSTEM	07/02/18	Crystal structure of the fifth immunoglobulin domain (Ig5) of human Robo1 in complex with the scFv fragment of murine monoclonal antibody B5209B	HOMO SAPIENS; MUS MUSCULUS	mus musculus	mus musculus	homo sapiens	Mizohata, E., Nakayama, T., Kado, Y., Inoue, T.	2.1	X-RAY DIFFRACTION	0.285	0.239	False	True	IGHV5	IGKV12	Kappa	None	None	None	None	None
6a78	H	L	0	A	protein	NA	roundabout homolog 1	IMMUNE SYSTEM	07/02/18	Crystal structure of the fifth immunoglobulin domain (Ig5) of human Robo1 in complex with the scFv fragment of murine monoclonal antibody B5209B	HOMO SAPIENS; MUS MUSCULUS	mus musculus	mus musculus	homo sapiens	Mizohata, E., Nakayama, T., Kado, Y., Inoue, T.	2.1	X-RAY DIFFRACTION	0.285	0.239	False	True	IGHV5	IGKV12	Kappa	None	None	None	None	None
7a3q	H	L	0	A	protein	NA	envelope protein e	VIRAL PROTEIN	08/18/20	Crystal structure of dengue 4 virus envelope glycoprotein in complex with the scFv fragment of the broadly neutralizing human antibody EDE1 C10	DENGUE VIRUS 4; HOMO SAPIENS	homo sapiens	homo sapiens	dengue virus 4	Sharma, A., Vaney, M.C., Guardado-Calvo, P., Duquerroy, S., Rouvinski, A., Rey, F.A.	2.7	X-RAY DIFFRACTION	0.239	0.216	False	True	IGHV1	IGLV2	Lambda	None	None	None	None	None
7a3q	I	M	0	B	protein	NA	envelope protein e	VIRAL PROTEIN	08/18/20	Crystal structure of dengue 4 virus envelope glycoprotein in complex with the scFv fragment of the broadly neutralizing human antibody EDE1 C10	DENGUE VIRUS 4; HOMO SAPIENS	homo sapiens	homo sapiens	dengue virus 4	Sharma, A., Vaney, M.C., Guardado-Calvo, P., Duquerroy, S., Rouvinski, A., Rey, F.A.	2.7	X-RAY DIFFRACTION	0.239	0.216	False	True	IGHV1	IGLV2	Lambda	None	None	None	None	None
6vep	O	P	0	Q	protein	NA	insulin receptor subunit alpha	HORMONE RECEPTOR/HORMONE/IMMUNE SYSTEM	01/02/20	Human insulin in complex with the human insulin microreceptor in turn in complex with Fv 83-7	HOMO SAPIENS; MUS MUSCULUS; SYNTHETIC CONSTRUCT	mus musculus	mus musculus	homo sapiens	Lawrence, M.C., Menting, J.G.T.	2.9	X-RAY DIFFRACTION	0.225	0.193	False	True	IGHV2	IGKV8	Kappa	None	None	None	None	None
6vep	I	J	0	K	protein	NA	insulin receptor subunit alpha	HORMONE RECEPTOR/HORMONE/IMMUNE SYSTEM	01/02/20	Human insulin in complex with the human insulin microreceptor in turn in complex with Fv 83-7	HOMO SAPIENS; MUS MUSCULUS; SYNTHETIC CONSTRUCT	mus musculus	mus musculus	homo sapiens	Lawrence, M.C., Menting, J.G.T.	2.9	X-RAY DIFFRACTION	0.225	0.193	False	True	IGHV2	IGKV8	Kappa	None	None	None	None	None
6vep	U	V	0	W	protein	NA	insulin receptor subunit alpha	HORMONE RECEPTOR/HORMONE/IMMUNE SYSTEM	01/02/20	Human insulin in complex with the human insulin microreceptor in turn in complex with Fv 83-7	HOMO SAPIENS; MUS MUSCULUS; SYNTHETIC CONSTRUCT	mus musculus	mus musculus	homo sapiens	Lawrence, M.C., Menting, J.G.T.	2.9	X-RAY DIFFRACTION	0.225	0.193	False	True	IGHV2	IGKV8	Kappa	None	None	None	None	None
6vep	C	D	0	E	protein	NA	insulin receptor subunit alpha	HORMONE RECEPTOR/HORMONE/IMMUNE SYSTEM	01/02/20	Human insulin in complex with the human insulin microreceptor in turn in complex with Fv 83-7	HOMO SAPIENS; MUS MUSCULUS; SYNTHETIC CONSTRUCT	mus musculus	mus musculus	homo sapiens	Lawrence, M.C., Menting, J.G.T.	2.9	X-RAY DIFFRACTION	0.225	0.193	False	True	IGHV2	IGKV8	Kappa	None	None	None	None	None
5xcu	D	E	0	F	peptide	NA	ha peptide	IMMUNE SYSTEM	03/23/17	Crystal structure of 12CA5 Fv-clasp fragment with its antigen peptide	MUS MUSCULUS; HOMO SAPIENS; SYNTHETIC CONSTRUCT	mus musculus, homo sapiens	mus musculus, homo sapiens	homo sapiens	Arimori, T., Takagi, J.	2.454	X-RAY DIFFRACTION	0.247	0.199	False	True	IGHV5	IGKV8	Kappa	None	None	None	None	None
5xcu	A	B	0	C	peptide	NA	ha peptide	IMMUNE SYSTEM	03/23/17	Crystal structure of 12CA5 Fv-clasp fragment with its antigen peptide	MUS MUSCULUS; HOMO SAPIENS; SYNTHETIC CONSTRUCT	mus musculus, homo sapiens	mus musculus, homo sapiens	homo sapiens	Arimori, T., Takagi, J.	2.454	X-RAY DIFFRACTION	0.247	0.199	False	True	IGHV5	IGKV8	Kappa	None	None	None	None	None
1bfv	H	L	0	H	Hapten	STG	ESTRIOL 3-(B-D-GLUCURONIDE)	IMMUNOGLOBULIN	05/27/97	MONOCLONAL ANTIBODY FRAGMENT FV4155 FROM E. COLI	MUS MUSCULUS	mus musculus	mus musculus	mus musculus	Trinh, C.H., Phillips, S.E.V.	2.1	X-RAY DIFFRACTION	0.271	0.187	False	True	IGHV5	IGKV1	Kappa	None	None	None	None	None
5iwl	A	A	0	D	protein	NA	leukocyte surface antigen cd47	CELL ADHESION	03/22/16	CD47-diabody complex	HOMO SAPIENS	homo sapiens		homo sapiens	Di, W., Jude, K.M., Garcia, K.C.	2.8	X-RAY DIFFRACTION	0.267	0.221	True	True	unknown	unknown	unknown	None	None	None	None	None
5iwl	B	B	0	C	protein	NA	leukocyte surface antigen cd47	CELL ADHESION	03/22/16	CD47-diabody complex	HOMO SAPIENS	homo sapiens		homo sapiens	Di, W., Jude, K.M., Garcia, K.C.	2.8	X-RAY DIFFRACTION	0.267	0.221	True	True	unknown	unknown	unknown	None	None	None	None	None
5yy5	H	L	0	A	protein	NA	mers-cov rbd	VIRAL PROTEIN	12/08/17	Structural definition of a unique neutralization epitope on the receptor-binding domain of MERS-CoV spike glycoprotein	MIDDLE EAST RESPIRATORY SYNDROME CORONAVIRUS; HOMO SAPIENS	homo sapiens	homo sapiens	middle east respiratory syndrome coronavirus	Zhang, S.Y., Wang, P.F., Zhou, P.P., Wang, X.Q., Zhang, L.Q.	2.8	X-RAY DIFFRACTION	0.279	0.246	False	True	IGHV3	IGLV1	Lambda	None	None	None	None	None
5yy5	C	D	0	B	protein	NA	mers-cov rbd	VIRAL PROTEIN	12/08/17	Structural definition of a unique neutralization epitope on the receptor-binding domain of MERS-CoV spike glycoprotein	MIDDLE EAST RESPIRATORY SYNDROME CORONAVIRUS; HOMO SAPIENS	homo sapiens	homo sapiens	middle east respiratory syndrome coronavirus	Zhang, S.Y., Wang, P.F., Zhou, P.P., Wang, X.Q., Zhang, L.Q.	2.8	X-RAY DIFFRACTION	0.279	0.246	False	True	IGHV3	IGLV1	Lambda	None	None	None	None	None
2ap2	D	C	0	Q	peptide	NA	protein (p-glycoprotein)	IMMUNE SYSTEM	03/22/99	SINGLE CHAIN FV OF C219 IN COMPLEX WITH SYNTHETIC EPITOPE PEPTIDE	MUS MUSCULUS; SYNTHETIC CONSTRUCT	mus musculus	mus musculus		Van Den Elsen, J.M.H., Rose, D.R.	2.4	X-RAY DIFFRACTION	0.274	0.221	True	True	IGHV14	IGKV8	Kappa	None	None	None	None	None
2ap2	B	A	0	P	peptide	NA	protein (p-glycoprotein)	IMMUNE SYSTEM	03/22/99	SINGLE CHAIN FV OF C219 IN COMPLEX WITH SYNTHETIC EPITOPE PEPTIDE	MUS MUSCULUS; SYNTHETIC CONSTRUCT	mus musculus	mus musculus		Van Den Elsen, J.M.H., Rose, D.R.	2.4	X-RAY DIFFRACTION	0.274	0.221	True	True	IGHV14	IGKV8	Kappa	None	None	None	None	None
3dv4	B	A	0	B	carbohydrate	KDO	3-DEOXY-D-MANNO-OCT-2-ULOSONIC ACID	IMMUNE SYSTEM	07/18/08	Crystal structure of SAG506-01, tetragonal, crystal 1	MUS MUSCULUS	mus musculus	mus musculus	mus musculus	Brooks, C.L., Blackler, R.J., Gerstenbruch, S., Kosma, P., Muller-Loennies, S., Brade, H., Evans, S.V.	1.95	X-RAY DIFFRACTION	0.336	0.269	False	True	IGHV7	IGKV8	Kappa	None	None	None	None	None
6cr1	H	L	0	NA	NA	NA	NA	IMMUNE SYSTEM	03/16/18	adalimumab EFab	HOMO SAPIENS	homo sapiens	homo sapiens		Arndt, J.W.	1.521	X-RAY DIFFRACTION	0.179	0.153	False	True	IGHV3	IGKV1	Kappa	None	None	None	None	None
1j05	H	L	0	NA	NA	NA	NA	Immune system	11/01/02	The crystal structure of anti-carcinoembryonic antigen monoclonal antibody T84.66 Fv fragment	MUS MUSCULUS	mus musculus	mus musculus		Kondo, H., Nishimura, Y., Shiroishi, M., Asano, R., Noro, N., Tsumoto, K., Kumagai, I.	1.5	X-RAY DIFFRACTION	unknown	unknown	False	True	IGHV14	IGKV3	Kappa	None	None	None	None	None
1j05	B	A	0	NA	NA	NA	NA	Immune system	11/01/02	The crystal structure of anti-carcinoembryonic antigen monoclonal antibody T84.66 Fv fragment	MUS MUSCULUS	mus musculus	mus musculus		Kondo, H., Nishimura, Y., Shiroishi, M., Asano, R., Noro, N., Tsumoto, K., Kumagai, I.	1.5	X-RAY DIFFRACTION	unknown	unknown	False	True	IGHV14	IGKV3	Kappa	None	None	None	None	None
6j5f	H	L	0	A	protein	NA	envelope protein	VIRAL PROTEIN/IMMUNE SYSTEM	01/10/19	Complex structure of MAb 4.2-scFv with tick-borne encephalitis virus envelope protein Domain III	TICK-BORNE ENCEPHALITIS VIRUS; MUS MUSCULUS	mus musculus	mus musculus	tick-borne encephalitis virus	Yang, X., Qi, J., Peng, R., Dai, L., Gould, E.A., Tien, P., Gao, G.F.	1.801	X-RAY DIFFRACTION	0.192	0.179	False	True	IGHV1	IGKV12	Kappa	None	None	None	None	None
6osv	H	L	0	K	protein	NA	tyrosine-protein kinase transmembrane receptor ror2	immune sytem/transferase	04/01/20	Potent and Selective Antitumor Antibody Targeting a Membrane-Proximal Epitope of ROR2	ORYCTOLAGUS CUNICULUS; HOMO SAPIENS	oryctolagus cuniculus	oryctolagus cuniculus	homo sapiens	Park, H., Rader, C.	1.34	X-RAY DIFFRACTION	0.189	0.162	False	True	IGHV3	IGKV1	Kappa	None	None	None	None	None
1a6v	I	M	0	I	Hapten	NPC	4-HYDROXY-3-NITROPHENYLACETYL-EPSILON-AMINOCAPROIC ACID ANION	IMMUNOGLOBULIN	03/03/98	B1-8 FV FRAGMENT COMPLEXED WITH A (4-HYDROXY-3-NITROPHENYL) ACETATE COMPOUND	MUS MUSCULUS	mus musculus	mus musculus	mus musculus	Simon, T., Henrick, K., Hirshberg, M., Winter, G.	1.8	X-RAY DIFFRACTION	unknown	0.296	False	True	IGHV1	IGLV1	Lambda	None	None	None	None	None
1a6v	H	L	0	H	Hapten	NPC	4-HYDROXY-3-NITROPHENYLACETYL-EPSILON-AMINOCAPROIC ACID ANION	IMMUNOGLOBULIN	03/03/98	B1-8 FV FRAGMENT COMPLEXED WITH A (4-HYDROXY-3-NITROPHENYL) ACETATE COMPOUND	MUS MUSCULUS	mus musculus	mus musculus	mus musculus	Simon, T., Henrick, K., Hirshberg, M., Winter, G.	1.8	X-RAY DIFFRACTION	unknown	0.296	False	True	IGHV1	IGLV1	Lambda	None	None	None	None	None
1a6v	J	N	0	J	Hapten	NPC	4-HYDROXY-3-NITROPHENYLACETYL-EPSILON-AMINOCAPROIC ACID ANION	IMMUNOGLOBULIN	03/03/98	B1-8 FV FRAGMENT COMPLEXED WITH A (4-HYDROXY-3-NITROPHENYL) ACETATE COMPOUND	MUS MUSCULUS	mus musculus	mus musculus	mus musculus	Simon, T., Henrick, K., Hirshberg, M., Winter, G.	1.8	X-RAY DIFFRACTION	unknown	0.296	False	True	IGHV1	IGLV1	Lambda	None	None	None	None	None
6uy3	A	A	0	a	Hapten	MTX	METHOTREXATE	ANTITUMOR PROTEIN	11/11/19	Structure of anti-hCD33 conditional scFv with methotrexate	CAMELIDAE MIXED LIBRARY	camelidae mixed library			Kimberlin, C.R., Park, S.	2.0	X-RAY DIFFRACTION	0.221	0.189	True	True	unknown	unknown	unknown	None	None	None	None	None
2otu	D	C	0	Q	peptide	NA	peptide antigen	IMMUNE SYSTEM	02/09/07	Crystal structure of Fv polyglutamine complex	MUS MUSCULUS; SYNTHETIC CONSTRUCT	mus musculus	mus musculus		Li, P.	1.68	X-RAY DIFFRACTION	0.214	0.200	False	True	IGHV5	IGLV3	Lambda	None	None	None	None	None
2otu	B	A	0	P	peptide	NA	peptide antigen	IMMUNE SYSTEM	02/09/07	Crystal structure of Fv polyglutamine complex	MUS MUSCULUS; SYNTHETIC CONSTRUCT	mus musculus	mus musculus		Li, P.	1.68	X-RAY DIFFRACTION	0.214	0.200	False	True	IGHV5	IGLV3	Lambda	None	None	None	None	None
2otu	F	E	0	R	peptide	NA	peptide antigen	IMMUNE SYSTEM	02/09/07	Crystal structure of Fv polyglutamine complex	MUS MUSCULUS; SYNTHETIC CONSTRUCT	mus musculus	mus musculus		Li, P.	1.68	X-RAY DIFFRACTION	0.214	0.200	False	True	IGHV5	IGLV3	Lambda	None	None	None	None	None
2otu	H	G	0	S	peptide	NA	peptide antigen	IMMUNE SYSTEM	02/09/07	Crystal structure of Fv polyglutamine complex	MUS MUSCULUS; SYNTHETIC CONSTRUCT	mus musculus	mus musculus		Li, P.	1.68	X-RAY DIFFRACTION	0.214	0.200	False	True	IGHV5	IGLV3	Lambda	None	None	None	None	None
7jum	I	I	0	B	protein	NA	gametocyte surface protein p230	CELL INVASION	08/20/20	Pfs230 D1 domain in complex with neutralizing antibody LMIV230-01	PLASMODIUM FALCIPARUM (ISOLATE 3D7); HOMO SAPIENS	homo sapiens		plasmodium falciparum (isolate 3d7)	Tolia, N., Tang, W.K.	1.998	X-RAY DIFFRACTION	0.233	0.191	True	True	unknown	unknown	unknown	None	None	None	None	None
7jum	J	J	0	C	protein	NA	gametocyte surface protein p230	CELL INVASION	08/20/20	Pfs230 D1 domain in complex with neutralizing antibody LMIV230-01	PLASMODIUM FALCIPARUM (ISOLATE 3D7); HOMO SAPIENS	homo sapiens		plasmodium falciparum (isolate 3d7)	Tolia, N., Tang, W.K.	1.998	X-RAY DIFFRACTION	0.233	0.191	True	True	unknown	unknown	unknown	None	None	None	None	None
7jum	H	H	0	A	protein	NA	gametocyte surface protein p230	CELL INVASION	08/20/20	Pfs230 D1 domain in complex with neutralizing antibody LMIV230-01	PLASMODIUM FALCIPARUM (ISOLATE 3D7); HOMO SAPIENS	homo sapiens		plasmodium falciparum (isolate 3d7)	Tolia, N., Tang, W.K.	1.998	X-RAY DIFFRACTION	0.233	0.191	True	True	unknown	unknown	unknown	None	None	None	None	None
4h0g	A	A	0	NA	NA	NA	NA	IMMUNE SYSTEM	09/08/12	Crystal structure of mimicry-recognizing native 2D10 scFv	MUS MUSCULUS	mus musculus			Tapryal, S., Gaur, V., Kaur, K.J., Salunke, D.M.	2.3	X-RAY DIFFRACTION	0.275	0.262	True	True	unknown	unknown	unknown	None	None	None	None	None
3juy	A	A	0	NA	NA	NA	NA	IMMUNE SYSTEM	09/15/09	Crystal Structure of a 3B3 Variant, a Broadly Neutralizing HIV-1 scFv Antibody	HOMO SAPIENS	homo sapiens			Clark, K.R., Walsh, S.T.	2.5	X-RAY DIFFRACTION	0.260	0.195	True	True	unknown	unknown	unknown	None	None	None	None	None
3juy	D	D	0	NA	NA	NA	NA	IMMUNE SYSTEM	09/15/09	Crystal Structure of a 3B3 Variant, a Broadly Neutralizing HIV-1 scFv Antibody	HOMO SAPIENS	homo sapiens			Clark, K.R., Walsh, S.T.	2.5	X-RAY DIFFRACTION	0.260	0.195	True	True	unknown	unknown	unknown	None	None	None	None	None
3juy	F	F	0	NA	NA	NA	NA	IMMUNE SYSTEM	09/15/09	Crystal Structure of a 3B3 Variant, a Broadly Neutralizing HIV-1 scFv Antibody	HOMO SAPIENS	homo sapiens			Clark, K.R., Walsh, S.T.	2.5	X-RAY DIFFRACTION	0.260	0.195	True	True	unknown	unknown	unknown	None	None	None	None	None
3juy	B	B	0	NA	NA	NA	NA	IMMUNE SYSTEM	09/15/09	Crystal Structure of a 3B3 Variant, a Broadly Neutralizing HIV-1 scFv Antibody	HOMO SAPIENS	homo sapiens			Clark, K.R., Walsh, S.T.	2.5	X-RAY DIFFRACTION	0.260	0.195	True	True	unknown	unknown	unknown	None	None	None	None	None
3juy	E	E	0	NA	NA	NA	NA	IMMUNE SYSTEM	09/15/09	Crystal Structure of a 3B3 Variant, a Broadly Neutralizing HIV-1 scFv Antibody	HOMO SAPIENS	homo sapiens			Clark, K.R., Walsh, S.T.	2.5	X-RAY DIFFRACTION	0.260	0.195	True	True	unknown	unknown	unknown	None	None	None	None	None
3juy	C	C	0	NA	NA	NA	NA	IMMUNE SYSTEM	09/15/09	Crystal Structure of a 3B3 Variant, a Broadly Neutralizing HIV-1 scFv Antibody	HOMO SAPIENS	homo sapiens			Clark, K.R., Walsh, S.T.	2.5	X-RAY DIFFRACTION	0.260	0.195	True	True	unknown	unknown	unknown	None	None	None	None	None
6ehv	X	X	0	NA	NA	NA	NA	IMMUNE SYSTEM	09/15/17	scFv AbVance: increasing our knowledge of antibody structural space to enable faster and better decision making in drug discovery	HOMO SAPIENS	homo sapiens			Hargreaves, D.	2.54	X-RAY DIFFRACTION	0.314	0.275	True	True	unknown	unknown	unknown	None	None	None	None	None
1jp5	A	A	0	C	peptide	NA	epitope peptide corresponding to n-terminus ofhiv-1 protease 	IMMUNE SYSTEM	08/01/01	Crystal structure of the single-chain Fv fragment 1696 in complex with the epitope peptide corresponding to N-terminus of HIV-1 protease	MUS MUSCULUS; SYNTHETIC CONSTRUCT		mus musculus		Rezacova, P., Lescar, J., Brynda, J., Fabry, M., Horejsi, M., Sedlacek, J., Bentley, G.A.	2.7	X-RAY DIFFRACTION	0.287	0.229	True	True	unknown	unknown	unknown	None	None	None	None	None
1jp5	B	B	0	D	peptide	NA	epitope peptide corresponding to n-terminus ofhiv-1 protease 	IMMUNE SYSTEM	08/01/01	Crystal structure of the single-chain Fv fragment 1696 in complex with the epitope peptide corresponding to N-terminus of HIV-1 protease	MUS MUSCULUS; SYNTHETIC CONSTRUCT		mus musculus		Rezacova, P., Lescar, J., Brynda, J., Fabry, M., Horejsi, M., Sedlacek, J., Bentley, G.A.	2.7	X-RAY DIFFRACTION	0.287	0.229	True	True	unknown	unknown	unknown	None	None	None	None	None
5lxa	H	H	0	A	protein	NA	adiponectin receptor protein 2	MEMBRANE PROTEIN	09/20/16	CRYSTAL STRUCTURE OF HUMAN ADIPONECTIN RECEPTOR 2 IN COMPLEX WITH A C18 FREE FATTY ACID AT 3.0 ANGSTROM RESOLUTION	MUS MUSCULUS; HOMO SAPIENS	mus musculus		homo sapiens	Vasiliauskaite-Brooks, I., Leyrat, C., Hoh, F., Granier, S.	3.0	X-RAY DIFFRACTION	0.254	0.199	True	True	unknown	unknown	unknown	None	None	None	None	None
6nou	A	A	0	NA	NA	NA	NA	IMMUNE SYSTEM	01/16/19	An scFv derived from ixekizumab	HOMO SAPIENS	homo sapiens			Durbin, J.D., Clawson, D.K., Lu, F., Tian, Y., Lu, J., Atwell, S.	1.914	X-RAY DIFFRACTION	0.234	0.180	True	True	unknown	unknown	unknown	None	None	None	None	None
7rk2	C	C	0	B	protein	NA	capsid protein vp25	VIRAL PROTEIN	07/21/21	Crystal structure of the human astrovirus serotype 8 capsid spike in complex with scFv 2D9, an astrovirus-neutralizing antibody, at 2.65-A resolution	HUMAN ASTROVIRUS-8; MUS MUSCULUS	mus musculus		human astrovirus-8	Meyer, L., Cuellar, C., DuBois, R.M.	2.65	X-RAY DIFFRACTION	0.247	0.218	True	True	unknown	unknown	unknown	None	None	None	None	None
7rk2	D	D	0	A	protein	NA	capsid protein vp25	VIRAL PROTEIN	07/21/21	Crystal structure of the human astrovirus serotype 8 capsid spike in complex with scFv 2D9, an astrovirus-neutralizing antibody, at 2.65-A resolution	HUMAN ASTROVIRUS-8; MUS MUSCULUS	mus musculus		human astrovirus-8	Meyer, L., Cuellar, C., DuBois, R.M.	2.65	X-RAY DIFFRACTION	0.247	0.218	True	True	unknown	unknown	unknown	None	None	None	None	None
1c08	B	A	0	C	protein	NA	lysozyme	IMMUNE SYSTEM/HYDROLASE	07/15/99	CRYSTAL STRUCTURE OF HYHEL-10 FV-HEN LYSOZYME COMPLEX	MUS MUSCULUS; GALLUS GALLUS	mus musculus	mus musculus	gallus gallus	Shiroishi, M., Kondo, H., Matsushima, M., Tsumoto, K., Kumagai, I.	2.3	X-RAY DIFFRACTION	0.175	0.235	False	True	IGHV3	IGKV5	Kappa	None	None	None	None	None
6ffj	E	E	0	NA	NA	NA	NA	ANTITUMOR PROTEIN	01/08/18	Anti-tumor antibody 14F7-derived single chain fragment variable (scFv)	HOMO SAPIENS	homo sapiens			Bjerregaard-Andersen, K., Heggelund, J.E., Krengel, U.	2.2	X-RAY DIFFRACTION	0.238	0.184	True	True	unknown	unknown	unknown	None	None	None	None	None
6ffj	A	A	0	NA	NA	NA	NA	ANTITUMOR PROTEIN	01/08/18	Anti-tumor antibody 14F7-derived single chain fragment variable (scFv)	HOMO SAPIENS	homo sapiens			Bjerregaard-Andersen, K., Heggelund, J.E., Krengel, U.	2.2	X-RAY DIFFRACTION	0.238	0.184	True	True	unknown	unknown	unknown	None	None	None	None	None
6ffj	G	G	0	NA	NA	NA	NA	ANTITUMOR PROTEIN	01/08/18	Anti-tumor antibody 14F7-derived single chain fragment variable (scFv)	HOMO SAPIENS	homo sapiens			Bjerregaard-Andersen, K., Heggelund, J.E., Krengel, U.	2.2	X-RAY DIFFRACTION	0.238	0.184	True	True	unknown	unknown	unknown	None	None	None	None	None
6ffj	C	C	0	NA	NA	NA	NA	ANTITUMOR PROTEIN	01/08/18	Anti-tumor antibody 14F7-derived single chain fragment variable (scFv)	HOMO SAPIENS	homo sapiens			Bjerregaard-Andersen, K., Heggelund, J.E., Krengel, U.	2.2	X-RAY DIFFRACTION	0.238	0.184	True	True	unknown	unknown	unknown	None	None	None	None	None
5fxc	H	H	0	P	peptide	NA	glycopeptide	IMMUNE SYSTEM	02/29/16	Crystal structure of glycopeptide 22 in complex with scFv-SM3	MUS MUSCULUS	mus musculus		mus musculus	Rojas-Ocariz, V., Companon, I., Aydillo, C., Castro- Lopez, J., Jimenez-Barbero, J., Hurtado-Guerrero, R., Avenoza, A., Zurbano, M.M., Corzana, F., Busto, J.H., Peregrina, J.M.	2.05	X-RAY DIFFRACTION	0.27672	0.19979	True	True	unknown	unknown	unknown	None	None	None	None	None
4ut7	H	L	0	NA	NA	NA	NA	IMMUNE SYSTEM	07/18/14	CRYSTAL STRUCTURE OF THE SCFV FRAGMENT OF THE BROADLY NEUTRALIZING  HUMAN ANTIBODY EDE2 A11	HOMO SAPIENS	homo sapiens	homo sapiens		ROUVINSKI, A., GUARDADO-CALVO, P., BARBA-SPAETH, G., DUQUERROY, S., VANEY, M.C., REY, F.A.	1.7	X-RAY DIFFRACTION	0.1909	0.1602	False	True	IGHV3	IGLV2	Lambda	None	None	None	None	None
1fgv	H	L	0	NA	NA	NA	NA	IMMUNOGLOBULIN	11/01/93	X-RAY STRUCTURES OF FRAGMENTS FROM BINDING AND NONBINDING VERSIONS OF A HUMANIZED ANTI-CD18 ANTIBODY: STRUCTURAL INDICATIONS OF THE KEY ROLE OF VH RESIDUES 59 TO 65	HOMO SAPIENS				Eigenbrot, C., Kessler, J.	1.9	X-RAY DIFFRACTION	unknown	0.180	False	True	IGHV3	IGKV1	Kappa	None	None	None	None	None
3lhp	H	L	0	S	protein	NA	4e10_d0_1isea_004_n (t93)	IMMUNE SYSTEM	01/22/10	Crystal structure of HIV epitope-scaffold 4E10_D0_1ISEA_004_N 4E10 Fv complex	HOMO SAPIENS; ARTIFICIAL GENE	homo sapiens	homo sapiens	artificial gene	Holmes, M.A.	2.7	X-RAY DIFFRACTION	0.335	0.243	False	True	IGHV1	IGKV3	Kappa	7.50E-12	-15.17	SPR	NA	20826338
3lhp	I	M	0	T	protein	NA	4e10_d0_1isea_004_n (t93)	IMMUNE SYSTEM	01/22/10	Crystal structure of HIV epitope-scaffold 4E10_D0_1ISEA_004_N 4E10 Fv complex	HOMO SAPIENS; ARTIFICIAL GENE	homo sapiens	homo sapiens	artificial gene	Holmes, M.A.	2.7	X-RAY DIFFRACTION	0.335	0.243	False	True	IGHV1	IGKV3	Kappa	7.50E-12	-15.17	SPR	NA	20826338
6fzq	H	H	0	P	peptide	NA	mucin-1	IMMUNE SYSTEM	03/15/18	Crystal structure of scFv-SM3 in complex with compound 3	MUS MUSCULUS; SYNTHETIC CONSTRUCT	mus musculus		homo sapiens	Bermejo, I.A., Usabiaga, I., Companon, I., Castro-Lopez, J., Insausti, A., Fernandez, J.A., Avenoza, A., Busto, J.H., Jimenez-Barbero, J., Asensio, J.L., Jimenez-Oses, G., Peregrina, J.M., Hurtado-Guerrero, R., Cocinero, E.J., Corzana, F.	1.7	X-RAY DIFFRACTION	0.225	0.175	True	True	unknown	unknown	unknown	None	None	None	None	None
4llv	H	L	0	NA	NA	NA	NA	IMMUNE SYSTEM	07/09/13	The structure of the unbound form of anti-HIV antibody 4E10 Fv	HOMO SAPIENS	homo sapiens	homo sapiens		Finton, K.A.K., Rupert, P.B., Strong, R.K.	2.39	X-RAY DIFFRACTION	0.245	0.216	False	True	IGHV1	IGKV3	Kappa	None	None	None
4llv	A	B	0	NA	NA	NA	NA	IMMUNE SYSTEM	07/09/13	The structure of the unbound form of anti-HIV antibody 4E10 Fv	HOMO SAPIENS	homo sapiens	homo sapiens		Finton, K.A.K., Rupert, P.B., Strong, R.K.	2.39	X-RAY DIFFRACTION	0.245	0.216	False	True	IGHV1	IGKV3	Kappa	None	None	None
4llv	E	F	0	NA	NA	NA	NA	IMMUNE SYSTEM	07/09/13	The structure of the unbound form of anti-HIV antibody 4E10 Fv	HOMO SAPIENS	homo sapiens	homo sapiens		Finton, K.A.K., Rupert, P.B., Strong, R.K.	2.39	X-RAY DIFFRACTION	0.245	0.216	False	True	IGHV1	IGKV3	Kappa	None	None	None
4llv	C	D	0	NA	NA	NA	NA	IMMUNE SYSTEM	07/09/13	The structure of the unbound form of anti-HIV antibody 4E10 Fv	HOMO SAPIENS	homo sapiens	homo sapiens		Finton, K.A.K., Rupert, P.B., Strong, R.K.	2.39	X-RAY DIFFRACTION	0.245	0.216	False	True	IGHV1	IGKV3	Kappa	None	None	None
6i07	B	B	0	D	protein	NA	epithelial cell adhesion molecule	IMMUNE SYSTEM	10/25/18	Crystal structure of EpCAM in complex with scFv	HOMO SAPIENS	homo sapiens		homo sapiens	Casaletto, J.B., Geddie, M.L., Abu-Yousif, A.O., Masson, K., Fulgham, A., Boudot, A., Maiwald, T., Kearns, J.D., Kohli, N., Su, S., Razlog, M., Raue, A., Kalra, A., Hakansson, M., Logan, D.T., Welin, M., Chattopadhyay, S., Harms, B.D., Nielsen, U.B., Schoeberl, B., Lugovskoy, A.A., MacBeath, G.	2.35	X-RAY DIFFRACTION	0.279	0.230	True	True	unknown	unknown	unknown	None	None	None	None	None
6i07	A	A	0	C	protein	NA	epithelial cell adhesion molecule	IMMUNE SYSTEM	10/25/18	Crystal structure of EpCAM in complex with scFv	HOMO SAPIENS	homo sapiens		homo sapiens	Casaletto, J.B., Geddie, M.L., Abu-Yousif, A.O., Masson, K., Fulgham, A., Boudot, A., Maiwald, T., Kearns, J.D., Kohli, N., Su, S., Razlog, M., Raue, A., Kalra, A., Hakansson, M., Logan, D.T., Welin, M., Chattopadhyay, S., Harms, B.D., Nielsen, U.B., Schoeberl, B., Lugovskoy, A.A., MacBeath, G.	2.35	X-RAY DIFFRACTION	0.279	0.230	True	True	unknown	unknown	unknown	None	None	None	None	None
3lh2	K	O	0	V	protein	NA	4e10_1vi7a_s0_002_n (t88)	IMMUNE SYSTEM	01/21/10	Crystal structure of HIV epitope-scaffold 4E10_1VI7A_S0_002_N 4E10 Fv complex	ARTIFICIAL GENE; HOMO SAPIENS	homo sapiens	homo sapiens	artificial gene	Holmes, M.A.	2.65	X-RAY DIFFRACTION	0.270	0.222	False	True	IGHV1	IGKV3	Kappa	5.60E-09	-11.25	SPR	NA	20826338
3lh2	I	M	0	T	protein	NA	4e10_1vi7a_s0_002_n (t88)	IMMUNE SYSTEM	01/21/10	Crystal structure of HIV epitope-scaffold 4E10_1VI7A_S0_002_N 4E10 Fv complex	ARTIFICIAL GENE; HOMO SAPIENS	homo sapiens	homo sapiens	artificial gene	Holmes, M.A.	2.65	X-RAY DIFFRACTION	0.270	0.222	False	True	IGHV1	IGKV3	Kappa	5.60E-09	-11.25	SPR	NA	20826338
3lh2	J	N	0	U	protein	NA	4e10_1vi7a_s0_002_n (t88)	IMMUNE SYSTEM	01/21/10	Crystal structure of HIV epitope-scaffold 4E10_1VI7A_S0_002_N 4E10 Fv complex	ARTIFICIAL GENE; HOMO SAPIENS	homo sapiens	homo sapiens	artificial gene	Holmes, M.A.	2.65	X-RAY DIFFRACTION	0.270	0.222	False	True	IGHV1	IGKV3	Kappa	5.60E-09	-11.25	SPR	NA	20826338
3lh2	H	L	0	S	protein	NA	4e10_1vi7a_s0_002_n (t88)	IMMUNE SYSTEM	01/21/10	Crystal structure of HIV epitope-scaffold 4E10_1VI7A_S0_002_N 4E10 Fv complex	ARTIFICIAL GENE; HOMO SAPIENS	homo sapiens	homo sapiens	artificial gene	Holmes, M.A.	2.65	X-RAY DIFFRACTION	0.270	0.222	False	True	IGHV1	IGKV3	Kappa	5.60E-09	-11.25	SPR	NA	20826338
6iw2	K	L	0	J	protein	NA	envelope protein e	VIRAL PROTEIN/IMMUNE SYSTEM	12/04/18	Crystal structure of 5A ScFv in complex with YFV-17D sE in prefusion state	YELLOW FEVER VIRUS (STRAIN 17D VACCINE); HOMO SAPIENS	homo sapiens	homo sapiens	yellow fever virus (strain 17d vaccine)	Lu, X.S., Xiao, H.X., Li, S.H., Pang, X.F.	2.9	X-RAY DIFFRACTION	0.272	0.238	False	True	IGHV4	IGKV1	Kappa	None	None	None	None	None
6iw2	Q	R	0	P	protein	NA	envelope protein e	VIRAL PROTEIN/IMMUNE SYSTEM	12/04/18	Crystal structure of 5A ScFv in complex with YFV-17D sE in prefusion state	YELLOW FEVER VIRUS (STRAIN 17D VACCINE); HOMO SAPIENS	homo sapiens	homo sapiens	yellow fever virus (strain 17d vaccine)	Lu, X.S., Xiao, H.X., Li, S.H., Pang, X.F.	2.9	X-RAY DIFFRACTION	0.272	0.238	False	True	IGHV4	IGKV1	Kappa	None	None	None	None	None
6iw2	N	O	0	M	protein	NA	envelope protein e	VIRAL PROTEIN/IMMUNE SYSTEM	12/04/18	Crystal structure of 5A ScFv in complex with YFV-17D sE in prefusion state	YELLOW FEVER VIRUS (STRAIN 17D VACCINE); HOMO SAPIENS	homo sapiens	homo sapiens	yellow fever virus (strain 17d vaccine)	Lu, X.S., Xiao, H.X., Li, S.H., Pang, X.F.	2.9	X-RAY DIFFRACTION	0.272	0.238	False	True	IGHV4	IGKV1	Kappa	None	None	None	None	None
6iw2	E	F	0	D	protein	NA	envelope protein e	VIRAL PROTEIN/IMMUNE SYSTEM	12/04/18	Crystal structure of 5A ScFv in complex with YFV-17D sE in prefusion state	YELLOW FEVER VIRUS (STRAIN 17D VACCINE); HOMO SAPIENS	homo sapiens	homo sapiens	yellow fever virus (strain 17d vaccine)	Lu, X.S., Xiao, H.X., Li, S.H., Pang, X.F.	2.9	X-RAY DIFFRACTION	0.272	0.238	False	True	IGHV4	IGKV1	Kappa	None	None	None	None	None
6iw2	B	C	0	A	protein	NA	envelope protein e	VIRAL PROTEIN/IMMUNE SYSTEM	12/04/18	Crystal structure of 5A ScFv in complex with YFV-17D sE in prefusion state	YELLOW FEVER VIRUS (STRAIN 17D VACCINE); HOMO SAPIENS	homo sapiens	homo sapiens	yellow fever virus (strain 17d vaccine)	Lu, X.S., Xiao, H.X., Li, S.H., Pang, X.F.	2.9	X-RAY DIFFRACTION	0.272	0.238	False	True	IGHV4	IGKV1	Kappa	None	None	None	None	None
6iw2	H	I	0	G	protein	NA	envelope protein e	VIRAL PROTEIN/IMMUNE SYSTEM	12/04/18	Crystal structure of 5A ScFv in complex with YFV-17D sE in prefusion state	YELLOW FEVER VIRUS (STRAIN 17D VACCINE); HOMO SAPIENS	homo sapiens	homo sapiens	yellow fever virus (strain 17d vaccine)	Lu, X.S., Xiao, H.X., Li, S.H., Pang, X.F.	2.9	X-RAY DIFFRACTION	0.272	0.238	False	True	IGHV4	IGKV1	Kappa	None	None	None	None	None
6pil	A	A	0	NA	NA	NA	NA	IMMUNE SYSTEM	06/26/19	Antibody scFv-M204 monomeric state	ORYCTOLAGUS CUNICULUS	oryctolagus cuniculus			Abskharon, R., Sawaya, M.R., Seidler, P.M., Cascio, D., Eisenberg, D.S.	2.2	X-RAY DIFFRACTION	0.234	0.194	True	True	unknown	unknown	unknown	None	None	None	None	None
1xiw	H	G	0	E | B	protein | protein	NA | NA	t-cell surface glycoprotein cd3 epsilon chain | t-cell surface glycoprotein cd3 delta chain	membrane protein/Immune System	09/22/04	Crystal structure of human CD3-e/d dimer in complex with a UCHT1 single-chain antibody fragment	HOMO SAPIENS; MUS MUSCULUS	mus musculus	mus musculus	homo sapiens | homo sapiens	Arnett, K.L., Harrison, S.C., Wiley, D.C.	1.9	X-RAY DIFFRACTION	0.241	0.204	False	True	IGHV1	IGKV10	Kappa	None	None	None
1xiw	D	C	0	A | F	protein | protein	NA | NA	t-cell surface glycoprotein cd3 epsilon chain | t-cell surface glycoprotein cd3 delta chain	membrane protein/Immune System	09/22/04	Crystal structure of human CD3-e/d dimer in complex with a UCHT1 single-chain antibody fragment	HOMO SAPIENS; MUS MUSCULUS	mus musculus	mus musculus	homo sapiens | homo sapiens	Arnett, K.L., Harrison, S.C., Wiley, D.C.	1.9	X-RAY DIFFRACTION	0.241	0.204	False	True	IGHV1	IGKV10	Kappa	None	None	None
6j11	F	G	0	B	protein	NA	n-terminal domain of spike glycoprotein	VIRAL PROTEIN	12/27/18	MERS-CoV spike N-terminal domain and 7D10 scFv complex	MIDDLE EAST RESPIRATORY SYNDROME-RELATED CORONAVIRUS; MUS MUSCULUS	mus musculus	mus musculus	middle east respiratory syndrome-relatedcoronavirus 	Zhou, H., Zhang, S., Zhang, S., Tang, W., Wang, X.	3.0	X-RAY DIFFRACTION	0.225	0.188	False	True	IGHV1	IGKV3	Kappa	None	None	None	None	None
6j11	D	E	0	C	protein	NA	n-terminal domain of spike glycoprotein	VIRAL PROTEIN	12/27/18	MERS-CoV spike N-terminal domain and 7D10 scFv complex	MIDDLE EAST RESPIRATORY SYNDROME-RELATED CORONAVIRUS; MUS MUSCULUS	mus musculus	mus musculus	middle east respiratory syndrome-relatedcoronavirus 	Zhou, H., Zhang, S., Zhang, S., Tang, W., Wang, X.	3.0	X-RAY DIFFRACTION	0.225	0.188	False	True	IGHV1	IGKV3	Kappa	None	None	None	None	None
6j11	H	L	0	A	protein	NA	n-terminal domain of spike glycoprotein	VIRAL PROTEIN	12/27/18	MERS-CoV spike N-terminal domain and 7D10 scFv complex	MIDDLE EAST RESPIRATORY SYNDROME-RELATED CORONAVIRUS; MUS MUSCULUS	mus musculus	mus musculus	middle east respiratory syndrome-relatedcoronavirus 	Zhou, H., Zhang, S., Zhang, S., Tang, W., Wang, X.	3.0	X-RAY DIFFRACTION	0.225	0.188	False	True	IGHV1	IGKV3	Kappa	None	None	None	None	None
3h3p	I	M	0	T	peptide	NA	4e10_s0_1tjlc_004_n	IMMUNE SYSTEM	04/16/09	Crystal structure of HIV epitope-scaffold 4E10 Fv complex	HOMO SAPIENS; ARTIFICIAL GENE	homo sapiens	homo sapiens	artificial gene	Holmes, M.A.	2.7	X-RAY DIFFRACTION	0.287	0.229	False	True	IGHV1	IGKV3	Kappa	1.40E-08	-10.71	SPR	25	19906921
3h3p	H	L	0	S	peptide	NA	4e10_s0_1tjlc_004_n	IMMUNE SYSTEM	04/16/09	Crystal structure of HIV epitope-scaffold 4E10 Fv complex	HOMO SAPIENS; ARTIFICIAL GENE	homo sapiens	homo sapiens	artificial gene	Holmes, M.A.	2.7	X-RAY DIFFRACTION	0.287	0.229	False	True	IGHV1	IGKV3	Kappa	1.40E-08	-10.71	SPR	25	19906921
2bfv	H	L	0	H	Hapten	STG	ESTRIOL 3-(B-D-GLUCURONIDE)	IMMUNOGLOBULIN	05/27/97	MONOCLONAL ANTIBODY FRAGMENT FV4155 FROM E. COLI	MUS MUSCULUS	mus musculus	mus musculus	mus musculus	Trinh, C.H., Phillips, S.E.V.	2.5	X-RAY DIFFRACTION	unknown	0.187	False	True	IGHV5	IGKV1	Kappa	None	None	None	None	None
1svz	B	B	0	D	peptide	NA	epitope peptide corresponding to n-terminus ofhiv-2 protease 	IMMUNE SYSTEM	03/30/04	Crystal structure of the single-chain Fv fragment 1696 in complex with the epitope peptide corresponding to N-terminus of HIV-2 protease	MUS MUSCULUS; SYNTHETIC CONSTRUCT		mus musculus		Rezacova, P., Brynda, J., Lescar, J., Bentley, G.A., Fabry, M., Horejsi, M., Sedlacek, J.	1.89	X-RAY DIFFRACTION	0.239	0.196	True	True	unknown	unknown	unknown	None	None	None	None	None
1svz	A	A	0	C	peptide	NA	epitope peptide corresponding to n-terminus ofhiv-2 protease 	IMMUNE SYSTEM	03/30/04	Crystal structure of the single-chain Fv fragment 1696 in complex with the epitope peptide corresponding to N-terminus of HIV-2 protease	MUS MUSCULUS; SYNTHETIC CONSTRUCT		mus musculus		Rezacova, P., Brynda, J., Lescar, J., Bentley, G.A., Fabry, M., Horejsi, M., Sedlacek, J.	1.89	X-RAY DIFFRACTION	0.239	0.196	True	True	unknown	unknown	unknown	None	None	None	None	None
5lx9	H	H	0	A	protein	NA	human adiponectin receptor 2	MEMBRANE PROTEIN	09/20/16	CRYSTAL STRUCTURE OF HUMAN ADIPONECTIN RECEPTOR 2 IN COMPLEX WITH A C18 FREE FATTY ACID AT 2.4 ANGSTROM RESOLUTION	HOMO SAPIENS; MUS MUSCULUS	mus musculus		homo sapiens	Vasiliauskaite-Brooks, I., Leyrat, C., Hoh, F., Granier, S.	2.4	X-RAY DIFFRACTION	0.205	0.181	True	True	unknown	unknown	unknown	None	None	None	None	None
1p84	J	K	0	E	protein	NA	ubiquinol-cytochrome c reductase iron-sulfursubunit 	OXIDOREDUCTASE	05/06/03	HDBT inhibited Yeast Cytochrome bc1 Complex	MUS MUSCULUS; SACCHAROMYCES CEREVISIAE	mus musculus	mus musculus	saccharomyces cerevisiae	Palsdottir, H., Lojero, C.G., Trumpower, B.L., Hunte, C.	2.5	X-RAY DIFFRACTION	0.252	0.228	False	True	IGHV3	IGKV10	Kappa	None	None	None	None	None
7tzh	C	C	0	D	protein	NA	lymphocyte activation gene 3 protein	IMMUNOSUPPRESSANT	02/15/22	LAG3 ectodomain structure reveals functional interfaces for ligand and antibody recognition	HOMO SAPIENS	homo sapiens		homo sapiens	Ming, Q., Tran, T.H., Luca, V.C.	2.43	X-RAY DIFFRACTION	0.255	0.212	True	True	unknown	unknown	unknown	None	None	None	None	None
7tzh	A	A	0	B	protein	NA	lymphocyte activation gene 3 protein	IMMUNOSUPPRESSANT	02/15/22	LAG3 ectodomain structure reveals functional interfaces for ligand and antibody recognition	HOMO SAPIENS	homo sapiens		homo sapiens	Ming, Q., Tran, T.H., Luca, V.C.	2.43	X-RAY DIFFRACTION	0.255	0.212	True	True	unknown	unknown	unknown	None	None	None	None	None
5b8c	B	A	0	C	protein	NA	programmed cell death protein 1	IMMUNE SYSTEM	06/14/16	High resolution structure of the human PD-1 in complex with pembrolizumab Fv	HOMO SAPIENS	homo sapiens	homo sapiens	homo sapiens	Horita, S., Shimamura, T., Iwata, S., Nomura, N.	2.146	X-RAY DIFFRACTION	0.226	0.184	False	True	IGHV1	IGKV3	Kappa	None	None	None	None	None
5b8c	E	D	0	F	protein	NA	programmed cell death protein 1	IMMUNE SYSTEM	06/14/16	High resolution structure of the human PD-1 in complex with pembrolizumab Fv	HOMO SAPIENS	homo sapiens	homo sapiens	homo sapiens	Horita, S., Shimamura, T., Iwata, S., Nomura, N.	2.146	X-RAY DIFFRACTION	0.226	0.184	False	True	IGHV1	IGKV3	Kappa	None	None	None	None	None
5b8c	H	G	0	I	protein	NA	programmed cell death protein 1	IMMUNE SYSTEM	06/14/16	High resolution structure of the human PD-1 in complex with pembrolizumab Fv	HOMO SAPIENS	homo sapiens	homo sapiens	homo sapiens	Horita, S., Shimamura, T., Iwata, S., Nomura, N.	2.146	X-RAY DIFFRACTION	0.226	0.184	False	True	IGHV1	IGKV3	Kappa	None	None	None	None	None
5b8c	K	J	0	L	protein	NA	programmed cell death protein 1	IMMUNE SYSTEM	06/14/16	High resolution structure of the human PD-1 in complex with pembrolizumab Fv	HOMO SAPIENS	homo sapiens	homo sapiens	homo sapiens	Horita, S., Shimamura, T., Iwata, S., Nomura, N.	2.146	X-RAY DIFFRACTION	0.226	0.184	False	True	IGHV1	IGKV3	Kappa	None	None	None	None	None
5grw	A	A	0	NA	NA	NA	NA	IMMUNE SYSTEM	08/12/16	Crystal structure of homo-specific diabody	HOMO SAPIENS	homo sapiens			Kim, J.H., Song, D.H., Youn, S.J., Kim, J.W., Cho, G., Lee, H., Lee, J.O.	2.8	X-RAY DIFFRACTION	0.182	0.182	True	True	unknown	unknown	unknown	None	None	None	None	None
5grw	B	B	0	NA	NA	NA	NA	IMMUNE SYSTEM	08/12/16	Crystal structure of homo-specific diabody	HOMO SAPIENS	homo sapiens			Kim, J.H., Song, D.H., Youn, S.J., Kim, J.W., Cho, G., Lee, H., Lee, J.O.	2.8	X-RAY DIFFRACTION	0.182	0.182	True	True	unknown	unknown	unknown	None	None	None	None	None
7cea	A	B	0	NA	NA	NA	NA	IMMUNE SYSTEM	06/22/20	Crystal structure of HUTS-4 Fv-clasp fragment	MUS MUSCULUS; HOMO SAPIENS	mus musculus, homo sapiens	mus musculus, homo sapiens		Arimori, T., Takagi, J.	2.55	X-RAY DIFFRACTION	0.266	0.252	False	True	IGHV8	IGKV4	Kappa	None	None	None	None	None
1bvl	A	B	0	NA	NA	NA	NA	HUMANIZED ANTIBODY	09/16/98	HUMANIZED ANTI-LYSOZYME FV	HOMO SAPIENS, MUS MUSCULUS	homo sapiens, mus musculus	homo sapiens, mus musculus		Holmes, M.A., Foote, J.	2.87	X-RAY DIFFRACTION	unknown	0.220	False	True	IGHV4	IGKV1	Kappa	None	None	None	None	None
1bvl	C	D	0	NA	NA	NA	NA	HUMANIZED ANTIBODY	09/16/98	HUMANIZED ANTI-LYSOZYME FV	HOMO SAPIENS, MUS MUSCULUS	homo sapiens, mus musculus	homo sapiens, mus musculus		Holmes, M.A., Foote, J.	2.87	X-RAY DIFFRACTION	unknown	0.220	False	True	IGHV4	IGKV1	Kappa	None	None	None	None	None
5a2j	H	H	0	P	peptide	NA	the naked peptide apdtrp	PEPTIDE BINDING PROTEIN	05/20/15	Crystal structure of scFv-SM3 in complex with the naked peptide  APDTRP	MUS MUSCULUS; SYNTHETIC CONSTRUCT	mus musculus		homo sapiens	Martinez-Saez, N., Castro-Lopez, J., Valero-Gonzalez, J., Madariaga, D., Companon, I., Somovilla, V.J., Salvado, M., Asensio, J.L., Jimenez-Barbero, J., Avenoza, A., Busto, J.H., Bernardes, G.J.L., Peregrina, J.M., Hurtado-Guerrero, R., Corzana, F.	1.65	X-RAY DIFFRACTION	0.19733	0.16643	True	True	unknown	unknown	unknown	None	None	None	None	None
7kbm	A	A	0	NA	NA	NA	NA	PROTEIN BINDING	10/02/20	Reverse Transcriptase Diabody with R83C Mutation Crystallized in C2	HOMO SAPIENS	homo sapiens			Chesterman, C., Arnold, E.	2.0	X-RAY DIFFRACTION	0.257	0.209	True	True	unknown	unknown	unknown	None	None	None	None	None
6tgg	H	H	0	P	peptide	NA	mucin-1	ANTITUMOR PROTEIN	04/08/20	scFv-1SM3 in complex with glycopeptide containing an sp2-imino sugar	MUS MUSCULUS; SYNTHETIC CONSTRUCT	mus musculus		homo sapiens	Bermejo, I.A., Navo, C.D., Castro-Lopez, J., Samchez-Fernandez, E.M., Guerreiro, A., Avenoza, A., Busto, J.H., Garcia-Martin, F., Nishimura, S.I., Garcia-Fernandez, J.M., Ortiz-Mellet, C., Bernardes, G.J.L., Hurtado-Guerrero, R., Peregrina, J.M., Corzana, F.	2.0	X-RAY DIFFRACTION	0.238	0.175	True	True	unknown	unknown	unknown	None	None	None	None	None
6g8r	A	A	0	NA	NA	NA	NA	PEPTIDE BINDING PROTEIN	04/09/18	SP140 PHD-Bromodomain complex with scFv	HOMO SAPIENS	homo sapiens			Fairhead, M., Graslund, S., Strain-Damerell, C., Picaud, S.S., Pike, A.C.W., Pinkas, D.M., Wigren, E., Preger, C., Persson Lotsholm, H., Ossipova, E., Filippakopoulos, P., Burgess-Brown, N.A., Arrowsmith, C.H., Edwards, A.M., Bountra, C., von Delft, F., Structural Genomics Consortium (SGC)	2.74	X-RAY DIFFRACTION	0.266	0.226	True	True	unknown	unknown	unknown	None	None	None	None	None
5cba	A	B	0	E	protein	NA	c-x-c motif chemokine 13	IMMUNE SYSTEM	06/30/15	3B4 in complex with CXCL13 - 3B4-CXCL13	HOMO SAPIENS	homo sapiens	homo sapiens	homo sapiens	Tu, C., Bard, J., Mosyak, L.	2.5	X-RAY DIFFRACTION	0.237	0.197	True	True	IGHV1	IGLV2	Lambda	None	None	None	None	None
5cba	C	D	0	F	protein	NA	c-x-c motif chemokine 13	IMMUNE SYSTEM	06/30/15	3B4 in complex with CXCL13 - 3B4-CXCL13	HOMO SAPIENS	homo sapiens	homo sapiens	homo sapiens	Tu, C., Bard, J., Mosyak, L.	2.5	X-RAY DIFFRACTION	0.237	0.197	True	True	IGHV1	IGLV2	Lambda	None	None	None	None	None
6cvk	A	A	0	C	protein	NA	capsid protein	VIRAL PROTEIN/IMMUNE SYSTEM	03/28/18	Hepatitis B e-antigen in complex with scFv e13	ORYCTOLAGUS CUNICULUS; HEPATITIS B VIRUS	oryctolagus cuniculus		hepatitis b virus	Eren, E., Steven, A.C., Wingfield, P.T.	2.38	X-RAY DIFFRACTION	0.221	0.175	True	True	unknown	unknown	unknown	None	None	None	None	None
6cvk	B	B	0	D	protein	NA	capsid protein	VIRAL PROTEIN/IMMUNE SYSTEM	03/28/18	Hepatitis B e-antigen in complex with scFv e13	ORYCTOLAGUS CUNICULUS; HEPATITIS B VIRUS	oryctolagus cuniculus		hepatitis b virus	Eren, E., Steven, A.C., Wingfield, P.T.	2.38	X-RAY DIFFRACTION	0.221	0.175	True	True	unknown	unknown	unknown	None	None	None	None	None
5xcs	A	B	0	C	peptide	NA	ha peptide	IMMUNE SYSTEM	03/23/17	Crystal structure of 12CA5 Fv-clasp fragment with its antigen peptide	MUS MUSCULUS; HOMO SAPIENS; SYNTHETIC CONSTRUCT	mus musculus, homo sapiens	mus musculus, homo sapiens	homo sapiens	Arimori, T., Takagi, J.	2.2	X-RAY DIFFRACTION	0.244	0.208	False	True	IGHV5	IGKV8	Kappa	None	None	None	None	None
2znw	B	B	0	Z	protein	NA	lysozyme c	IMMUNE SYSTEM/HYDROLASE	05/02/08	Crystal Structure of ScFv10 in Complex with Hen Egg Lysozyme	MUS MUSCULUS; SYNTHETIC CONSTRUCT; GALLUS GALLUS	mus musculus, synthetic construct		gallus gallus	DeSantis, M.E., Acchione, M., Li, M., Walter, R.L., Wlodawer, A., Smith-Gill, S.	2.71	X-RAY DIFFRACTION	0.250	0.193	True	True	unknown	unknown	unknown	None	None	None	None	None
2znw	A	A	0	Y	protein	NA	lysozyme c	IMMUNE SYSTEM/HYDROLASE	05/02/08	Crystal Structure of ScFv10 in Complex with Hen Egg Lysozyme	MUS MUSCULUS; SYNTHETIC CONSTRUCT; GALLUS GALLUS	mus musculus, synthetic construct		gallus gallus	DeSantis, M.E., Acchione, M., Li, M., Walter, R.L., Wlodawer, A., Smith-Gill, S.	2.71	X-RAY DIFFRACTION	0.250	0.193	True	True	unknown	unknown	unknown	None	None	None	None	None
6kz0	H	I	0	G	protein	NA	genome polyprotein	VIRAL PROTEIN	09/21/19	HRV14 3C in complex with single chain antibody GGVV	HUMAN RHINOVIRUS 14; HOMO SAPIENS	homo sapiens	homo sapiens	human rhinovirus 14	Meng, B., Yang, B., Wilson, I.A.	2.4	X-RAY DIFFRACTION	0.223	0.185	False	True	IGHV1	IGKV1	Kappa	None	None	None	None	None
6kz0	K	L	0	J	protein	NA	genome polyprotein	VIRAL PROTEIN	09/21/19	HRV14 3C in complex with single chain antibody GGVV	HUMAN RHINOVIRUS 14; HOMO SAPIENS	homo sapiens	homo sapiens	human rhinovirus 14	Meng, B., Yang, B., Wilson, I.A.	2.4	X-RAY DIFFRACTION	0.223	0.185	False	True	IGHV1	IGKV1	Kappa	None	None	None	None	None
6kz0	B	C	0	A	protein	NA	genome polyprotein	VIRAL PROTEIN	09/21/19	HRV14 3C in complex with single chain antibody GGVV	HUMAN RHINOVIRUS 14; HOMO SAPIENS	homo sapiens	homo sapiens	human rhinovirus 14	Meng, B., Yang, B., Wilson, I.A.	2.4	X-RAY DIFFRACTION	0.223	0.185	False	True	IGHV1	IGKV1	Kappa	None	None	None	None	None
6kz0	E	F	0	D	protein	NA	genome polyprotein	VIRAL PROTEIN	09/21/19	HRV14 3C in complex with single chain antibody GGVV	HUMAN RHINOVIRUS 14; HOMO SAPIENS	homo sapiens	homo sapiens	human rhinovirus 14	Meng, B., Yang, B., Wilson, I.A.	2.4	X-RAY DIFFRACTION	0.223	0.185	False	True	IGHV1	IGKV1	Kappa	None	None	None	None	None
1jv5	B	A	0	NA	NA	NA	NA	Immune System, Sugar Binding Protein	08/28/01	Anti-blood group A Fv	HOMO SAPIENS	homo sapiens	homo sapiens		Thomas, R., Patenaude, S.I., MacKenzie, C.R., To, R., Hirama, T., Young, N.M., Evans, S.V.	2.2	X-RAY DIFFRACTION	0.223	0.183	False	True	IGHV1	IGKV1	Kappa	None	None	None	None	None
1i8i	B	A	0	C	peptide	NA	epidermal growth factor receptor, egfrviiipeptide antigen 	IMMUNE SYSTEM	03/14/01	CRYSTAL STRUCTURE OF DSFV MR1 IN COMPLEX WITH THE PEPTIDE ANTIGEN OF THE MUTANT EPIDERMAL GROWTH FACTOR RECEPTOR, EGFRVIII, AT ROOM TEMPERATURE	MUS MUSCULUS; SYNTHETIC CONSTRUCT	mus musculus	mus musculus		Landry, R.C., Klimowicz, A.C., Lavictoire, S.J., Borisova, S., Kottachchi, D.T., Lorimer, I.A., Evans, S.V.	2.4	X-RAY DIFFRACTION	0.262	0.156	False	True	IGHV5	IGKV17	Kappa	None	None	None	None	None
1i8k	B	A	0	C	peptide	NA	epidermal growth factor receptor, egfrviiipeptide antigen 	IMMUNE SYSTEM	03/14/01	CRYSTAL STRUCTURE OF DSFV MR1 IN COMPLEX WITH THE PEPTIDE ANTIGEN OF THE MUTANT EPIDERMAL GROWTH FACTOR RECEPTOR, EGFRVIII, AT LIQUID NITROGEN TEMPERATURE	MUS MUSCULUS; SYNTHETIC CONSTRUCT	mus musculus	mus musculus		Landry, R.C., Klimowicz, A.C., Lavictoire, S.J., Borisova, S., Kottachchi, D.T., Lorimer, I.A., Evans, S.V.	1.8	X-RAY DIFFRACTION	0.224	0.172	False	True	IGHV5	IGKV17	Kappa	2.20E-08	-10.44	SPR	NA	11352579
1ic4	H	L	0	Y	protein	NA	lysozyme c	PROTEIN BINDING/HYDROLASE	03/30/01	CRYSTAL STRUCTURE OF HYHEL-10 FV MUTANT(HD32A)-HEN LYSOZYME COMPLEX	MUS MUSCULUS; GALLUS GALLUS	mus musculus	mus musculus	gallus gallus	Shiroishi, M., Yokota, A., Tsumoto, K., Kondo, H., Nishimiya, Y., Horii, K., Matsushima, M., Ogasahara, K., Yutani, K., Kumagai, I.	2.5	X-RAY DIFFRACTION	0.279	0.181	False	True	IGHV3	IGKV5	Kappa	None	None	None	None	None
6tou	A	A	0	G	protein	NA	glycoprotein,glycoprotein	VIRAL PROTEIN	12/12/19	Rabies virus glycoprotein PH domain in complex with the scFv fragment of broadly neutralizing human antibody RVC20	RABIES LYSSAVIRUS; HOMO SAPIENS	homo sapiens		rabies lyssavirus	Hellert, J., Rey, F.A.	2.587	X-RAY DIFFRACTION	0.225	0.190	True	True	unknown	unknown	unknown	None	None	None	None	None
6a79	H	L	0	A	protein	NA	roundabout homolog 1	IMMUNE SYSTEM	07/02/18	Crystal structure of the fifth immunoglobulin domain (Ig5) of human Robo1 in complex with the mutant scFv fragment (P103A) of murine monoclonal antibody B5209B	HOMO SAPIENS; MUS MUSCULUS	mus musculus	mus musculus	homo sapiens	Mizohata, E., Nakayama, T., Kado, Y., Yokota, Y., Inoue, T.	2.31	X-RAY DIFFRACTION	0.295	0.273	False	True	IGHV5	IGKV12	Kappa	None	None	None	None	None
6a79	I	M	0	B	protein	NA	roundabout homolog 1	IMMUNE SYSTEM	07/02/18	Crystal structure of the fifth immunoglobulin domain (Ig5) of human Robo1 in complex with the mutant scFv fragment (P103A) of murine monoclonal antibody B5209B	HOMO SAPIENS; MUS MUSCULUS	mus musculus	mus musculus	homo sapiens	Mizohata, E., Nakayama, T., Kado, Y., Yokota, Y., Inoue, T.	2.31	X-RAY DIFFRACTION	0.295	0.273	False	True	IGHV5	IGKV12	Kappa	None	None	None	None	None
7kbp	C	C	0	NA	NA	NA	NA	PROTEIN BINDING	10/02/20	Herceptin Diabody with R83T, E85C Mutations	HOMO SAPIENS	homo sapiens			Chesterman, C., Arnold, E.	2.3	X-RAY DIFFRACTION	0.232	0.184	True	True	unknown	unknown	unknown	None	None	None	None	None
7kbp	D	D	0	NA	NA	NA	NA	PROTEIN BINDING	10/02/20	Herceptin Diabody with R83T, E85C Mutations	HOMO SAPIENS	homo sapiens			Chesterman, C., Arnold, E.	2.3	X-RAY DIFFRACTION	0.232	0.184	True	True	unknown	unknown	unknown	None	None	None	None	None
7kbp	B	B	0	NA	NA	NA	NA	PROTEIN BINDING	10/02/20	Herceptin Diabody with R83T, E85C Mutations	HOMO SAPIENS	homo sapiens			Chesterman, C., Arnold, E.	2.3	X-RAY DIFFRACTION	0.232	0.184	True	True	unknown	unknown	unknown	None	None	None	None	None
7kbp	A	A	0	NA	NA	NA	NA	PROTEIN BINDING	10/02/20	Herceptin Diabody with R83T, E85C Mutations	HOMO SAPIENS	homo sapiens			Chesterman, C., Arnold, E.	2.3	X-RAY DIFFRACTION	0.232	0.184	True	True	unknown	unknown	unknown	None	None	None	None	None
3wbd	B	B	0	NA	NA	NA	NA	IMMUNE SYSTEM	05/14/13	Crystal structure of anti-polysialic acid antibody single chain Fv fragment (mAb735) complexed with octasialic acid	SYNTHETIC CONSTRUCT	synthetic construct			Nagae, M., Ikeda, A., Hanashima, S., Kitajima, K., Sato, C., Yamaguchi, Y.	1.8	X-RAY DIFFRACTION	0.259	0.233	True	True	unknown	unknown	unknown	None	None	None
3wbd	A	A	0	NA	NA	NA	NA	IMMUNE SYSTEM	05/14/13	Crystal structure of anti-polysialic acid antibody single chain Fv fragment (mAb735) complexed with octasialic acid	SYNTHETIC CONSTRUCT	synthetic construct			Nagae, M., Ikeda, A., Hanashima, S., Kitajima, K., Sato, C., Yamaguchi, Y.	1.8	X-RAY DIFFRACTION	0.259	0.233	True	True	unknown	unknown	unknown	None	None	None
7shu	E	F	0	B	protein	NA	immunoglobulin heavy constant epsilon	IMMUNE SYSTEM	10/11/21	IgE-Fc in complex with omalizumab variant C02	HOMO SAPIENS	homo sapiens	homo sapiens	homo sapiens	Pennington, L.F., Jardetzky, T.J., Kleinboelting, S.	2.75	X-RAY DIFFRACTION	0.275	0.220	False	True	IGHV3	IGKV1	Kappa	None	None	None	None	None
7shu	C	D	0	A	protein	NA	immunoglobulin heavy constant epsilon	IMMUNE SYSTEM	10/11/21	IgE-Fc in complex with omalizumab variant C02	HOMO SAPIENS	homo sapiens	homo sapiens	homo sapiens	Pennington, L.F., Jardetzky, T.J., Kleinboelting, S.	2.75	X-RAY DIFFRACTION	0.275	0.220	False	True	IGHV3	IGKV1	Kappa	None	None	None	None	None
1kb9	J	K	0	E	protein	NA	ubiquinol-cytochrome c reductase iron-sulfur subunit	OXIDOREDUCTASE/ELECTRON TRANSPORT	11/05/01	YEAST CYTOCHROME BC1 COMPLEX	SACCHAROMYCES CEREVISIAE; MUS MUSCULUS	mus musculus	mus musculus	saccharomyces cerevisiae	Lange, C., Nett, J.H., Trumpower, B.L., Hunte, C.	2.3	X-RAY DIFFRACTION	0.249	0.218	False	True	IGHV3	IGKV10	Kappa	None	None	None	None	None
3cxh	U	V	0	P	protein	NA	cytochrome b-c1 complex subunit rieske,mitochondrial 	OXIDOREDUCTASE	04/24/08	Structure of yeast complex III with isoform-2 cytochrome c bound and definition of a minimal core interface for electron transfer.	MUS MUSCULUS; SACCHAROMYCES CEREVISIAE	mus musculus	mus musculus	saccharomyces cerevisiae	Solmaz, S.R.N., Hunte, C.	2.5	X-RAY DIFFRACTION	0.256	0.225	False	True	IGHV3	IGKV10	Kappa	None	None	None	None	None
3cxh	J	K	0	E	protein	NA	cytochrome b-c1 complex subunit rieske,mitochondrial 	OXIDOREDUCTASE	04/24/08	Structure of yeast complex III with isoform-2 cytochrome c bound and definition of a minimal core interface for electron transfer.	MUS MUSCULUS; SACCHAROMYCES CEREVISIAE	mus musculus	mus musculus	saccharomyces cerevisiae	Solmaz, S.R.N., Hunte, C.	2.5	X-RAY DIFFRACTION	0.256	0.225	False	True	IGHV3	IGKV10	Kappa	None	None	None	None	None
6ba5	F	E	0	O	protein	NA	inactive tyrosine-protein kinase transmembrane receptorror1 	IMMUNE SYSTEM	10/12/17	Potent and Selective Antitumor Activity of a T-Cell Engaging Bispecific Antibody Targeting a Membrane-Proximal Epitope of ROR1	HOMO SAPIENS	homo sapiens	homo sapiens	homo sapiens	Park, H., Rader, C.	1.62	X-RAY DIFFRACTION	0.214	0.194	False	True	IGHV1	IGKV1	Kappa	None	None	None	None	None
6ba5	D	C	0	N	protein	NA	inactive tyrosine-protein kinase transmembrane receptorror1 	IMMUNE SYSTEM	10/12/17	Potent and Selective Antitumor Activity of a T-Cell Engaging Bispecific Antibody Targeting a Membrane-Proximal Epitope of ROR1	HOMO SAPIENS	homo sapiens	homo sapiens	homo sapiens	Park, H., Rader, C.	1.62	X-RAY DIFFRACTION	0.214	0.194	False	True	IGHV1	IGKV1	Kappa	None	None	None	None	None
6ba5	H	G	0	P	protein	NA	inactive tyrosine-protein kinase transmembrane receptorror1 	IMMUNE SYSTEM	10/12/17	Potent and Selective Antitumor Activity of a T-Cell Engaging Bispecific Antibody Targeting a Membrane-Proximal Epitope of ROR1	HOMO SAPIENS	homo sapiens	homo sapiens	homo sapiens	Park, H., Rader, C.	1.62	X-RAY DIFFRACTION	0.214	0.194	False	True	IGHV1	IGKV1	Kappa	None	None	None	None	None
6ba5	B	A	0	M	protein	NA	inactive tyrosine-protein kinase transmembrane receptorror1 	IMMUNE SYSTEM	10/12/17	Potent and Selective Antitumor Activity of a T-Cell Engaging Bispecific Antibody Targeting a Membrane-Proximal Epitope of ROR1	HOMO SAPIENS	homo sapiens	homo sapiens	homo sapiens	Park, H., Rader, C.	1.62	X-RAY DIFFRACTION	0.214	0.194	False	True	IGHV1	IGKV1	Kappa	None	None	None	None	None
4y5v	D	E	0	F	protein	NA	erythropoietin receptor	protein binding/immune system	02/12/15	Diabody 305 complex with EpoR	HOMO SAPIENS	homo sapiens	homo sapiens	homo sapiens	Moraga, I., Guo, F., Ozkan, E., Jude, K.M., Garcia, K.C.	2.604	X-RAY DIFFRACTION	0.229	0.187	False	True	IGHV3	IGLV2	Lambda	None	None	None	None	None
4y5v	A	B	0	C	protein	NA	erythropoietin receptor	protein binding/immune system	02/12/15	Diabody 305 complex with EpoR	HOMO SAPIENS	homo sapiens	homo sapiens	homo sapiens	Moraga, I., Guo, F., Ozkan, E., Jude, K.M., Garcia, K.C.	2.604	X-RAY DIFFRACTION	0.229	0.187	False	True	IGHV3	IGLV2	Lambda	None	None	None	None	None
4y5v	G	H	0	I	protein	NA	erythropoietin receptor	protein binding/immune system	02/12/15	Diabody 305 complex with EpoR	HOMO SAPIENS	homo sapiens	homo sapiens	homo sapiens	Moraga, I., Guo, F., Ozkan, E., Jude, K.M., Garcia, K.C.	2.604	X-RAY DIFFRACTION	0.229	0.187	False	True	IGHV3	IGLV2	Lambda	None	None	None	None	None
1a2y	B	A	0	C	protein	NA	lysozyme	COMPLEX (IMMUNOGLOBULIN/HYDROLASE)	01/13/98	HEN EGG WHITE LYSOZYME, D18A MUTANT, IN COMPLEX WITH MOUSE MONOCLONAL ANTIBODY D1.3	MUS MUSCULUS; GALLUS GALLUS	mus musculus	mus musculus	gallus gallus	Tsuchiya, D., Mariuzza, R.A.	1.5	X-RAY DIFFRACTION	0.251	0.203	False	True	IGHV2	IGKV12	Kappa	None	None	None	None	None
5xcq	A	B	0	C	peptide	NA	c8 peptide	IMMUNE SYSTEM	03/23/17	Crystal structure of P20.1 Fv-clasp fragment with its antigen peptide	MUS MUSCULUS; HOMO SAPIENS; SYNTHETIC CONSTRUCT	mus musculus, homo sapiens	mus musculus, homo sapiens	homo sapiens	Arimori, T., Takagi, J.	1.313	X-RAY DIFFRACTION	0.182	0.165	False	True	IGHV9	IGLV1	Lambda	None	None	None	None	None
6wzn	A	A	0	NA	NA	NA	NA	FLUORESCENT PROTEIN	05/14/20	Crystal Structure of a Fluorescent Single Chain Fv Chimera	UNIDENTIFIED	unidentified			Close, D., Velappan, N., Hung, L.W., Naranjo, L., Hemez, C., DeVore, N., McCullough, D., Lillo, A.M., Waldo, G., Bradbury, A.R.M.	2.5	X-RAY DIFFRACTION	0.211	0.163	True	True	unknown	unknown	unknown	None	None	None	None	None
1g7m	B	A	0	C	protein	NA	lysozyme c	HYDROLASE INHIBITOR/HYDROLASE	11/10/00	CRYSTAL STRUCTURE OF HEN EGG WHITE LYSOZYME (HEL) COMPLEXED WITH THE MUTANT ANTI-HEL MONOCLONAL ANTIBODY D1.3 (VLW92V)	MUS MUSCULUS; GALLUS GALLUS	mus musculus	mus musculus	gallus gallus	Sundberg, E.J., Urrutia, M., Braden, B.C., Isern, J., Mariuzza, R.A.	1.9	X-RAY DIFFRACTION	0.226	0.194	False	True	IGHV2	IGKV12	Kappa	None	None	None	None	None
4rzc	E	F	0	E	carbohydrate	M6P	ALPHA-D-MANNOSE-6-PHOSPHATE	IMMUNE SYSTEM	12/19/14	Fv M6P-1 in complex with mannose-6-phosphate	ORYCTOLAGUS CUNICULUS	oryctolagus cuniculus	oryctolagus cuniculus	oryctolagus cuniculus	Blackler, R.J., Evans, D.W., Evans, S.V., Muller-Loennies, S.	2.723	X-RAY DIFFRACTION	0.267	0.226	False	True	IGHV1	IGKV1	Kappa	None	None	None	None	None
4rzc	H	L	0	H	carbohydrate	M6P	ALPHA-D-MANNOSE-6-PHOSPHATE	IMMUNE SYSTEM	12/19/14	Fv M6P-1 in complex with mannose-6-phosphate	ORYCTOLAGUS CUNICULUS	oryctolagus cuniculus	oryctolagus cuniculus	oryctolagus cuniculus	Blackler, R.J., Evans, D.W., Evans, S.V., Muller-Loennies, S.	2.723	X-RAY DIFFRACTION	0.267	0.226	False	True	IGHV1	IGKV1	Kappa	None	None	None	None	None
4rzc	A	B	0	A	carbohydrate	M6P	ALPHA-D-MANNOSE-6-PHOSPHATE	IMMUNE SYSTEM	12/19/14	Fv M6P-1 in complex with mannose-6-phosphate	ORYCTOLAGUS CUNICULUS	oryctolagus cuniculus	oryctolagus cuniculus	oryctolagus cuniculus	Blackler, R.J., Evans, D.W., Evans, S.V., Muller-Loennies, S.	2.723	X-RAY DIFFRACTION	0.267	0.226	False	True	IGHV1	IGKV1	Kappa	None	None	None	None	None
4rzc	C	D	0	C	carbohydrate	M6P	ALPHA-D-MANNOSE-6-PHOSPHATE	IMMUNE SYSTEM	12/19/14	Fv M6P-1 in complex with mannose-6-phosphate	ORYCTOLAGUS CUNICULUS	oryctolagus cuniculus	oryctolagus cuniculus	oryctolagus cuniculus	Blackler, R.J., Evans, D.W., Evans, S.V., Muller-Loennies, S.	2.723	X-RAY DIFFRACTION	0.267	0.226	False	True	IGHV1	IGKV1	Kappa	None	None	None	None	None
5yd5	C	C	0	D	peptide	NA	peptide epitope (mutation n3a)	IMMUNE SYSTEM	09/11/17	Crystal structure of the scFv antibody 4B08 with epitope peptide (mutation N3A)	MUS MUSCULUS; SYNTHETIC CONSTRUCT	mus musculus		homo sapiens	Caaveiro, J.M.M., Miyanabe, K., Tsumoto, K.	1.96	X-RAY DIFFRACTION	0.258	0.203	True	True	unknown	unknown	unknown	None	None	None	None	None
5yd5	A	A	0	B	peptide	NA	peptide epitope (mutation n3a)	IMMUNE SYSTEM	09/11/17	Crystal structure of the scFv antibody 4B08 with epitope peptide (mutation N3A)	MUS MUSCULUS; SYNTHETIC CONSTRUCT	mus musculus		homo sapiens	Caaveiro, J.M.M., Miyanabe, K., Tsumoto, K.	1.96	X-RAY DIFFRACTION	0.258	0.203	True	True	unknown	unknown	unknown	None	None	None	None	None
2bjm	H	L	0	H	Hapten	ANF	ANTHRONE	IMMUNE SYSTEM	02/04/05	SPE7:Anthrone Complex	MUS MUSCULUS	rattus rattus	rattus rattus	rattus rattus	James, L.C., Tawfik, D.S.	2.15	X-RAY DIFFRACTION	0.286	0.268	False	True	IGHV1	IGLV1	Lambda	None	None	None	None	None
1oay	J	N	0	J	Hapten	FUR	FURAZOLIDONE	IMMUNE SYSTEM	01/21/03	Antibody multispecificity mediated by conformational diversity	MUS MUSCULUS	rattus rattus	rattus rattus	rattus rattus	James, L.C., Roversi, P., Tawfik, D.	2.66	X-RAY DIFFRACTION	0.280	0.258	False	True	IGHV1	IGLV1	Lambda	1.20E-06		Other	20	12610298
1oay	NA	O	0	NA	NA	NA	NA	IMMUNE SYSTEM	01/21/03	Antibody multispecificity mediated by conformational diversity	MUS MUSCULUS		rattus rattus		James, L.C., Roversi, P., Tawfik, D.	2.66	X-RAY DIFFRACTION	0.280	0.258	False	True	unknown	unknown	unknown	1.20E-06		Other	20	12610298
1oay	H	L	0	H	Hapten	FUR	FURAZOLIDONE	IMMUNE SYSTEM	01/21/03	Antibody multispecificity mediated by conformational diversity	MUS MUSCULUS	rattus rattus	rattus rattus	rattus rattus	James, L.C., Roversi, P., Tawfik, D.	2.66	X-RAY DIFFRACTION	0.280	0.258	False	True	IGHV1	IGLV1	Lambda	1.20E-06		Other	20	12610298
1oay	NA	M	0	NA	NA	NA	NA	IMMUNE SYSTEM	01/21/03	Antibody multispecificity mediated by conformational diversity	MUS MUSCULUS		rattus rattus		James, L.C., Roversi, P., Tawfik, D.	2.66	X-RAY DIFFRACTION	0.280	0.258	False	True	unknown	unknown	unknown	1.20E-06		Other	20	12610298
4lci	H	L	0	NA	NA	NA	NA	IMMUNE SYSTEM	06/21/13	Anti canine CD28 antibody, 1C6	CANIS LUPUS FAMILIARIS	canis lupus familiaris	canis lupus familiaris		Gewe, M.M., Rupert, P.B., Strong, R.K.	1.9	X-RAY DIFFRACTION	0.230	0.179	False	True	IGHV9	IGKV2	Kappa	None	None	None	None	None
7kd6	O	P	0	Q	protein	NA	insulin receptor subunit alpha	SIGNALING PROTEIN	10/08/20	Insulin Receptor L1-CR plus alphaCT fragment in co-complex with Fv 83-7 and single-chain insulin SCI-b	HOMO SAPIENS; MUS MUSCULUS; SYNTHETIC CONSTRUCT	mus musculus	mus musculus	homo sapiens	Lawrence, M.C., Menting, J.G.	2.6	X-RAY DIFFRACTION	0.221	0.189	False	True	IGHV2	IGKV8	Kappa	None	None	None	None	None
7kd6	U	V	0	W	protein	NA	insulin receptor subunit alpha	SIGNALING PROTEIN	10/08/20	Insulin Receptor L1-CR plus alphaCT fragment in co-complex with Fv 83-7 and single-chain insulin SCI-b	HOMO SAPIENS; MUS MUSCULUS; SYNTHETIC CONSTRUCT	mus musculus	mus musculus	homo sapiens	Lawrence, M.C., Menting, J.G.	2.6	X-RAY DIFFRACTION	0.221	0.189	False	True	IGHV2	IGKV8	Kappa	None	None	None	None	None
7kd6	C	D	0	E	protein	NA	insulin receptor subunit alpha	SIGNALING PROTEIN	10/08/20	Insulin Receptor L1-CR plus alphaCT fragment in co-complex with Fv 83-7 and single-chain insulin SCI-b	HOMO SAPIENS; MUS MUSCULUS; SYNTHETIC CONSTRUCT	mus musculus	mus musculus	homo sapiens	Lawrence, M.C., Menting, J.G.	2.6	X-RAY DIFFRACTION	0.221	0.189	False	True	IGHV2	IGKV8	Kappa	None	None	None	None	None
7kd6	I	J	0	K	protein	NA	insulin receptor subunit alpha	SIGNALING PROTEIN	10/08/20	Insulin Receptor L1-CR plus alphaCT fragment in co-complex with Fv 83-7 and single-chain insulin SCI-b	HOMO SAPIENS; MUS MUSCULUS; SYNTHETIC CONSTRUCT	mus musculus	mus musculus	homo sapiens	Lawrence, M.C., Menting, J.G.	2.6	X-RAY DIFFRACTION	0.221	0.189	False	True	IGHV2	IGKV8	Kappa	None	None	None	None	None
7deu	B	B	0	A	protein	NA	spike protein s1	VIRAL PROTEIN/ANTIVIRAL PROTEIN	11/05/20	Crystal structure of SARS-CoV-2 RBD in complex with a neutralizing antibody scFv	SEVERE ACUTE RESPIRATORY SYNDROME CORONAVIRUS 2; MUS MUSCULUS	mus musculus		severe acute respiratory syndrome coronavirus2 	Zhang, Z., Zhang, G., Li, X., Rao, Z., Guo, Y.	2.1	X-RAY DIFFRACTION	0.229	0.209	True	True	unknown	unknown	unknown	None	None	None	None	None
5i4f	A	A	0	a	Hapten	6DM	6-O-alpha-D-mannopyranosyl-alpha-D-mannopyranose	IMMUNE SYSTEM	02/12/16	scFv 2D10 complexed with alpha 1,6 mannobiose	MUS MUSCULUS	mus musculus			Vashisht, S., Kumar, A., Kaur, K.J., Salunke, D.M.	1.549	X-RAY DIFFRACTION	0.193	0.167	True	True	unknown	unknown	unknown	None	None	None	None	None
1g7h	B	A	0	C	protein	NA	lysozyme c	HYDROLASE INHIBITOR/HYDROLASE	11/10/00	CRYSTAL STRUCTURE OF HEN EGG WHITE LYSOZYME (HEL) COMPLEXED WITH THE MUTANT ANTI-HEL MONOCLONAL ANTIBODY D1.3(VLW92A)	MUS MUSCULUS; GALLUS GALLUS	mus musculus	mus musculus	gallus gallus	Sundberg, E.J., Urrutia, M., Braden, B.C., Isern, J., Mariuzza, R.A.	1.85	X-RAY DIFFRACTION	unknown	0.203	False	True	IGHV2	IGKV12	Kappa	None	None	None	None	None
43ca	D	C	0	C	Hapten	NPO	P-NITROPHENOL	IMMUNOGLOBULIN	03/10/99	CRYSTALLOGRAPHIC STRUCTURE OF THE ESTEROLYTIC AND AMIDOLYTIC 43C9 ANTIBODY WITH BOUND P-NITROPHENOL	MUS MUSCULUS	mus musculus	mus musculus	mus musculus	Thayer, M.M., Getzoff, E.D., Roberts, V.A.	2.3	X-RAY DIFFRACTION	0.259	0.206	False	True	IGHV2	IGKV8	Kappa	None	None	None	None	None
43ca	B	A	0	A	Hapten	NPO	P-NITROPHENOL	IMMUNOGLOBULIN	03/10/99	CRYSTALLOGRAPHIC STRUCTURE OF THE ESTEROLYTIC AND AMIDOLYTIC 43C9 ANTIBODY WITH BOUND P-NITROPHENOL	MUS MUSCULUS	mus musculus	mus musculus	mus musculus	Thayer, M.M., Getzoff, E.D., Roberts, V.A.	2.3	X-RAY DIFFRACTION	0.259	0.206	False	True	IGHV2	IGKV8	Kappa	None	None	None	None	None
43ca	F	E	0	E	Hapten	NPO	P-NITROPHENOL	IMMUNOGLOBULIN	03/10/99	CRYSTALLOGRAPHIC STRUCTURE OF THE ESTEROLYTIC AND AMIDOLYTIC 43C9 ANTIBODY WITH BOUND P-NITROPHENOL	MUS MUSCULUS	mus musculus	mus musculus	mus musculus	Thayer, M.M., Getzoff, E.D., Roberts, V.A.	2.3	X-RAY DIFFRACTION	0.259	0.206	False	True	IGHV2	IGKV8	Kappa	None	None	None	None	None
43ca	H	G	0	G	Hapten	NPO	P-NITROPHENOL	IMMUNOGLOBULIN	03/10/99	CRYSTALLOGRAPHIC STRUCTURE OF THE ESTEROLYTIC AND AMIDOLYTIC 43C9 ANTIBODY WITH BOUND P-NITROPHENOL	MUS MUSCULUS	mus musculus	mus musculus	mus musculus	Thayer, M.M., Getzoff, E.D., Roberts, V.A.	2.3	X-RAY DIFFRACTION	0.259	0.206	False	True	IGHV2	IGKV8	Kappa	None	None	None	None	None
3uyp	A	A	0	B	protein	NA	envelope protein	IMMUNE SYSTEM	12/06/11	Crystal structure of the dengue virus serotype 4 envelope protein domain III in complex with the variable domains of Mab 4E11	MUS MUSCULUS; DENGUE VIRUS 4	mus musculus		dengue virus 4	Cockburn, J.J.B., Navarro Sanchez, M.E., Fretes, N., Urvoas, A., Staropoli, I., Kikuti, C.M., Coffey, L.L., Arenzana Seisdedos, F., Bedouelle, H., Rey, F.A.	2.0	X-RAY DIFFRACTION	0.201	0.181	True	True	unknown	unknown	unknown	None	None	None	None	None
6lgw	C	D	0	F	protein	NA	glycoprotein,glycoprotein,glycoprotein	VIRAL PROTEIN	12/06/19	Structure of Rabies virus glycoprotein in complex with neutralizing antibody 523-11 at acidic pH	MUS MUSCULUS; RABIES LYSSAVIRUS	mus musculus	mus musculus	rabies lyssavirus	Yang, F.L., Lin, S., Ye, F., Yang, J., Qi, J.X., Chen, Z.J., Lin, X., Wang, J.C., Yue, D., Cheng, Y.W., Chen, Z.M., Chen, H., You, Y., Zhang, Z.L., Yang, Y., Yang, M., Sun, H.L., Li, Y.H., Cao, Y., Yang, S.Y., Wei, Y.Q., Gao, G.F., Lu, G.W.	2.9037	X-RAY DIFFRACTION	0.268	0.218	False	True	IGHV1	IGKV5	Kappa	None	None	None	None	None
6lgw	A	B	0	E	protein	NA	glycoprotein,glycoprotein,glycoprotein	VIRAL PROTEIN	12/06/19	Structure of Rabies virus glycoprotein in complex with neutralizing antibody 523-11 at acidic pH	MUS MUSCULUS; RABIES LYSSAVIRUS	mus musculus	mus musculus	rabies lyssavirus	Yang, F.L., Lin, S., Ye, F., Yang, J., Qi, J.X., Chen, Z.J., Lin, X., Wang, J.C., Yue, D., Cheng, Y.W., Chen, Z.M., Chen, H., You, Y., Zhang, Z.L., Yang, Y., Yang, M., Sun, H.L., Li, Y.H., Cao, Y., Yang, S.Y., Wei, Y.Q., Gao, G.F., Lu, G.W.	2.9037	X-RAY DIFFRACTION	0.268	0.218	False	True	IGHV1	IGKV5	Kappa	None	None	None	None	None
1h8o	B	B	0	NA	NA	NA	NA	ANTIBODY	02/14/01	Selection, characterization and X-ray  Structure of anti-ampicillin single  chain Fv fragments from phage-displayed murine antibody libraries	MUS MUSCULUS	mus musculus			Burmester, J., Spinelli, S., Pugliese, L., Krebber, A., Honegger, A., Jung, S., Schimmele, B., Cambillau, C., Pluckthun, A.	2.75	X-RAY DIFFRACTION	0.258	0.178	True	True	unknown	unknown	unknown	None	None	None	None	None
1h8o	A	A	0	NA	NA	NA	NA	ANTIBODY	02/14/01	Selection, characterization and X-ray  Structure of anti-ampicillin single  chain Fv fragments from phage-displayed murine antibody libraries	MUS MUSCULUS	mus musculus			Burmester, J., Spinelli, S., Pugliese, L., Krebber, A., Honegger, A., Jung, S., Schimmele, B., Cambillau, C., Pluckthun, A.	2.75	X-RAY DIFFRACTION	0.258	0.178	True	True	unknown	unknown	unknown	None	None	None	None	None
5yax	A	A	0	NA	NA	NA	NA	IMMUNE SYSTEM	09/02/17	Crystal structure of a human neutralizing antibody bound to a HBV preS1 peptide	HOMO SAPIENS; HEPATITIS B VIRUS	homo sapiens			Liu, X., Zheng, S., Ye, K., Sui, J.	2.5	X-RAY DIFFRACTION	0.288	0.242	True	True	unknown	unknown	unknown	None	None	None	None	None
5yax	B	B	0	C	peptide	NA	large envelope protein	IMMUNE SYSTEM	09/02/17	Crystal structure of a human neutralizing antibody bound to a HBV preS1 peptide	HOMO SAPIENS; HEPATITIS B VIRUS	homo sapiens		hepatitis b virus	Liu, X., Zheng, S., Ye, K., Sui, J.	2.5	X-RAY DIFFRACTION	0.288	0.242	True	True	unknown	unknown	unknown	None	None	None	None	None
1p4b	H	L	0	P	peptide	NA	gcn4(7p-14p) peptide	IMMUNE SYSTEM	04/22/03	Three-Dimensional Structure Of a Single Chain Fv Fragment Complexed With The peptide GCN4(7P-14P).	MUS MUSCULUS; SYNTHETIC CONSTRUCT	mus musculus	mus musculus		Zahnd, C., Spinelli, S., Luginbuhl, B., Jermutus, L., Amstutz, P., Cambillau, C., Pluckthun, A.	2.35	X-RAY DIFFRACTION	0.300	0.219	True	True	IGHV2	IGLV1	Lambda	4.00E-11	-13.94	SPR	20	14754898
2a9m	H	L	0	NA	NA	NA	NA	IMMUNE SYSTEM	07/12/05	Structural Analysis of a Tight-binding Fluorescein-scFv; apo form	HOMO SAPIENS	homo sapiens	homo sapiens		Cambillau, C., Spinelli, S., Honegger, A., Pluckthun, A.	2.1	X-RAY DIFFRACTION	0.263	0.210	True	True	IGHV3	IGLV1	Lambda	None	None	None	None	None
2a9m	I	M	0	NA	NA	NA	NA	IMMUNE SYSTEM	07/12/05	Structural Analysis of a Tight-binding Fluorescein-scFv; apo form	HOMO SAPIENS	homo sapiens	homo sapiens		Cambillau, C., Spinelli, S., Honegger, A., Pluckthun, A.	2.1	X-RAY DIFFRACTION	0.263	0.210	True	True	IGHV3	IGLV1	Lambda	None	None	None	None	None
6ban	B	A	0	M	protein	NA	inactive tyrosine-protein kinase transmembrane receptorror1 	IMMUNE SYSTEM	10/14/17	Potent and Selective Antitumor Activity of a T-Cell Engaging Bispecific Antibody Targeting a Membrane-Proximal Epitope of ROR1	HOMO SAPIENS	homo sapiens	homo sapiens	homo sapiens	Park, H., Rader, C.	1.95	X-RAY DIFFRACTION	0.196	0.160	False	True	IGHV1	IGKV1	Kappa	None	None	None	None	None
6ban	H	G	0	P	protein	NA	inactive tyrosine-protein kinase transmembrane receptorror1 	IMMUNE SYSTEM	10/14/17	Potent and Selective Antitumor Activity of a T-Cell Engaging Bispecific Antibody Targeting a Membrane-Proximal Epitope of ROR1	HOMO SAPIENS	homo sapiens	homo sapiens	homo sapiens	Park, H., Rader, C.	1.95	X-RAY DIFFRACTION	0.196	0.160	False	True	IGHV1	IGKV1	Kappa	None	None	None	None	None
6ban	D	C	0	N	protein	NA	inactive tyrosine-protein kinase transmembrane receptorror1 	IMMUNE SYSTEM	10/14/17	Potent and Selective Antitumor Activity of a T-Cell Engaging Bispecific Antibody Targeting a Membrane-Proximal Epitope of ROR1	HOMO SAPIENS	homo sapiens	homo sapiens	homo sapiens	Park, H., Rader, C.	1.95	X-RAY DIFFRACTION	0.196	0.160	False	True	IGHV1	IGKV1	Kappa	None	None	None	None	None
6ban	F	E	0	O	protein	NA	inactive tyrosine-protein kinase transmembrane receptorror1 	IMMUNE SYSTEM	10/14/17	Potent and Selective Antitumor Activity of a T-Cell Engaging Bispecific Antibody Targeting a Membrane-Proximal Epitope of ROR1	HOMO SAPIENS	homo sapiens	homo sapiens	homo sapiens	Park, H., Rader, C.	1.95	X-RAY DIFFRACTION	0.196	0.160	False	True	IGHV1	IGKV1	Kappa	None	None	None	None	None
5a2l	H	H	0	P	peptide	NA	modified antigen tn	IMMUNE SYSTEM	05/20/15	Crystal structure of scFv-SM3 in complex with APD-CGalNAc-RP	MUS MUSCULUS; SYNTHETIC CONSTRUCT	mus musculus		homo sapiens	Martinez-Saez, N., Castro-Lopez, J., Valero-Gonzalez, J., Madariaga, D., Companon, I., Somovilla, V.J., Salvado, M., Asensio, J.L., Jimenez-Barbero, J., Avenoza, A., Busto, J.H., Bernardes, G.J.L., Peregrina, J.M., Hurtado-Guerrero, R., Corzana, F.	1.79	X-RAY DIFFRACTION	0.20447	0.18442	True	True	unknown	unknown	unknown	None	None	None	None	None
4p49	A	A	0	NA	NA	NA	NA	IMMUNE SYSTEM	03/12/14	The structure of a chicken anti-prostate specific antigen scFv	GALLUS GALLUS	gallus gallus			Conroy, P.J., Law, R.H.P., Gilgunn, S., Hearty, S., Llyod, G., Caradoc-Davies, T.T., O'Kennedy, R.J., Whisstock, J.C.	1.4	X-RAY DIFFRACTION	0.214	0.183	True	True	unknown	unknown	unknown	None	None	None	None	None
3a6c	H	L	0	Y	protein	NA	lysozyme c	IMMUNE SYSTEM/HYDROLASE	08/28/09	Crystal Structure of HyHEL-10 Fv mutant LN92D complexed with hen egg white lysozyme	MUS MUSCULUS; GALLUS GALLUS	mus musculus	mus musculus	gallus gallus	Yokota, A., Tsumoto, K., Shiroishi, M., Nakanishi, T., Kondo, H., Kumagai, I.	1.8	X-RAY DIFFRACTION	0.216	0.186	False	True	IGHV3	IGKV5	Kappa	7.14E-09	-11.28	ITC	30	20038580
2yss	B	A	0	C	protein	NA	lysozyme c	IMMUNE SYSTEM/HYDROLASE	04/03/07	Crystal structure of Humanized HYHEL-10 FV mutant(HQ39KW47Y)-HEN lysozyme complex	HOMO SAPIENS; GALLUS GALLUS	homo sapiens	homo sapiens	gallus gallus	Nakanishi, T., Tsumoto, K., Yokota, A., Kondo, H., Kumagai, I.	2.4	X-RAY DIFFRACTION	0.265	0.218	False	True	IGHV4	IGKV3	Kappa	None	None	None	None	None
1dql	H	L	0	NA	NA	NA	NA	IMMUNE SYSTEM	01/04/00	CRYSTAL STRUCTURE OF AN UNLIGANDED (NATIVE) FV FROM A HUMAN IGM ANTI-PEPTIDE ANTIBODY	HOMO SAPIENS	homo sapiens	homo sapiens		Ramsland, P.A., Shan, L., Moomaw, C.R., Slaughter, C.A., Guddat, L.W., Edmundson, A.B.	2.6	X-RAY DIFFRACTION	0.261	0.181	False	False	IGHV3	IGKV1	Kappa	None	None	None	None	None
1a6w	H	L	0	H	Hapten	NIP	4-HYDROXY-5-IODO-3-NITROPHENYLACETYL-EPSILON-AMINOCAPROIC ACID ANION	IMMUNOGLOBULIN	03/03/98	B1-8 FV FRAGMENT COMPLEXED WITH A (4-HYDROXY-5-IODO-3-NITROPHENYL) ACETATE COMPOUND	MUS MUSCULUS	mus musculus	mus musculus	mus musculus	Simon, T., Henrick, K., Hirshberg, M., Winter, G.	2.0	X-RAY DIFFRACTION	unknown	0.171	False	False	IGHV1	IGLV1	Lambda	None	None	None	None	None
3esu	F	F	0	NA	NA	NA	NA	IMMUNE SYSTEM	10/06/08	Crystal structure of anthrax-neutralizing single-chain antibody 14b7	MUS MUSCULUS	mus musculus			Monzingo, A.F., Maynard, J.A., Iverson, B.L., Georgiou, G., Robertus, J.D.	1.3	X-RAY DIFFRACTION	0.236	0.216	True	True	unknown	unknown	unknown	None	None	None	None	None
1dvf	B	A	0	NA	NA	NA	NA	COMPLEX (IDIOTOPE-ANTIIDIOTOPE)	04/13/96	IDIOTOPIC ANTIBODY D1.3 FV FRAGMENT-ANTIIDIOTOPIC ANTIBODY E5.2 FV FRAGMENT COMPLEX	MUS MUSCULUS	mus musculus	mus musculus		Braden, B.C., Fields, B.A., Ysern, X., Dall'Acqua, W., Goldbaum, F.A., Poljak, R.J., Mariuzza, R.A.	1.9	X-RAY DIFFRACTION	0.249	0.194	False	True	IGHV2	IGKV12	Kappa	None	None	None	None	None
1dvf	D	C	0	NA	NA	NA	NA	COMPLEX (IDIOTOPE-ANTIIDIOTOPE)	04/13/96	IDIOTOPIC ANTIBODY D1.3 FV FRAGMENT-ANTIIDIOTOPIC ANTIBODY E5.2 FV FRAGMENT COMPLEX	MUS MUSCULUS	mus musculus	mus musculus		Braden, B.C., Fields, B.A., Ysern, X., Dall'Acqua, W., Goldbaum, F.A., Poljak, R.J., Mariuzza, R.A.	1.9	X-RAY DIFFRACTION	0.249	0.194	False	True	IGHV14	IGKV10	Kappa	None	None	None	None	None
6oan	B	B	0	A	protein	NA	duffy binding surface protein region ii	CELL INVASION	03/18/19	Structure of DBP in complex with human neutralizing antibody 053054	PLASMODIUM VIVAX; HOMO SAPIENS	homo sapiens		plasmodium vivax	Urusova, D., Tolia, N.H.	2.9	X-RAY DIFFRACTION	0.252	0.230	True	True	unknown	unknown	unknown	None	None	None	None	None
6oan	D	D	0	C	protein	NA	duffy binding surface protein region ii	CELL INVASION	03/18/19	Structure of DBP in complex with human neutralizing antibody 053054	PLASMODIUM VIVAX; HOMO SAPIENS	homo sapiens		plasmodium vivax	Urusova, D., Tolia, N.H.	2.9	X-RAY DIFFRACTION	0.252	0.230	True	True	unknown	unknown	unknown	None	None	None	None	None
5yd3	G	G	0	H	peptide	NA	epitope peptide	IMMUNE SYSTEM	09/11/17	Crystal structure of the scFv antibody 4B08 with epitope peptide	MUS MUSCULUS; SYNTHETIC CONSTRUCT	mus musculus		homo sapiens	Caaveiro, J.M.M., Miyanabe, K., Tsumoto, K.	1.35	X-RAY DIFFRACTION	0.184	0.136	True	True	unknown	unknown	unknown	None	None	None	None	None
5yd3	A	A	0	B	peptide	NA	epitope peptide	IMMUNE SYSTEM	09/11/17	Crystal structure of the scFv antibody 4B08 with epitope peptide	MUS MUSCULUS; SYNTHETIC CONSTRUCT	mus musculus		homo sapiens	Caaveiro, J.M.M., Miyanabe, K., Tsumoto, K.	1.35	X-RAY DIFFRACTION	0.184	0.136	True	True	unknown	unknown	unknown	None	None	None	None	None
5yd3	E	E	0	F	peptide	NA	epitope peptide	IMMUNE SYSTEM	09/11/17	Crystal structure of the scFv antibody 4B08 with epitope peptide	MUS MUSCULUS; SYNTHETIC CONSTRUCT	mus musculus		homo sapiens	Caaveiro, J.M.M., Miyanabe, K., Tsumoto, K.	1.35	X-RAY DIFFRACTION	0.184	0.136	True	True	unknown	unknown	unknown	None	None	None	None	None
5yd3	C	C	0	D	peptide	NA	epitope peptide	IMMUNE SYSTEM	09/11/17	Crystal structure of the scFv antibody 4B08 with epitope peptide	MUS MUSCULUS; SYNTHETIC CONSTRUCT	mus musculus		homo sapiens	Caaveiro, J.M.M., Miyanabe, K., Tsumoto, K.	1.35	X-RAY DIFFRACTION	0.184	0.136	True	True	unknown	unknown	unknown	None	None	None	None	None
43c9	H	G	0	NA	NA	NA	NA	IMMUNOGLOBULIN	03/10/99	CRYSTALLOGRAPHIC STRUCTURE OF THE ESTEROLYTIC AND AMIDOLYTIC 43C9 ANTIBODY	MUS MUSCULUS	mus musculus	mus musculus		Thayer, M.M., Getzoff, E.D., Roberts, V.A.	2.2	X-RAY DIFFRACTION	0.265	0.210	False	True	IGHV2	IGKV8	Kappa	None	None	None	None	None
43c9	F	E	0	NA	NA	NA	NA	IMMUNOGLOBULIN	03/10/99	CRYSTALLOGRAPHIC STRUCTURE OF THE ESTEROLYTIC AND AMIDOLYTIC 43C9 ANTIBODY	MUS MUSCULUS	mus musculus	mus musculus		Thayer, M.M., Getzoff, E.D., Roberts, V.A.	2.2	X-RAY DIFFRACTION	0.265	0.210	False	True	IGHV2	IGKV8	Kappa	None	None	None	None	None
43c9	D	C	0	NA	NA	NA	NA	IMMUNOGLOBULIN	03/10/99	CRYSTALLOGRAPHIC STRUCTURE OF THE ESTEROLYTIC AND AMIDOLYTIC 43C9 ANTIBODY	MUS MUSCULUS	mus musculus	mus musculus		Thayer, M.M., Getzoff, E.D., Roberts, V.A.	2.2	X-RAY DIFFRACTION	0.265	0.210	False	True	IGHV2	IGKV8	Kappa	None	None	None	None	None
43c9	B	A	0	NA	NA	NA	NA	IMMUNOGLOBULIN	03/10/99	CRYSTALLOGRAPHIC STRUCTURE OF THE ESTEROLYTIC AND AMIDOLYTIC 43C9 ANTIBODY	MUS MUSCULUS	mus musculus	mus musculus		Thayer, M.M., Getzoff, E.D., Roberts, V.A.	2.2	X-RAY DIFFRACTION	0.265	0.210	False	True	IGHV2	IGKV8	Kappa	None	None	None	None	None
1qle	H	L	0	B	protein	NA	cytochrome c oxidase polypeptide ii	OXIDOREDUCTASE/IMMUNE SYSTEM	08/30/99	CRYO-STRUCTURE OF THE PARACOCCUS DENITRIFICANS FOUR-SUBUNIT CYTOCHROME C  OXIDASE IN THE COMPLETELY OXIDIZED STATE COMPLEXED WITH AN ANTIBODY FV FRAGMENT	MUS MUSCULUS; PARACOCCUS DENITRIFICANS	mus musculus	mus musculus	paracoccus denitrificans	Harrenga, A., Michel, H.	3.0	X-RAY DIFFRACTION	0.309	0.235	False	True	IGHV5	IGKV12	Kappa	None	None	None	None	None
2gki	B	B	0	NA	NA	NA	NA	IMMUNE SYSTEM	04/02/06	Heavy and light chain variable single domains of an anti-DNA binding antibody hydrolyze both double- and single-stranded DNAs without sequence specificity	MUS MUSCULUS	mus musculus			Kim, Y.R., Kim, J.S., Lee, S.H., Lee, W.R., Sohn, J.N., Chung, Y.C., Shim, H.K., Lee, S.C., Kwon, M.H., Kim, Y.S.	2.88	X-RAY DIFFRACTION	0.242	0.212	True	True	unknown	unknown	unknown	None	None	None	None	None
2gki	A	A	0	NA	NA	NA	NA	IMMUNE SYSTEM	04/02/06	Heavy and light chain variable single domains of an anti-DNA binding antibody hydrolyze both double- and single-stranded DNAs without sequence specificity	MUS MUSCULUS	mus musculus			Kim, Y.R., Kim, J.S., Lee, S.H., Lee, W.R., Sohn, J.N., Chung, Y.C., Shim, H.K., Lee, S.C., Kwon, M.H., Kim, Y.S.	2.88	X-RAY DIFFRACTION	0.242	0.212	True	True	unknown	unknown	unknown	None	None	None	None	None
1nmc	H	L	0	N	protein	NA	neuraminidase	COMPLEX (SINGLE-CHAIN ANTIBODY/ANTIGEN)	12/21/97	COMPLEX BETWEEN NC10 ANTI-INFLUENZA VIRUS NEURAMINIDASE SINGLE CHAIN ANTIBODY WITH A 15 RESIDUE LINKER AND INFLUENZA VIRUS NEURAMINIDASE	INFLUENZA A VIRUS; MUS MUSCULUS	mus musculus	mus musculus	influenza a virus	Malby, R.L., Mccoy, A.J., Kortt, A.A., Hudson, P.J., Colman, P.M.	2.5	X-RAY DIFFRACTION	0.260	0.220	False	True	IGHV1	IGKV10	Kappa	None	None	None	None	None
1nmc	B	C	0	A	protein	NA	neuraminidase	COMPLEX (SINGLE-CHAIN ANTIBODY/ANTIGEN)	12/21/97	COMPLEX BETWEEN NC10 ANTI-INFLUENZA VIRUS NEURAMINIDASE SINGLE CHAIN ANTIBODY WITH A 15 RESIDUE LINKER AND INFLUENZA VIRUS NEURAMINIDASE	INFLUENZA A VIRUS; MUS MUSCULUS	mus musculus	mus musculus	influenza a virus	Malby, R.L., Mccoy, A.J., Kortt, A.A., Hudson, P.J., Colman, P.M.	2.5	X-RAY DIFFRACTION	0.260	0.220	False	True	IGHV1	IGKV10	Kappa	None	None	None	None	None
7shz	E	F	0	B	protein	NA	ige fc	IMMUNE SYSTEM	10/11/21	IgE-Fc in complex with HAE	HOMO SAPIENS	homo sapiens	homo sapiens	homo sapiens	Pennington, L.F., Jardetzky, T.J., Kleinboelting, S.	3.0	X-RAY DIFFRACTION	0.236	0.186	False	True	IGHV3	IGKV1	Kappa	None	None	None	None	None
7shz	I	J	0	G	protein	NA	ige fc	IMMUNE SYSTEM	10/11/21	IgE-Fc in complex with HAE	HOMO SAPIENS	homo sapiens	homo sapiens	homo sapiens	Pennington, L.F., Jardetzky, T.J., Kleinboelting, S.	3.0	X-RAY DIFFRACTION	0.236	0.186	False	True	IGHV3	IGKV1	Kappa	None	None	None	None	None
7shz	C	D	0	A	protein	NA	ige fc	IMMUNE SYSTEM	10/11/21	IgE-Fc in complex with HAE	HOMO SAPIENS	homo sapiens	homo sapiens	homo sapiens	Pennington, L.F., Jardetzky, T.J., Kleinboelting, S.	3.0	X-RAY DIFFRACTION	0.236	0.186	False	True	IGHV3	IGKV1	Kappa	None	None	None	None	None
7shz	K	L	0	H	protein	NA	ige fc	IMMUNE SYSTEM	10/11/21	IgE-Fc in complex with HAE	HOMO SAPIENS	homo sapiens	homo sapiens	homo sapiens	Pennington, L.F., Jardetzky, T.J., Kleinboelting, S.	3.0	X-RAY DIFFRACTION	0.236	0.186	False	True	IGHV3	IGKV1	Kappa	None	None	None	None	None
2uud	J	K	0	T	peptide	NA	nq10-1.12 anti-phox antibody	IMMUNE SYSTEM	03/02/07	Crystal structure of the TEPC15-Vk45.1 anti-2-phenyl-5-oxazolone NQ10- 1.12 scFv in complex with the hapten	MUS MUSCULUS	mus musculus	mus musculus	mus musculus	Scotti, C., Gherardi, E.	2.9	X-RAY DIFFRACTION	0.297	0.228	False	True	IGHV7	IGKV1	Kappa	None	None	None	None	None
2uud	H	L	0	S	peptide	NA	nq10-1.12 anti-phox antibody	IMMUNE SYSTEM	03/02/07	Crystal structure of the TEPC15-Vk45.1 anti-2-phenyl-5-oxazolone NQ10- 1.12 scFv in complex with the hapten	MUS MUSCULUS	mus musculus	mus musculus	mus musculus	Scotti, C., Gherardi, E.	2.9	X-RAY DIFFRACTION	0.297	0.228	False	True	IGHV7	IGKV1	Kappa	None	None	None	None	None
1lmk	A	A	0	NA	NA	NA	NA	IMMUNOGLOBULIN	08/29/94	THE STRUCTURE OF A BIVALENT DIABODY	MUS MUSCULUS	mus musculus			Williams, R.L.	2.6	X-RAY DIFFRACTION	unknown	0.200	True	True	unknown	unknown	unknown	None	None	None	None	None
1lmk	G	G	0	NA	NA	NA	NA	IMMUNOGLOBULIN	08/29/94	THE STRUCTURE OF A BIVALENT DIABODY	MUS MUSCULUS	mus musculus			Williams, R.L.	2.6	X-RAY DIFFRACTION	unknown	0.200	True	True	unknown	unknown	unknown	None	None	None	None	None
1lmk	E	E	0	NA	NA	NA	NA	IMMUNOGLOBULIN	08/29/94	THE STRUCTURE OF A BIVALENT DIABODY	MUS MUSCULUS	mus musculus			Williams, R.L.	2.6	X-RAY DIFFRACTION	unknown	0.200	True	True	unknown	unknown	unknown	None	None	None	None	None
1lmk	C	C	0	NA	NA	NA	NA	IMMUNOGLOBULIN	08/29/94	THE STRUCTURE OF A BIVALENT DIABODY	MUS MUSCULUS	mus musculus			Williams, R.L.	2.6	X-RAY DIFFRACTION	unknown	0.200	True	True	unknown	unknown	unknown	None	None	None	None	None
1oaq	H	L	0	NA	NA	NA	NA	IMMUNE SYSTEM	01/21/03	Free conformation Ab1 of the IgE SPE-7	MUS MUSCULUS	rattus rattus	rattus rattus		James, L.C., Roversi, P., Tawfik, D.	1.5	X-RAY DIFFRACTION	0.18167	0.15965	False	True	IGHV1	IGLV1	Lambda	None	None	None	None	None
7aql	C	C	0	NA	NA	NA	NA	IMMUNE SYSTEM	10/22/20	Crystal Structure of an Anti-Plasminogen Activator Inhibitor-1 (PAI-1) scFv antibody fragment (scFv-33H1F7)	MUS MUSCULUS	mus musculus			Sillen, M., Weeks, S.D., Strelkov, S.V., Declerck, P.J.	1.8	X-RAY DIFFRACTION	0.223	0.186	True	True	unknown	unknown	unknown	None	None	None	None	None
7aql	B	B	0	NA	NA	NA	NA	IMMUNE SYSTEM	10/22/20	Crystal Structure of an Anti-Plasminogen Activator Inhibitor-1 (PAI-1) scFv antibody fragment (scFv-33H1F7)	MUS MUSCULUS	mus musculus			Sillen, M., Weeks, S.D., Strelkov, S.V., Declerck, P.J.	1.8	X-RAY DIFFRACTION	0.223	0.186	True	True	unknown	unknown	unknown	None	None	None	None	None
7aql	A	A	0	NA	NA	NA	NA	IMMUNE SYSTEM	10/22/20	Crystal Structure of an Anti-Plasminogen Activator Inhibitor-1 (PAI-1) scFv antibody fragment (scFv-33H1F7)	MUS MUSCULUS	mus musculus			Sillen, M., Weeks, S.D., Strelkov, S.V., Declerck, P.J.	1.8	X-RAY DIFFRACTION	0.223	0.186	True	True	unknown	unknown	unknown	None	None	None	None	None
7aql	D	D	0	NA	NA	NA	NA	IMMUNE SYSTEM	10/22/20	Crystal Structure of an Anti-Plasminogen Activator Inhibitor-1 (PAI-1) scFv antibody fragment (scFv-33H1F7)	MUS MUSCULUS	mus musculus			Sillen, M., Weeks, S.D., Strelkov, S.V., Declerck, P.J.	1.8	X-RAY DIFFRACTION	0.223	0.186	True	True	unknown	unknown	unknown	None	None	None	None	None
2gsg	B	A	0	NA	NA	NA	NA	IMMUNE SYSTEM	04/26/06	Crystal structure of the Fv fragment of a monoclonal antibody specific for poly-glutamine	MUS MUSCULUS	mus musculus	mus musculus		Li, P., Huey-Tubman, K.E., West Jr., A.P., Bennett, M.J., Bjorkman, P.J.	2.1	X-RAY DIFFRACTION	0.253	0.229	False	True	IGHV5	IGLV3	Lambda	None	None	None	None	None
2gsg	D	C	0	NA	NA	NA	NA	IMMUNE SYSTEM	04/26/06	Crystal structure of the Fv fragment of a monoclonal antibody specific for poly-glutamine	MUS MUSCULUS	mus musculus	mus musculus		Li, P., Huey-Tubman, K.E., West Jr., A.P., Bennett, M.J., Bjorkman, P.J.	2.1	X-RAY DIFFRACTION	0.253	0.229	False	True	IGHV5	IGLV3	Lambda	None	None	None	None	None
4xvj	H	L	0	A	peptide	NA	hcv e2 antigen	IMMUNE SYSTEM	01/27/15	STUCTURE OF THE HEPATITIS C VIRUS ENVELOPE GLYCOPROTEIN E2 ANTIGENIC 2 REGION 412-423 BOUND TO THE BROADLY NEUTRALIZING ANTIBODY HC33.1	HOMO SAPIENS; SYNTHETIC CONSTRUCT	homo sapiens	homo sapiens	hepatitis c virus	Li, Y., Mariuzza, R.A.	2.0	X-RAY DIFFRACTION	0.274	0.225	False	True	IGHV3	IGLV1	Lambda	None	None	None	None	None
5xcv	A	B	0	C	peptide	NA	pa14 peptide	IMMUNE SYSTEM	03/23/17	Crystal structure of NZ-1 Fv-clasp fragment with its antigen peptide	RATTUS; HOMO SAPIENS; SYNTHETIC CONSTRUCT	rattus, homo sapiens	rattus, homo sapiens	homo sapiens	Arimori, T., Takagi, J.	2.143	X-RAY DIFFRACTION	0.277	0.228	False	True	IGHV5	IGLV3	Lambda	None	None	None	None	None
5xcv	D	E	0	F	peptide	NA	pa14 peptide	IMMUNE SYSTEM	03/23/17	Crystal structure of NZ-1 Fv-clasp fragment with its antigen peptide	RATTUS; HOMO SAPIENS; SYNTHETIC CONSTRUCT	rattus, homo sapiens	rattus, homo sapiens	homo sapiens	Arimori, T., Takagi, J.	2.143	X-RAY DIFFRACTION	0.277	0.228	False	True	IGHV5	IGLV3	Lambda	None	None	None	None	None
4rav	A	B	0	E	peptide	NA	huntingtin	IMMUNE SYSTEM/Apoptosis	09/11/14	Crystal structure of scFvC4 in complex with the first 17 AA of huntingtin	HOMO SAPIENS; SYNTHETIC CONSTRUCT	homo sapiens	homo sapiens	homo sapiens	De Genst, E., Chirgadze, D.Y., Dobson, C.M.	2.5	X-RAY DIFFRACTION	0.226	0.180	False	True	IGHV3	IGLV2	Lambda	None	None	None	None	None
4rav	C	D	0	F	peptide	NA	huntingtin	IMMUNE SYSTEM/Apoptosis	09/11/14	Crystal structure of scFvC4 in complex with the first 17 AA of huntingtin	HOMO SAPIENS; SYNTHETIC CONSTRUCT	homo sapiens	homo sapiens	homo sapiens	De Genst, E., Chirgadze, D.Y., Dobson, C.M.	2.5	X-RAY DIFFRACTION	0.226	0.180	False	True	IGHV3	IGLV2	Lambda	None	None	None	None	None
1a7r	H	L	0	NA	NA	NA	NA	IMMUNOGLOBULIN	03/16/98	FV FRAGMENT OF MOUSE MONOCLONAL ANTIBODY D1.3 (BALB/C, IGG1, K) VARIANT CHAIN L GLU81->ASP	MUS MUSCULUS	mus musculus	mus musculus		Marks, C., Henrick, K., Winter, G.	2.01	X-RAY DIFFRACTION	unknown	0.170	False	True	IGHV2	IGKV12	Kappa	None	None	None	None	None
4h0h	B	B	0	D	peptide	NA	peptide	IMMUNE SYSTEM	09/08/12	Crystal structure of mimicry-recognizing 2D10 scFv with peptide	MUS MUSCULUS; SYNTHETIC CONSTRUCT	mus musculus			Tapryal, S., Gaur, V., Kaur, K.J., Salunke, D.M.	2.0	X-RAY DIFFRACTION	0.215	0.195	True	True	unknown	unknown	unknown	None	None	None	None	None
7cu5	A	A	0	Q	protein	NA	programmed cell death protein 1	IMMUNE SYSTEM	08/21/20	N-Glycosylation of PD-1 and glycosylation dependent binding of PD-1 specific monoclonal antibody camrelizumab	HOMO SAPIENS	homo sapiens		homo sapiens	Liu, K.F., Tan, S.G., Jin, W.J., Guan, J.W., Wang, W.L., Sun, H., Qi, J.X., Yan, J.H., Chai, Y., Wang, Z.F., Chu, X.D., Gao, G.F.	2.81	X-RAY DIFFRACTION	0.252	0.212	True	True	unknown	unknown	unknown	None	None	None	None	None
7cu5	B	B	0	E	protein	NA	programmed cell death protein 1	IMMUNE SYSTEM	08/21/20	N-Glycosylation of PD-1 and glycosylation dependent binding of PD-1 specific monoclonal antibody camrelizumab	HOMO SAPIENS	homo sapiens		homo sapiens	Liu, K.F., Tan, S.G., Jin, W.J., Guan, J.W., Wang, W.L., Sun, H., Qi, J.X., Yan, J.H., Chai, Y., Wang, Z.F., Chu, X.D., Gao, G.F.	2.81	X-RAY DIFFRACTION	0.252	0.212	True	True	unknown	unknown	unknown	None	None	None	None	None
5lwy	H	L	0	A	protein	NA	adiponectin receptor protein 2	MEMBRANE PROTEIN	09/19/16	Revised crystal structure of the human adiponectin receptor 2 in complex with a C18 free fatty acid	HOMO SAPIENS; SYNTHETIC CONSTRUCT	mus musculus	mus musculus	homo sapiens	Leyrat, C., Vasiliauskaite-Brooks, I., Granier, S.	2.4	X-RAY DIFFRACTION	0.224	0.198	False	True	IGHV1	IGKV12	Kappa	None	None	None	None	None
7vyt	B	C	0	A	protein	NA	t-cell immunoreceptor with ig and itim domains	IMMUNE SYSTEM	11/15/21	Crystal structure of human TIGIT(23-129) in complex with the scFv fragment of anti-TIGIT antibody MG1131	HOMO SAPIENS	homo sapiens	homo sapiens	homo sapiens	Jeong, B.-S., Nam, H., Kim, M., Oh, B.-H.	1.53	X-RAY DIFFRACTION	0.219	0.201	False	True	IGHV1	IGKV3	Kappa	None	None	None	None	None
7vyt	H	L	0	T	protein	NA	t-cell immunoreceptor with ig and itim domains	IMMUNE SYSTEM	11/15/21	Crystal structure of human TIGIT(23-129) in complex with the scFv fragment of anti-TIGIT antibody MG1131	HOMO SAPIENS	homo sapiens	homo sapiens	homo sapiens	Jeong, B.-S., Nam, H., Kim, M., Oh, B.-H.	1.53	X-RAY DIFFRACTION	0.219	0.201	False	True	IGHV1	IGKV3	Kappa	None	None	None	None	None
5j74	B	B	0	b	Hapten	6GN	1-(17-amino-5,8-dioxo-12,15-dioxa-4,9-diazaheptadecan-1-yl)-4-{[3-(3-sulfopropyl)-1,3-benzothiazol-3-ium-2-yl]methyl}quinolin-1-ium	IMMUNE SYSTEM	04/05/16	Fluorogen activating protein AM2.2 in complex with TO1-2p	HOMO SAPIENS	homo sapiens			Stanfield, R.L., Wilson, I.A., Wu, Y.	2.7	X-RAY DIFFRACTION	0.250	0.197	True	True	unknown	unknown	unknown	None	None	None	None	None
5j74	A	A	0	a	Hapten	6GN	1-(17-amino-5,8-dioxo-12,15-dioxa-4,9-diazaheptadecan-1-yl)-4-{[3-(3-sulfopropyl)-1,3-benzothiazol-3-ium-2-yl]methyl}quinolin-1-ium	IMMUNE SYSTEM	04/05/16	Fluorogen activating protein AM2.2 in complex with TO1-2p	HOMO SAPIENS	homo sapiens			Stanfield, R.L., Wilson, I.A., Wu, Y.	2.7	X-RAY DIFFRACTION	0.250	0.197	True	True	unknown	unknown	unknown	None	None	None	None	None
5dhx	B	B	0	C	protein	NA	protein rev	IMMUNE SYSTEM	08/31/15	HIV-1 Rev NTD dimers with variable crossing angles	ORYCTOLAGUS CUNICULUS; HUMAN IMMUNODEFICIENCY VIRUS 1	oryctolagus cuniculus		human immunodeficiency virus 1	DiMattia, M.A., Watts, N.R., Wingfield, P.T., Grimes, J.M., Stuart, D.I., Steven, A.C.	2.9	X-RAY DIFFRACTION	0.273	0.246	True	True	unknown	unknown	unknown	None	None	None	None	None
5dhx	L	L	0	M	protein	NA	protein rev	IMMUNE SYSTEM	08/31/15	HIV-1 Rev NTD dimers with variable crossing angles	ORYCTOLAGUS CUNICULUS; HUMAN IMMUNODEFICIENCY VIRUS 1	oryctolagus cuniculus		human immunodeficiency virus 1	DiMattia, M.A., Watts, N.R., Wingfield, P.T., Grimes, J.M., Stuart, D.I., Steven, A.C.	2.9	X-RAY DIFFRACTION	0.273	0.246	True	True	unknown	unknown	unknown	None	None	None	None	None
3umt	A	A	0	NA	NA	NA	NA	IMMUNE SYSTEM	11/14/11	scFv12, Anti-BclA antibody single chain variable fragment	MUS MUSCULUS	mus musculus			Pokkuluri, P.R.	1.798	X-RAY DIFFRACTION	0.223	0.175	True	True	unknown	unknown	unknown	None	None	None	None	None
7ceb	C	D	0	B	protein	NA	integrin beta-1	CELL ADHESION/IMMUNE SYSTEM	06/22/20	Crystal structure of alpha6beta1 integrin headpiece	HOMO SAPIENS; MUS MUSCULUS	mus musculus, homo sapiens	mus musculus, homo sapiens	homo sapiens	Arimori, T., Takagi, J.	2.89	X-RAY DIFFRACTION	0.249	0.207	False	True	IGHV5	IGKV4	Kappa	None	None	None	None	None
5kve	H	L	0	E	protein	NA	zika envelope diii	VIRAL PROTEIN/IMMUNE SYSTEM	07/14/16	Zika specific antibody, ZV-48, bound to ZIKA envelope DIII	ZIKA VIRUS; MUS MUSCULUS	mus musculus	mus musculus	zika virus	Zhao, H., Nelson, C.A., Fremont, D.H., Center for Structural Genomics of Infectious Diseases (CSGID)	1.7	X-RAY DIFFRACTION	0.213	0.187	False	False	IGHV1	IGKV8	Kappa	None	None	None	None	None
2a9n	H	L	0	H	Hapten	ORE	4-(2,7-DIFLUORO-6-HYDROXY-3-OXO-3H-XANTHEN-9-YL)ISOPHTHALIC ACID	Immune System	07/12/05	A Mutation Designed to Alter Crystal Packing Permits Structural Analysis of a Tight-binding Fluorescein-scFv complex	HOMO SAPIENS	homo sapiens	homo sapiens	homo sapiens	Cambillau, C., Spinelli, S., Honegger, A., Pluckthun, A.	3.0	X-RAY DIFFRACTION	0.266	0.217	True	True	IGHV3	IGLV1	Lambda	None	None	None	None	None
2a9n	I	M	0	I	Hapten	ORE	4-(2,7-DIFLUORO-6-HYDROXY-3-OXO-3H-XANTHEN-9-YL)ISOPHTHALIC ACID	Immune System	07/12/05	A Mutation Designed to Alter Crystal Packing Permits Structural Analysis of a Tight-binding Fluorescein-scFv complex	HOMO SAPIENS	homo sapiens	homo sapiens	homo sapiens	Cambillau, C., Spinelli, S., Honegger, A., Pluckthun, A.	3.0	X-RAY DIFFRACTION	0.266	0.217	True	True	IGHV3	IGLV1	Lambda	None	None	None	None	None
1wz1	H	L	0	NA	NA	NA	NA	IMMUNE SYSTEM	02/21/05	Crystal structure of the Fv fragment complexed with dansyl-lysine	MUS MUSCULUS	mus musculus	mus musculus		Nakasako, M., Oka, T., Mashumo, M., Takahashi, H., Shimada, I., Yamaguchi, Y., Kato, K., Arata, Y.	1.85	X-RAY DIFFRACTION	0.253	0.216	False	True	IGHV6	IGKV1	Kappa	None	None	None	None	None
6ehy	B	B	0	NA	NA	NA	NA	IMMUNE SYSTEM	09/15/17	scFv AbVance: increasing our knowledge of antibody structural space to enable faster and better decision making in drug discovery	HOMO SAPIENS	homo sapiens			Hargreaves, D.	2.25	X-RAY DIFFRACTION	0.285	0.228	True	True	unknown	unknown	unknown	None	None	None	None	None
6ehy	A	A	0	NA	NA	NA	NA	IMMUNE SYSTEM	09/15/17	scFv AbVance: increasing our knowledge of antibody structural space to enable faster and better decision making in drug discovery	HOMO SAPIENS	homo sapiens			Hargreaves, D.	2.25	X-RAY DIFFRACTION	0.285	0.228	True	True	unknown	unknown	unknown	None	None	None	None	None
1bvk	B	A	0	C	protein	NA	lysozyme	COMPLEX (HUMANIZED ANTIBODY/HYDROLASE)	09/16/98	HUMANIZED ANTI-LYSOZYME FV COMPLEXED WITH LYSOZYME	HOMO SAPIENS; GALLUS GALLUS	homo sapiens	homo sapiens	gallus gallus	Holmes, M.A., Buss, T.N., Foote, J.	2.7	X-RAY DIFFRACTION	0.297	0.208	False	True	IGHV4	IGKV1	Kappa	1.40E-08	-10.53	Other	20	1560463
1bvk	E	D	0	F	protein	NA	lysozyme	COMPLEX (HUMANIZED ANTIBODY/HYDROLASE)	09/16/98	HUMANIZED ANTI-LYSOZYME FV COMPLEXED WITH LYSOZYME	HOMO SAPIENS; GALLUS GALLUS	homo sapiens	homo sapiens	gallus gallus	Holmes, M.A., Buss, T.N., Foote, J.	2.7	X-RAY DIFFRACTION	0.297	0.208	False	True	IGHV4	IGKV1	Kappa	1.40E-08	-10.53	Other	20	1560463
1oaz	H	L	0	A	protein	NA	thioredoxin 1	IMMUNE SYSTEM	01/21/03	IgE Fv SPE7 complexed with a recombinant thioredoxin	ESCHERICHIA COLI; MUS MUSCULUS	rattus rattus	rattus rattus	escherichia coli	James, L.C., Roversi, P., Tawfik, D.	2.78	X-RAY DIFFRACTION	0.276	0.208	False	True	IGHV1	IGLV1	Lambda	None	None	None	None	None
1oaz	J	N	0	B	protein	NA	thioredoxin 1	IMMUNE SYSTEM	01/21/03	IgE Fv SPE7 complexed with a recombinant thioredoxin	ESCHERICHIA COLI; MUS MUSCULUS	rattus rattus	rattus rattus	escherichia coli	James, L.C., Roversi, P., Tawfik, D.	2.78	X-RAY DIFFRACTION	0.276	0.208	False	True	IGHV1	IGLV1	Lambda	None	None	None	None	None
6j9o	H	L	0	NA	NA	NA	NA	ANTIVIRAL PROTEIN	01/23/19	Crystal structure of a free scFv molecule from a group 2 influenza A viruses HA binding antibody AF4H1K1	HOMO SAPIENS	homo sapiens	homo sapiens		Xiao, H.X., Qi, J.X., Gao, F.G.	1.397	X-RAY DIFFRACTION	0.192	0.176	True	True	IGHV3	IGKV3	Kappa	None	None	None	None	None
1a6u	H	L	0	NA	NA	NA	NA	IMMUNOGLOBULIN	03/03/98	B1-8 FV FRAGMENT	MUS MUSCULUS	mus musculus	mus musculus		Simon, T., Henrick, K., Hirshberg, M., Winter, G.	2.1	X-RAY DIFFRACTION	unknown	0.192	False	False	IGHV1	IGLV1	Lambda	None	None	None	None	None
3esv	G	G	0	NA	NA	NA	NA	IMMUNE SYSTEM	10/06/08	Crystal structure of the engineered neutralizing antibody M18	MUS MUSCULUS	mus musculus			Monzingo, A.F., Leysath, C.E., Barnett, J., Iverson, B.L., Georgiou, G., Robertus, J.D.	2.0	X-RAY DIFFRACTION	0.229	0.194	True	True	unknown	unknown	unknown	None	None	None	None	None
3esv	F	F	0	NA	NA	NA	NA	IMMUNE SYSTEM	10/06/08	Crystal structure of the engineered neutralizing antibody M18	MUS MUSCULUS	mus musculus			Monzingo, A.F., Leysath, C.E., Barnett, J., Iverson, B.L., Georgiou, G., Robertus, J.D.	2.0	X-RAY DIFFRACTION	0.229	0.194	True	True	unknown	unknown	unknown	None	None	None	None	None
4lrn	H	L	0	NA	NA	NA	NA	IMMUNE SYSTEM	07/20/13	Ontogeny of recognition specificity and functionality for the anti-HIV antibody 4E10	HOMO SAPIENS	homo sapiens	homo sapiens		Finton, K.A.K.	1.89	X-RAY DIFFRACTION	0.233	0.187	False	True	IGHV1	IGKV3	Kappa	None	None	None	None	None
2xtj	D	B	0	A	protein	NA	proprotein convertase subtilisin/kexin type 9	HYDROLASE/ANTIBODY	10/10/10	The crystal structure of PCSK9 in complex with 1D05 Fab	HOMO SAPIENS	homo sapiens	homo sapiens	homo sapiens	Di Marco, S., Volpari, C., Carfi, A.	2.7	X-RAY DIFFRACTION	0.25944	0.19992	False	True	IGHV1	IGKV1D	Kappa	4.40E-09	-11.39	SPR	25	20959675
2eiz	B	A	0	C	protein	NA	lysozyme c	IMMUNE SYSTEM/HYDROLASE	03/14/07	Crystal structure of humanized HYHEL-10 fv mutant(HW47Y)-hen lysozyme complex	HOMO SAPIENS; GALLUS GALLUS	homo sapiens	homo sapiens	gallus gallus	Nakanishi, T., Tsumoto, K., Yokota, A., Kondo, H., Kumagai, I.	1.9	X-RAY DIFFRACTION	0.253	0.214	False	True	IGHV4	IGKV3	Kappa	None	None	None	None	None
6ks1	H	L	0	A	protein	NA	adiponectin receptor protein 2	MEMBRANE PROTEIN/IMMUNE SYSTEM	08/22/19	Crystal structure of the human adiponectin receptor 2	HOMO SAPIENS; MUS MUSCULUS	mus musculus	mus musculus	homo sapiens	Tanabe, H., Fujii, Y., Nakamura, Y., Hosaka, T., Okada-Iwabu, M., Iwabu, M., Kimura-Someya, T., Shirouzu, M., Yamauchi, T., Kadowaki, T., Yokoyama, S.	2.4	X-RAY DIFFRACTION	0.267	0.229	False	True	IGHV1	IGKV12	Kappa	None	None	None	None	None
5lxg	H	L	0	A	protein	NA	adiponectin receptor protein 1	MEMBRANE PROTEIN	09/21/16	Revised crystal structure of the human adiponectin receptor 1 in an open conformation	MUS MUSCULUS; HOMO SAPIENS	mus musculus	mus musculus	homo sapiens	Leyrat, C., Vasiliauskaite-Brooks, I., Granier, S.	2.73	X-RAY DIFFRACTION	0.234	0.225	False	True	IGHV1	IGKV12	Kappa	None	None	None	None	None
2dqj	H	L	0	Y	protein	NA	lysozyme c	IMMUNE SYSTEM/HYDROLASE	05/26/06	Crystal structure of hyhel-10 FV (wild-type) complexed with hen egg lysozyme at 1.8A resolution	MUS MUSCULUS; GALLUS GALLUS	mus musculus	mus musculus	gallus gallus	Shiroishi, M., Kondo, H., Tsumoto, K., Kumagai, I.	1.8	X-RAY DIFFRACTION	0.219	0.194	False	True	IGHV3	IGKV5	Kappa	None	None	None	None	None
1h8n	A	A	0	NA	NA	NA	NA	ANTIBODY	02/14/01	THE IMPORTANCE OF FRAMEWORK RESIDUES   6 AND 9 IN THE HEAVY CHAINS OF  ANTIBODY FV FRAGMENT	MUS MUSCULUS	mus musculus			Jung, S., Spinelli, S., Schimmele, B., Honegger, A., Pugliese, L., Cambillau, C., Plucktun, A.	1.87	X-RAY DIFFRACTION	0.276	0.233	True	True	unknown	unknown	unknown	None	None	None	None	None
1a7o	H	L	0	NA	NA	NA	NA	IMMUNOGLOBULIN	03/16/98	FV FRAGMENT OF MOUSE MONOCLONAL ANTIBODY D1.3 (BALB/C, IGG1, K) R96L DELETION MUTANT ON VARIANT FOR CHAIN L GLU81->ASP AND CHAIN H LEU312->VAL	MUS MUSCULUS	mus musculus	mus musculus		Marks, C., Henrick, K., Winter, G.	2.0	X-RAY DIFFRACTION	unknown	0.167	False	True	IGHV2	IGKV12	Kappa	None	None	None	None	None
6pcu	I	H	0	G	protein	NA	outer capsid protein vp4	viral protein/immune system	06/18/19	VP8* of a G2P[4] human rotavirus in complex with scFv antibody 9	ROTAVIRUS A; HOMO SAPIENS	homo sapiens	homo sapiens	rotavirus a	Hu, L., Venkataram Prasad, B.V.	2.4	X-RAY DIFFRACTION	0.237	0.186	False	True	IGHV4	IGLV9	Lambda	None	None	None	None	None
6pcu	C	B	0	A	protein	NA	outer capsid protein vp4	viral protein/immune system	06/18/19	VP8* of a G2P[4] human rotavirus in complex with scFv antibody 9	ROTAVIRUS A; HOMO SAPIENS	homo sapiens	homo sapiens	rotavirus a	Hu, L., Venkataram Prasad, B.V.	2.4	X-RAY DIFFRACTION	0.237	0.186	False	True	IGHV4	IGLV9	Lambda	None	None	None	None	None
6pcu	F	E	0	D	protein	NA	outer capsid protein vp4	viral protein/immune system	06/18/19	VP8* of a G2P[4] human rotavirus in complex with scFv antibody 9	ROTAVIRUS A; HOMO SAPIENS	homo sapiens	homo sapiens	rotavirus a	Hu, L., Venkataram Prasad, B.V.	2.4	X-RAY DIFFRACTION	0.237	0.186	False	True	IGHV4	IGLV9	Lambda	None	None	None	None	None
6pk8	D	D	0	NA	NA	NA	NA	IMMUNE SYSTEM	06/28/19	Antibody scFv-M204 dimeric state	ORYCTOLAGUS CUNICULUS	oryctolagus cuniculus			Abskharon, R., Sawaya, M.R., Seidler, P.M., Cascio, D., Eisenberg, D.S.	2.91	X-RAY DIFFRACTION	0.238	0.186	True	True	unknown	unknown	unknown	None	None	None	None	None
6pk8	B	B	0	NA	NA	NA	NA	IMMUNE SYSTEM	06/28/19	Antibody scFv-M204 dimeric state	ORYCTOLAGUS CUNICULUS	oryctolagus cuniculus			Abskharon, R., Sawaya, M.R., Seidler, P.M., Cascio, D., Eisenberg, D.S.	2.91	X-RAY DIFFRACTION	0.238	0.186	True	True	unknown	unknown	unknown	None	None	None	None	None
6pk8	A	A	0	NA	NA	NA	NA	IMMUNE SYSTEM	06/28/19	Antibody scFv-M204 dimeric state	ORYCTOLAGUS CUNICULUS	oryctolagus cuniculus			Abskharon, R., Sawaya, M.R., Seidler, P.M., Cascio, D., Eisenberg, D.S.	2.91	X-RAY DIFFRACTION	0.238	0.186	True	True	unknown	unknown	unknown	None	None	None	None	None
6pk8	C	C	0	NA	NA	NA	NA	IMMUNE SYSTEM	06/28/19	Antibody scFv-M204 dimeric state	ORYCTOLAGUS CUNICULUS	oryctolagus cuniculus			Abskharon, R., Sawaya, M.R., Seidler, P.M., Cascio, D., Eisenberg, D.S.	2.91	X-RAY DIFFRACTION	0.238	0.186	True	True	unknown	unknown	unknown	None	None	None	None	None
5gry	A	A	0	NA	NA	NA	NA	IMMUNE SYSTEM	08/12/16	Crystal structure of disulfide-bonded diabody	HOMO SAPIENS	homo sapiens			Kim, J.H., Song, D.H., Youn, S.J., Kim, J.W., Cho, G., Lee, H., Lee, J.O.	1.639	X-RAY DIFFRACTION	0.231	0.198	True	True	unknown	unknown	unknown	None	None	None	None	None
5gry	G	G	0	NA	NA	NA	NA	IMMUNE SYSTEM	08/12/16	Crystal structure of disulfide-bonded diabody	HOMO SAPIENS	homo sapiens			Kim, J.H., Song, D.H., Youn, S.J., Kim, J.W., Cho, G., Lee, H., Lee, J.O.	1.639	X-RAY DIFFRACTION	0.231	0.198	True	True	unknown	unknown	unknown	None	None	None	None	None
6ehw	B	B	0	NA	NA	NA	NA	IMMUNE SYSTEM	09/15/17	scFv AbVance: increasing our knowledge of antibody structural space to enable faster and better decision making in drug discovery	HOMO SAPIENS	homo sapiens			Hargreaves, D.	2.19	X-RAY DIFFRACTION	0.248	0.212	True	True	unknown	unknown	unknown	None	None	None	None	None
6p79	H	L	0	NA	NA	NA	NA	IMMUNE SYSTEM	06/05/19	Engineered single chain antibody C9+C14 ScFv	MUS MUSCULUS	mus musculus	mus musculus		Zhang, Y., Li, W., Marshall, N.	1.583	X-RAY DIFFRACTION	0.202	0.175	False	True	IGHV14	IGKV12	Kappa	None	None	None	None	None
6ejg	D	D	0	B	protein	NA	cd81 antigen	CELL ADHESION	09/21/17	CRYSTAL STRUCTURE OF HUMAN CD81 LARGE EXTRACELLULAR LOOP IN COMPLEX WITH SINGLE CHAIN FV FRAGMENT 4	HOMO SAPIENS; MUS MUSCULUS	mus musculus		homo sapiens	Harris, S.F., Wong, A., Kuglstatter, A.	2.82	X-RAY DIFFRACTION	0.263	0.227	True	True	unknown	unknown	unknown	None	None	None	None	None
6ejg	C	C	0	A	protein	NA	cd81 antigen	CELL ADHESION	09/21/17	CRYSTAL STRUCTURE OF HUMAN CD81 LARGE EXTRACELLULAR LOOP IN COMPLEX WITH SINGLE CHAIN FV FRAGMENT 4	HOMO SAPIENS; MUS MUSCULUS	mus musculus		homo sapiens	Harris, S.F., Wong, A., Kuglstatter, A.	2.82	X-RAY DIFFRACTION	0.263	0.227	True	True	unknown	unknown	unknown	None	None	None	None	None
6lz4	A	B	0	C	peptide	NA	map peptide	IMMUNE SYSTEM	02/18/20	Crystal structure of PMab-1 Fv-clasp fragment with its antigen peptide	RATTUS NORVEGICUS; SYNTHETIC CONSTRUCT	rattus norvegicus	rattus norvegicus	mus musculus	Arimori, T., Takagi, J.	2.49	X-RAY DIFFRACTION	0.269	0.245	False	True	IGHV1	IGKV3	Kappa	None	None	None	None	None
6lz4	D	E	0	F	peptide	NA	map peptide	IMMUNE SYSTEM	02/18/20	Crystal structure of PMab-1 Fv-clasp fragment with its antigen peptide	RATTUS NORVEGICUS; SYNTHETIC CONSTRUCT	rattus norvegicus	rattus norvegicus	mus musculus	Arimori, T., Takagi, J.	2.49	X-RAY DIFFRACTION	0.269	0.245	False	True	IGHV1	IGKV3	Kappa	None	None	None	None	None
1kir	B	A	0	C	protein	NA	lysozyme	COMPLEX (IMMUNOGLOBULIN/HYDROLASE)	10/23/96	FV MUTANT Y(A 50)S (VL DOMAIN) OF MOUSE MONOCLONAL ANTIBODY D1.3 COMPLEXED WITH HEN EGG WHITE LYSOZYME	MUS MUSCULUS; GALLUS GALLUS	mus musculus	mus musculus	gallus gallus	Fields, B.A., Poljak, R.J., Mariuzza, R.A.	2.0	X-RAY DIFFRACTION	unknown	0.167	False	True	IGHV2	IGKV12	Kappa	None	None	None	None	None
1i3g	H	L	0	NA	NA	NA	NA	ANTIBIOTIC	02/15/01	CRYSTAL STRUCTURE OF AN AMPICILLIN SINGLE CHAIN FV, FORM 1, FREE	MUS MUSCULUS	mus musculus	mus musculus		Jung, S., Spinelli, S., Schimmele, B., Honegger, A., Pugliese, L., Cambillau, C., Pluckthun, A.	2.44	X-RAY DIFFRACTION	0.243	0.175	False	True	IGHV1	IGKV6	Kappa	None	None	None	None	None
5xcr	A	B	0	C	peptide	NA	c8 peptide	IMMUNE SYSTEM	03/23/17	Crystal structure of P20.1 Fv-clasp fragment with its antigen peptide	MUS MUSCULUS; HOMO SAPIENS; SYNTHETIC CONSTRUCT	mus musculus, homo sapiens	mus musculus, homo sapiens	homo sapiens	Arimori, T., Takagi, J.	1.75	X-RAY DIFFRACTION	0.202	0.171	False	True	IGHV9	IGLV1	Lambda	None	None	None	None	None
5xcr	D	E	0	F	peptide	NA	c8 peptide	IMMUNE SYSTEM	03/23/17	Crystal structure of P20.1 Fv-clasp fragment with its antigen peptide	MUS MUSCULUS; HOMO SAPIENS; SYNTHETIC CONSTRUCT	mus musculus, homo sapiens	mus musculus, homo sapiens	homo sapiens	Arimori, T., Takagi, J.	1.75	X-RAY DIFFRACTION	0.202	0.171	False	True	IGHV9	IGLV1	Lambda	None	None	None	None	None
7det	D	D	0	C	protein	NA	spike protein s1	VIRAL PROTEIN/ANTIVIRAL PROTEIN	11/05/20	Crystal structure of SARS-CoV-2 RBD in complex with a neutralizing antibody scFv	SEVERE ACUTE RESPIRATORY SYNDROME CORONAVIRUS 2; MUS MUSCULUS	mus musculus		severe acute respiratory syndrome coronavirus2 	Wang, Y., Zhang, G., Li, X., Rao, Z., Guo, Y.	2.2	X-RAY DIFFRACTION	0.260	0.212	True	True	unknown	unknown	unknown	None	None	None	None	None
7det	B	B	0	A	protein	NA	spike protein s1	VIRAL PROTEIN/ANTIVIRAL PROTEIN	11/05/20	Crystal structure of SARS-CoV-2 RBD in complex with a neutralizing antibody scFv	SEVERE ACUTE RESPIRATORY SYNDROME CORONAVIRUS 2; MUS MUSCULUS	mus musculus		severe acute respiratory syndrome coronavirus2 	Wang, Y., Zhang, G., Li, X., Rao, Z., Guo, Y.	2.2	X-RAY DIFFRACTION	0.260	0.212	True	True	unknown	unknown	unknown	None	None	None	None	None
2ibz	X	Y	0	E	protein	NA	ubiquinol-cytochrome c reductase iron-sulfursubunit, mitochondrial precursor 	OXIDOREDUCTASE	09/12/06	Yeast Cytochrome BC1 Complex with Stigmatellin	MUS MUSCULUS; SACCHAROMYCES CEREVISIAE	mus musculus	mus musculus	saccharomyces cerevisiae	Hunte, C.	2.3	X-RAY DIFFRACTION	0.256	0.222	False	True	IGHV3	IGKV10	Kappa	None	None	None	None	None
6dsi	A	A	0	NA	NA	NA	NA	IMMUNE SYSTEM	06/14/18	Anti recombinant prolactin receptor scFv	HOMO SAPIENS	homo sapiens			Langley, D.B., Rouet, R., Christ, D.	2.49	X-RAY DIFFRACTION	0.245	0.207	True	True	unknown	unknown	unknown	None	None	None	None	None
6lfx	A	A	0	a	Hapten	OM4	1,2-bis(chloranyl)-4-(3-chloranyl-4-methoxy-phenyl)benzene	IMMUNE SYSTEM	12/03/19	Crystal structure of PCB4scFv(hN56D) in complex with PCB#77	MUS MUSCULUS	mus musculus			Nakamura, T., Yamagata, Y., Morioka, H.	1.43	X-RAY DIFFRACTION	0.166	0.136	True	True	unknown	unknown	unknown	None	None	None	None	None
4ouo	A	A	0	NA	NA	NA	NA	IMMUNE SYSTEM	02/18/14	anti-Bla g 1 scFv	GALLUS GALLUS	gallus gallus			Mueller, G.A., Ankney, J.A., Glesner, J., Khurana, T., Edwards, L.L., Pedersen, L.C., Perera, L., Slater, J.E., Pomes, A., London, R.E.	1.8	X-RAY DIFFRACTION	0.191	0.165	True	True	unknown	unknown	unknown	None	None	None	None	None
1a7n	H	L	0	NA	NA	NA	NA	IMMUNOGLOBULIN	03/16/98	FV FRAGMENT OF MOUSE MONOCLONAL ANTIBODY D1.3 (BALB/C, IGG1, K) VARIANT FOR CHAIN L GLU81->ASP AND CHAIN H LEU312->VAL	MUS MUSCULUS	mus musculus	mus musculus		Marks, C., Henrick, K., Winter, G.	2.01	X-RAY DIFFRACTION	unknown	0.155	False	True	IGHV2	IGKV12	Kappa	None	None	None	None	None
7deo	A	A	0	B	protein	NA	spike protein s1	VIRAL PROTEIN/ANTIVIRAL PROTEIN	11/04/20	Crystal structure of SARS-CoV-2 RBD in complex with a neutralizing antibody scFv	HOMO SAPIENS; SEVERE ACUTE RESPIRATORY SYNDROME CORONAVIRUS 2	homo sapiens		severe acute respiratory syndrome coronavirus2 	Fu, D., Zhang, G., Li, X., Rao, Z., Guo, Y.	2.5	X-RAY DIFFRACTION	0.232	0.187	True	True	unknown	unknown	unknown	None	None	None	None	None
7deo	C	C	0	D	protein	NA	spike protein s1	VIRAL PROTEIN/ANTIVIRAL PROTEIN	11/04/20	Crystal structure of SARS-CoV-2 RBD in complex with a neutralizing antibody scFv	HOMO SAPIENS; SEVERE ACUTE RESPIRATORY SYNDROME CORONAVIRUS 2	homo sapiens		severe acute respiratory syndrome coronavirus2 	Fu, D., Zhang, G., Li, X., Rao, Z., Guo, Y.	2.5	X-RAY DIFFRACTION	0.232	0.187	True	True	unknown	unknown	unknown	None	None	None	None	None
5ogi	B	B	0	A	protein	NA	hexon protein	VIRAL PROTEIN	07/13/17	Complex of a binding protein and human adenovirus C 5 hexon	MUS MUSCULUS; HUMAN ADENOVIRUS C SEROTYPE 5	mus musculus		human adenovirus c serotype 5	Schmid, M., Ernst, P., Honegger, A., Suomalainen, M., Zimmermann, M., Braun, L., Stauffer, S., Thom, C., Dreier, B., Eibauer, M., Kipar, A., Vogel, V., Greber, U.F., Medalia, O., Plueckthun, A.	2.8	X-RAY DIFFRACTION	0.235	0.198	True	True	unknown	unknown	unknown	None	None	None	None	None
1mqk	H	L	0	NA	NA	NA	NA	IMMUNE SYSTEM	09/16/02	Crystal structure of the unliganded Fv-fragment of the anti-cytochrome C oxidase antibody 7E2	MUS MUSCULUS	mus musculus	mus musculus		Essen, L.-O., Harrenga, A., Ostermeier, C., Michel, H.	1.28	X-RAY DIFFRACTION	unknown	unknown	False	True	IGHV5	IGKV12	Kappa	None	None	None	None	None
1j1x	H	L	0	Y	protein	NA	lysozyme c	IMMUNE SYSTEM/HYDROLASE	12/20/02	Crystal Structure of HyHEL-10 Fv mutant LS93A complexed with hen egg white lysozyme	MUS MUSCULUS; GALLUS GALLUS	mus musculus	mus musculus	gallus gallus	Yokota, A., Tsumoto, K., Shiroishi, M., Kondo, H., Kumagai, I.	1.8	X-RAY DIFFRACTION	0.217	0.189	False	True	IGHV3	IGKV5	Kappa	None	None	None	None	None
6vrp	A	A	0	NA	NA	NA	NA	PROTEIN BINDING	02/08/20	Reverse Transcriptase Diabody with R83T Mutation	HOMO SAPIENS	homo sapiens			Chesterman, C., Arnold, E.	1.6	X-RAY DIFFRACTION	0.183	0.146	True	True	unknown	unknown	unknown	None	None	None	None	None
6vrp	B	B	0	NA	NA	NA	NA	PROTEIN BINDING	02/08/20	Reverse Transcriptase Diabody with R83T Mutation	HOMO SAPIENS	homo sapiens			Chesterman, C., Arnold, E.	1.6	X-RAY DIFFRACTION	0.183	0.146	True	True	unknown	unknown	unknown	None	None	None	None	None
5aam	B	B	0	J	protein	NA	envelope protein	IMMUNE SYSTEM	07/27/15	Structure of a redesigned cross-reactive antibody to dengue virus  with increased in vivo potency	MUS MUSCULUS; DENGUE VIRUS	mus musculus		dengue virus	Wong, Y.H., Robinson, L.N., Lescar, J., Sasisekharan, R.	2.49	X-RAY DIFFRACTION	0.2698	0.2196	True	True	unknown	unknown	unknown	None	None	None	None	None
5aam	A	A	0	C	protein	NA	envelope protein	IMMUNE SYSTEM	07/27/15	Structure of a redesigned cross-reactive antibody to dengue virus  with increased in vivo potency	MUS MUSCULUS; DENGUE VIRUS	mus musculus		dengue virus	Wong, Y.H., Robinson, L.N., Lescar, J., Sasisekharan, R.	2.49	X-RAY DIFFRACTION	0.2698	0.2196	True	True	unknown	unknown	unknown	None	None	None	None	None
4laq	H	L	0	NA	NA	NA	NA	IMMUNE SYSTEM	06/20/13	Crystal structures of a therapeutic single chain antibody in the free Form and in complex with amphetamine and 4-hydroxymethamphetamine	MUS MUSCULUS	mus musculus	mus musculus		Celikel, R., Gokulan, K., Peterson, E.C., Varughese, K.I.	2.8	X-RAY DIFFRACTION	0.270	0.208	False	True	IGHV3	IGKV4	Kappa	None	None	None	None	None
3gkz	A	A	0	A	Hapten	B40	(2S)-N-METHYL-1-PHENYLPROPAN-2-AMINE	IMMUNE SYSTEM	03/11/09	Crystal structures of a therapeutic single chain antibody in complex methamphetamine	MUS MUSCULUS		mus musculus	mus musculus	Celikel, R., Peterson, E.C., Owens, M., Varughese, K.I.	1.9	X-RAY DIFFRACTION	0.235	0.210	True	True	unknown	unknown	unknown	None	None	None	None	None
3ux9	B	B	0	A	protein	NA	interferon alpha-1/13	CYTOKINE/IMMUNE SYSTEM	12/04/11	Structural insights into a human anti-IFN antibody exerting therapeutic potential for systemic lupus erythematosus	HOMO SAPIENS	homo sapiens		homo sapiens	Ouyang, S., Zhao, L.X., Liang, W., Shaw, N., Liu, Z.-J., Liang, M.-F.	2.8	X-RAY DIFFRACTION	0.243	0.183	True	True	unknown	unknown	unknown	None	None	None	None	None
3ux9	D	D	0	C	protein	NA	interferon alpha-1/13	CYTOKINE/IMMUNE SYSTEM	12/04/11	Structural insights into a human anti-IFN antibody exerting therapeutic potential for systemic lupus erythematosus	HOMO SAPIENS	homo sapiens		homo sapiens	Ouyang, S., Zhao, L.X., Liang, W., Shaw, N., Liu, Z.-J., Liang, M.-F.	2.8	X-RAY DIFFRACTION	0.243	0.183	True	True	unknown	unknown	unknown	None	None	None	None	None
7f15	B	B	0	A	protein	NA	spike protein s1	VIRAL PROTEIN/ANTIVIRAL PROTEIN	06/07/21	A SARS-CoV-2 neutralizing antibody	SEVERE ACUTE RESPIRATORY SYNDROME CORONAVIRUS 2; HOMO SAPIENS	homo sapiens		severe acute respiratory syndrome coronavirus2 	Zhang, G., Li, X., Guo, Y., Wang, Y., Yuan, S.	2.65	X-RAY DIFFRACTION	0.246	0.201	True	True	unknown	unknown	unknown	None	None	None	None	None
1ktr	H	L	0	P	peptide	NA	oligohistidine peptide antigen	IMMUNE SYSTEM	01/17/02	Crystal Structure of the Anti-His Tag Antibody 3D5 Single-Chain Fragment (scFv) in Complex with a Oligohistidine peptide	MUS MUSCULUS; SYNTHETIC CONSTRUCT	mus musculus	mus musculus		Kaufmann, M., Lindner, P., Honegger, A., Blank, K., Tschopp, M., Capitani, G., Plueckthun, A., Gruetter, M.G.	2.7	X-RAY DIFFRACTION	0.222	0.190	True	True	IGHV1	IGKV1	Kappa	None	None	None	None	None
5jyl	D	D	0	C	protein	NA	cadherin-3	CELL ADHESION/IMMUNE SYSTEM	05/14/16	Human P-cadherin MEC1 with scFv TSP7 bound	HOMO SAPIENS; MUS MUSCULUS	mus musculus		homo sapiens	Caaveiro, J.M.M., Kudo, S., Tsumoto, K.	2.55	X-RAY DIFFRACTION	0.271	0.214	True	True	unknown	unknown	unknown	None	None	None	None	None
5jyl	B	B	0	A	protein	NA	cadherin-3	CELL ADHESION/IMMUNE SYSTEM	05/14/16	Human P-cadherin MEC1 with scFv TSP7 bound	HOMO SAPIENS; MUS MUSCULUS	mus musculus		homo sapiens	Caaveiro, J.M.M., Kudo, S., Tsumoto, K.	2.55	X-RAY DIFFRACTION	0.271	0.214	True	True	unknown	unknown	unknown	None	None	None	None	None
5tbd	E	F	0	I	peptide	NA	merozoite surface protein 2	IMMUNE SYSTEM	09/12/16	Crystal Structure of anti-MSP2 Fv fragment (mAb4D11) in complex with 3D7-MSP2 215-222	MUS MUSCULUS; SYNTHETIC CONSTRUCT	mus musculus	mus musculus	plasmodium falciparum 3d7	Seow, J., Morales, R.A.V., MacRaild, C.A., Bankala, K., Drinkwater, N., Dingjan, T., Jaipuria, G., Wilde, K., Anders, R.F., Atreya, H.S., Christ, D., McGowan, S., Norton, R.S.	2.2	X-RAY DIFFRACTION	0.247	0.207	False	True	IGHV14	IGKV1	Kappa	None	None	None	None	None
5tbd	J	K	0	L	peptide	NA	merozoite surface protein 2	IMMUNE SYSTEM	09/12/16	Crystal Structure of anti-MSP2 Fv fragment (mAb4D11) in complex with 3D7-MSP2 215-222	MUS MUSCULUS; SYNTHETIC CONSTRUCT	mus musculus	mus musculus	plasmodium falciparum 3d7	Seow, J., Morales, R.A.V., MacRaild, C.A., Bankala, K., Drinkwater, N., Dingjan, T., Jaipuria, G., Wilde, K., Anders, R.F., Atreya, H.S., Christ, D., McGowan, S., Norton, R.S.	2.2	X-RAY DIFFRACTION	0.247	0.207	False	True	IGHV14	IGKV1	Kappa	None	None	None	None	None
5tbd	D	G	0	H	peptide	NA	merozoite surface protein 2	IMMUNE SYSTEM	09/12/16	Crystal Structure of anti-MSP2 Fv fragment (mAb4D11) in complex with 3D7-MSP2 215-222	MUS MUSCULUS; SYNTHETIC CONSTRUCT	mus musculus	mus musculus	plasmodium falciparum 3d7	Seow, J., Morales, R.A.V., MacRaild, C.A., Bankala, K., Drinkwater, N., Dingjan, T., Jaipuria, G., Wilde, K., Anders, R.F., Atreya, H.S., Christ, D., McGowan, S., Norton, R.S.	2.2	X-RAY DIFFRACTION	0.247	0.207	False	True	IGHV14	IGKV1	Kappa	None	None	None	None	None
5tbd	A	B	0	C	peptide	NA	merozoite surface protein 2	IMMUNE SYSTEM	09/12/16	Crystal Structure of anti-MSP2 Fv fragment (mAb4D11) in complex with 3D7-MSP2 215-222	MUS MUSCULUS; SYNTHETIC CONSTRUCT	mus musculus	mus musculus	plasmodium falciparum 3d7	Seow, J., Morales, R.A.V., MacRaild, C.A., Bankala, K., Drinkwater, N., Dingjan, T., Jaipuria, G., Wilde, K., Anders, R.F., Atreya, H.S., Christ, D., McGowan, S., Norton, R.S.	2.2	X-RAY DIFFRACTION	0.247	0.207	False	True	IGHV14	IGKV1	Kappa	None	None	None	None	None
6a3w	A	B	0	C	protein	NA	tumor necrosis factor receptor superfamily member 9	IMMUNE SYSTEM	06/17/18	Complex structure of 4-1BB and utomilumab	HOMO SAPIENS	homo sapiens	homo sapiens	homo sapiens	Li, Y., Tan, S., Zhang, C., Chai, Y., Qi, J., Tien, P., Gao, S., Gao, G.F.	2.0	X-RAY DIFFRACTION	0.215	0.185	False	True	IGHV5	IGLV3	Lambda	None	None	None	None	None
6a3w	J	K	0	L	protein	NA	tumor necrosis factor receptor superfamily member 9	IMMUNE SYSTEM	06/17/18	Complex structure of 4-1BB and utomilumab	HOMO SAPIENS	homo sapiens	homo sapiens	homo sapiens	Li, Y., Tan, S., Zhang, C., Chai, Y., Qi, J., Tien, P., Gao, S., Gao, G.F.	2.0	X-RAY DIFFRACTION	0.215	0.185	False	True	IGHV5	IGLV3	Lambda	None	None	None	None	None
6a3w	D	E	0	F	protein	NA	tumor necrosis factor receptor superfamily member 9	IMMUNE SYSTEM	06/17/18	Complex structure of 4-1BB and utomilumab	HOMO SAPIENS	homo sapiens	homo sapiens	homo sapiens	Li, Y., Tan, S., Zhang, C., Chai, Y., Qi, J., Tien, P., Gao, S., Gao, G.F.	2.0	X-RAY DIFFRACTION	0.215	0.185	False	True	IGHV5	IGLV3	Lambda	None	None	None	None	None
6a3w	G	H	0	I	protein	NA	tumor necrosis factor receptor superfamily member 9	IMMUNE SYSTEM	06/17/18	Complex structure of 4-1BB and utomilumab	HOMO SAPIENS	homo sapiens	homo sapiens	homo sapiens	Li, Y., Tan, S., Zhang, C., Chai, Y., Qi, J., Tien, P., Gao, S., Gao, G.F.	2.0	X-RAY DIFFRACTION	0.215	0.185	False	True	IGHV5	IGLV3	Lambda	None	None	None	None	None
5dfw	H	H	0	A	protein	NA	cd81 antigen	CELL ADHESION	08/27/15	CRYSTAL STRUCTURE OF HUMAN CD81 LARGE EXTRACELLULAR LOOP IN COMPLEX WITH SINGLE CHAIN FV FRAGMENT K13	MUS MUSCULUS; HOMO SAPIENS	mus musculus		homo sapiens	Harris, S.F., Villasenor, A., Kuglstatter, A.	2.33	X-RAY DIFFRACTION	0.264	0.190	True	True	unknown	unknown	unknown	None	None	None	None	None
7bem	H	L	0	E	protein	NA	spike glycoprotein	VIRAL PROTEIN/IMMUNE SYSTEM	12/24/20	Crystal structure of the receptor binding domain of SARS-CoV-2 Spike glycoprotein in complex with COVOX-269 scFv	HOMO SAPIENS; SEVERE ACUTE RESPIRATORY SYNDROME CORONAVIRUS 2	homo sapiens	homo sapiens	severe acute respiratory syndrome coronavirus2 	Zhou, D., Zhao, Y., Ren, J., Stuart, D.	2.52	X-RAY DIFFRACTION	0.247	0.217	False	True	IGHV3	IGKV1	Kappa	None	None	None	None	None
2cju	H	L	0	H	Hapten	PHX	4-{[(Z)-(5-OXO-2-PHENYL-1,3-OXAZOL-4(5H)-YLIDENE)METHYL]AMINO}BUTANOIC ACID	IMMUNE SYSTEM	04/09/06	Crystal structure of the TEPC15-Vk45.1 anti-2-phenyl-5-oxazolone NQ16- 113.8 scFv in complex with phOxGABA	MUS MUSCULUS	mus musculus	mus musculus	mus musculus	Scotti, C., Gherardi, E.	2.5	X-RAY DIFFRACTION	0.291	0.241	False	True	IGHV7	IGKV1	Kappa	None	None	None	None	None
4m62	I	M	0	T	protein	NA	t117	IMMUNE SYSTEM	08/08/13	Ontogeny of recognition specificity and functionality for the anti-HIV neutralizing antibody 4E10	HOMO SAPIENS; SYNTHETIC CONSTRUCT	homo sapiens	homo sapiens	synthetic construct	Finton, K.A.K.	1.8	X-RAY DIFFRACTION	0.216	0.189	False	True	IGHV1	IGKV3	Kappa	None	None	None	None	None
4m62	H	L	0	S	protein	NA	t117	IMMUNE SYSTEM	08/08/13	Ontogeny of recognition specificity and functionality for the anti-HIV neutralizing antibody 4E10	HOMO SAPIENS; SYNTHETIC CONSTRUCT	homo sapiens	homo sapiens	synthetic construct	Finton, K.A.K.	1.8	X-RAY DIFFRACTION	0.216	0.189	False	True	IGHV1	IGKV3	Kappa	None	None	None	None	None
5xct	A	B	0	C	peptide	NA	c8 peptide	IMMUNE SYSTEM	03/23/17	Crystal structure of P20.1 Fv-clasp fragment with its antigen peptide	MUS MUSCULUS; HOMO SAPIENS; SYNTHETIC CONSTRUCT	mus musculus, homo sapiens	mus musculus, homo sapiens	homo sapiens	Arimori, T., Takagi, J.	1.17	X-RAY DIFFRACTION	0.185	0.152	False	True	IGHV9	IGLV1	Lambda	None	None	None	None	None
1nma	H	L	0	N	protein	NA	n9 neuraminidase	COMPLEX (HYDROLASE/IMMUNOGLOBULIN)	05/06/94	N9 NEURAMINIDASE COMPLEXES WITH ANTIBODIES NC41 AND NC10: EMPIRICAL FREE-ENERGY CALCULATIONS CAPTURE SPECIFICITY TRENDS OBSERVED WITH MUTANT BINDING DATA	INFLUENZA A VIRUS; MUS MUSCULUS	mus musculus	mus musculus	influenza a virus	Tulip, W.R., Varghese, J.N., Colman, P.M.	3.0	X-RAY DIFFRACTION	unknown	0.200	False	False	IGHV1	IGKV10	Kappa	1.40E-08	-10.8	Other	10	8397785
6lcs	A	B	0	NA	NA	NA	NA	IMMUNE SYSTEM	11/19/19	Crystal structure of 73MuL9 Fv-clasp fragment in complex with GA-pyridine analogue	MUS MUSCULUS	mus musculus	mus musculus		Nakamura, T., Takagi, J., Yamagata, Y., Morioka, H.	2.6	X-RAY DIFFRACTION	0.260	0.214	False	True	IGHV3	IGKV4	Kappa	None	None	None	None	None
3dv6	B	A	0	B	carbohydrate	KDO	3-DEOXY-D-MANNO-OCT-2-ULOSONIC ACID	IMMUNE SYSTEM	07/18/08	Crystal structure of SAG506-01, tetragonal, crystal 2	MUS MUSCULUS	mus musculus	mus musculus	mus musculus	Brooks, C.L., Blackler, R.J., Gerstenbruch, S., Kosma, P., Muller-Loennies, S., Brade, H., Evans, S.V.	1.95	X-RAY DIFFRACTION	0.303	0.229	False	True	IGHV7	IGKV8	Kappa	None	None	None	None	None
7vmu	A	A	0	B	protein	NA	spike protein s1	IMMUNE SYSTEM	10/09/21	Crystal Structure of SARS-CoV Spike Receptor-Binding Domain Complexed with Neutralizing Antibody	HOMO SAPIENS; SEVERE ACUTE RESPIRATORY SYNDROME CORONAVIRUS 2	homo sapiens		severe acute respiratory syndrome coronavirus2 	Guo, Y., Wang, W., Jiao, P., Yang, H., Rao, Z., Cheng, G.	2.89	X-RAY DIFFRACTION	0.273	0.241	True	True	unknown	unknown	unknown	None	None	None	None	None
5xcx	A	B	0	NA	NA	NA	NA	IMMUNE SYSTEM	03/23/17	Crystal structure of TS2/16 Fv-clasp fragment	MUS MUSCULUS; HOMO SAPIENS	mus musculus, homo sapiens	mus musculus, homo sapiens		Arimori, T., Takagi, J.	2.04	X-RAY DIFFRACTION	0.227	0.194	False	True	IGHV5	IGKV4	Kappa	None	None	None	None	None
4p48	A	A	0	NA	NA	NA	NA	IMMUNE SYSTEM	03/12/14	The structure of a chicken anti-cardiac Troponin I scFv	GALLUS GALLUS	gallus gallus			Conroy, P.J., Law, R.H.P., Gillgunn, S., Hearty, S., Caradoc-Davies, T.T., Llyod, G., O'Kennedy, R.J., Whisstock, J.C.	1.35	X-RAY DIFFRACTION	0.176	0.156	True	True	unknown	unknown	unknown	None	None	None	None	None
6qb3	X	X	0	A	protein	NA	induced myeloid leukemia cell differentiation protein mcl-1 	APOPTOSIS	12/20/18	Apo Mcl1 in a complex with a scFv	HOMO SAPIENS	homo sapiens		homo sapiens	Kazmirski, S., Hargreaves, D.	1.9	X-RAY DIFFRACTION	0.205	0.172	True	True	unknown	unknown	unknown	None	None	None	None	None
6cbp	A	A	0	P	peptide	NA	man9-v3 glycopeptide	IMMUNE SYSTEM	02/03/18	Crystal structure of the single chain variable fragment of the DH270.6 bnAb in complex with the Man9-V3 glycopeptide	HOMO SAPIENS; SYNTHETIC CONSTRUCT	homo sapiens		human immunodeficiency virus 1	Fera, D., Harrison, S.C.	2.17	X-RAY DIFFRACTION	0.278	0.221	True	True	unknown	unknown	unknown	None	None	None	None	None
1h8s	B	B	0	NA	NA	NA	NA	ANTI-AMPICILLIN ANTIBODIES	02/15/01	Three-dimensional structure of   anti-ampicillin single chain Fv fragment complexed with the hapten.	MUS MUSCULUS	mus musculus			Burmester, J., Spinelli, S., Pugliese, L., Krebber, A., Honegger, A., Jung, S., Schimmele, B., Cambillau, C., Plucktun, A.	2.4	X-RAY DIFFRACTION	0.273	0.204	True	True	unknown	unknown	unknown	None	None	None	None	None
1h8s	A	A	0	a	Hapten	AIC	(2S,5R,6R)-6-{[(2R)-2-AMINO-2-PHENYLETHANOYL]AMINO}-3,3-DIMETHYL-7-OXO-4-THIA-1-AZABICYCLO[3.2.0]HEPTANE-2-CARBOXYLIC ACID	ANTI-AMPICILLIN ANTIBODIES	02/15/01	Three-dimensional structure of   anti-ampicillin single chain Fv fragment complexed with the hapten.	MUS MUSCULUS	mus musculus			Burmester, J., Spinelli, S., Pugliese, L., Krebber, A., Honegger, A., Jung, S., Schimmele, B., Cambillau, C., Plucktun, A.	2.4	X-RAY DIFFRACTION	0.273	0.204	True	True	unknown	unknown	unknown	None	None	None	None	None
4qyo	A	B	0	Q	peptide	NA	merozoite surface antigen 2	IMMUNE SYSTEM	07/24/14	Crystal Structure of anti-MSP2 Fv fragment (mAb6D8)in complex with MSP2 14-22	MUS MUSCULUS; SYNTHETIC CONSTRUCT	mus musculus	mus musculus	plasmodium falciparum k1	Morales, R.A.V., MacRaild, C.A., Seow, J., Bankala, K., Drinkwater, N., McGowan, S., Rouet, R., Christ, D., Anders, R.F., Norton, R.S.	1.208	X-RAY DIFFRACTION	0.170	0.151	False	True	IGHV14	IGKV3	Kappa	None	None	None	None	None
4qy8	A	B	0	Q	peptide	NA	merozoite surface antigen 2	IMMUNE SYSTEM	07/24/14	Crystal Structure of anti-MSP2 Fv fragment (mAb6D8) in complex with 3D7-MSP2 14-30	MUS MUSCULUS; SYNTHETIC CONSTRUCT	mus musculus	mus musculus	plasmodium falciparum 3d7	Morales, R.A.V., MacRaild, C.A., Seow, J., Bankala, K., Drinkwater, N., McGowan, S., Rouet, R., Christ, D., Anders, R.F., Norton, R.S.	1.353	X-RAY DIFFRACTION	0.165	0.152	False	True	IGHV14	IGKV3	Kappa	None	None	None	None	None
6qb4	X	X	0	A	protein	NA	induced myeloid leukemia cell differentiation protein mcl-1 	APOPTOSIS	12/20/18	Mcl1-scFv complex with an indole acid inhibitor	HOMO SAPIENS	homo sapiens		homo sapiens	Hargreaves, D.	2.38	X-RAY DIFFRACTION	0.231	0.197	True	True	unknown	unknown	unknown	None	None	None	None	None
6qfc	B	B	0	A	protein	NA	induced myeloid leukemia cell differentiation protein mcl-1 	APOPTOSIS	01/09/19	Structure of an anti-Mcl1 scFv	HOMO SAPIENS	homo sapiens		homo sapiens	Luptak, J.	1.96	X-RAY DIFFRACTION	0.219	0.193	True	True	unknown	unknown	unknown	None	None	None	None	None
4las	H	L	0	H	Hapten	1WF	4-[(2S)-2-(methylamino)propyl]phenol	IMMUNE SYSTEM	06/20/13	Crystal structures of a therapeutic single chain antibody in the free Form and in complex with amphetamine and 4-hydroxymethamphetamine	MUS MUSCULUS	mus musculus	mus musculus	mus musculus	Celical, R., Gokulan, K., Peterson, E.C., Varughese, K.I.	2.33	X-RAY DIFFRACTION	0.238	0.160	False	True	IGHV3	IGKV4	Kappa	None	None	None	None	None
6yx9	H	L	0	A	protein	NA	adiponectin receptor protein 2	MEMBRANE PROTEIN	04/30/20	Cryogenic human adiponectin receptor 2 (ADIPOR2) at 2.4 A resolution determined by Serial Crystallography (SSX) using CrystalDirect	HOMO SAPIENS	homo sapiens	homo sapiens	homo sapiens	Healey, R.D., Basu, S., Humm, A.S., Leyrat, C., Dupeux, F., Pica, A., Granier, S., Marquez, J.A.	2.404	X-RAY DIFFRACTION	0.248	0.207	False	True	IGHV1	IGKV12	Kappa	None	None	None	None	None
1oar	J	N	0	NA	NA	NA	NA	IMMUNE SYSTEM	01/21/03	Fv IgE SPE-7 in complex with Alizarin Red	MUS MUSCULUS	rattus rattus	rattus rattus		James, L.C., Roversi, P., Tawfik, D.	2.23	X-RAY DIFFRACTION	0.241	0.205	False	True	IGHV1	IGLV1	Lambda	4.00E-08		Other	20	12610298
1oar	H	L	0	NA	NA	NA	NA	IMMUNE SYSTEM	01/21/03	Fv IgE SPE-7 in complex with Alizarin Red	MUS MUSCULUS	rattus rattus	rattus rattus		James, L.C., Roversi, P., Tawfik, D.	2.23	X-RAY DIFFRACTION	0.241	0.205	False	True	IGHV1	IGLV1	Lambda	4.00E-08		Other	20	12610298
1oar	K	O	0	K	Hapten	AZN	ALIZARIN RED	IMMUNE SYSTEM	01/21/03	Fv IgE SPE-7 in complex with Alizarin Red	MUS MUSCULUS	rattus rattus	rattus rattus	rattus rattus	James, L.C., Roversi, P., Tawfik, D.	2.23	X-RAY DIFFRACTION	0.241	0.205	False	True	IGHV1	IGLV1	Lambda	4.00E-08		Other	20	12610298
1oar	I	M	0	I	Hapten	AZN	ALIZARIN RED	IMMUNE SYSTEM	01/21/03	Fv IgE SPE-7 in complex with Alizarin Red	MUS MUSCULUS	rattus rattus	rattus rattus	rattus rattus	James, L.C., Roversi, P., Tawfik, D.	2.23	X-RAY DIFFRACTION	0.241	0.205	False	True	IGHV1	IGLV1	Lambda	4.00E-08		Other	20	12610298
2e27	H	L	0	H	Hapten	AB0	3,7:6,10:9,14-TRIANHYDRO-2,5,11,12,13-PENTADEOXY-4-O-(METHOXYMETHYL)-L-ARABINO-L-ALLO-TETRADEC-12-ENONIC ACID	IMMUNE SYSTEM	11/08/06	Crystal structure of Fv fragment of anti-ciguatoxin antibody complexed with ABC-ring of ciguatoxin	MUS MUSCULUS	mus musculus	mus musculus	mus musculus	Yokota, A., Tanaka, Y., Tsumoto, K.	1.7	X-RAY DIFFRACTION	0.210	0.198	False	True	IGHV1	IGKV19	Kappa	None	None	None	None	None
1j1p	H	L	0	Y	protein	NA	lysozyme c	IMMUNE SYSTEM/HYDROLASE	12/13/02	Crystal structure of HyHEL-10 Fv mutant LS91A complexed with hen egg white lysozyme	MUS MUSCULUS; GALLUS GALLUS	mus musculus	mus musculus	gallus gallus	Yokota, A., Tsumoto, K., Shiroishi, M., Kondo, H., Kumagai, I.	1.8	X-RAY DIFFRACTION	0.212	0.191	False	True	IGHV3	IGKV5	Kappa	None	None	None	None	None
6fzr	H	H	0	P	peptide	NA	mucin-1	IMMUNE SYSTEM	03/15/18	Crystal structure of scFv-SM3 in complex with compound 2	MUS MUSCULUS; SYNTHETIC CONSTRUCT	mus musculus		homo sapiens	Bermejo, I.A., Usabiaga, I., Companon, I., Castro-Lopez, J., Insausti, A., Fernandez, J.A., Avenoza, A., Busto, J.H., Jimenez-Barbero, J., Asensio, J.L., Jimenez-Oses, G., Peregrina, J.M., Hurtado-Guerrero, R., Cocinero, E.J., Corzana, F.	1.8	X-RAY DIFFRACTION	0.232	0.187	True	True	unknown	unknown	unknown	None	None	None	None	None
2dqh	H	L	0	Y	protein	NA	lysozyme c	IMMUNE SYSTEM/HYDROLASE	05/26/06	Crystal structure of hyhel-10 FV mutant (Hy58a) complexed with hen egg lysozyme	MUS MUSCULUS; GALLUS GALLUS	mus musculus	mus musculus	gallus gallus	Shiroishi, M., Kondo, H., Tsumoto, K., Kumagai, I.	2.3	X-RAY DIFFRACTION	0.264	0.207	False	True	IGHV3	IGKV5	Kappa	None	None	None	None	None
3uzv	B	B	0	A	protein	NA	envelope protein	IMMUNE SYSTEM	12/07/11	Crystal structure of the dengue virus serotype 2 envelope protein domain III in complex with the variable domains of Mab 4E11	DENGUE VIRUS 2; MUS MUSCULUS	mus musculus		dengue virus 2	Cockburn, J.J.B., Navarro Sanchez, M.E., Fretes, N., Urvoas, A., Staropoli, I., Kikuti, C.M., Coffey, L.L., Arenzana Seisdedos, F., Bedouelle, H., Rey, F.A.	2.1	X-RAY DIFFRACTION	0.214	0.206	True	True	unknown	unknown	unknown	None	None	None	None	None
3u6r	A	B	0	NA	NA	NA	NA	IMMUNE SYSTEM	10/12/11	Three dimensional structure of broadly neutralizing anti - Hepatitis C virus (HCV) glycoprotein E2 single chain FV fragment 1:7	HOMO SAPIENS	homo sapiens	homo sapiens		Gilmartin, A.A., Lamp, B., Ruemenapf, T., Persson, A.A., Rey, F.A., Krey, T.	2.67	X-RAY DIFFRACTION	0.232	0.190	False	True	IGHV1	IGKV3	Kappa	None	None	None	None	None
3u6r	H	L	0	NA	NA	NA	NA	IMMUNE SYSTEM	10/12/11	Three dimensional structure of broadly neutralizing anti - Hepatitis C virus (HCV) glycoprotein E2 single chain FV fragment 1:7	HOMO SAPIENS	homo sapiens	homo sapiens		Gilmartin, A.A., Lamp, B., Ruemenapf, T., Persson, A.A., Rey, F.A., Krey, T.	2.67	X-RAY DIFFRACTION	0.232	0.190	False	True	IGHV1	IGKV3	Kappa	None	None	None	None	None
1p4i	H	L	0	NA	NA	NA	NA	IMMUNE SYSTEM	04/23/03	Crystal Structure of scFv against peptide GCN4	MUS MUSCULUS	mus musculus	mus musculus		Zahnd, C., Spinelli, S., Luginbuhl, B., Jermutus, L., Amstutz, P., Cambillau, C., Pluckthun, A.	2.8	X-RAY DIFFRACTION	0.260	0.200	True	True	IGHV2	IGLV1	Lambda	None	None	None	None	None
6vuo	A	A	0	NA	NA	NA	NA	PROTEIN BINDING	02/16/20	Reverse Transcriptase Diabody with S82bC/R83T Mutation	HOMO SAPIENS	homo sapiens			Chelsy, C., Arnold, E.	1.449	X-RAY DIFFRACTION	0.172	0.141	True	True	unknown	unknown	unknown	None	None	None	None	None
6vuo	B	B	0	NA	NA	NA	NA	PROTEIN BINDING	02/16/20	Reverse Transcriptase Diabody with S82bC/R83T Mutation	HOMO SAPIENS	homo sapiens			Chelsy, C., Arnold, E.	1.449	X-RAY DIFFRACTION	0.172	0.141	True	True	unknown	unknown	unknown	None	None	None	None	None
3et9	F	F	0	NA	NA	NA	NA	IMMUNE SYSTEM	10/07/08	Crystal structure of the engineered neutralizing antibody 1H	MUS MUSCULUS	mus musculus			Leysath, C.E., Monzingo, A.F., Barnett, J., Iverson, B.L., Georgiou, G., Robertus, J.D.	2.8	X-RAY DIFFRACTION	0.255	0.217	True	True	unknown	unknown	unknown	None	None	None	None	None
2dlf	H	L	0	NA	NA	NA	NA	IMMUNE SYSTEM	12/17/98	HIGH RESOLUTION CRYSTAL STRUCTURE OF THE FV FRAGMENT FROM AN ANTI-DANSYL SWITCH VARIANT ANTIBODY IGG2A(S) CRYSTALLIZED AT PH 6.75	MUS MUSCULUS	mus musculus	mus musculus		Nakasako, M., Takahashi, H., Shimada, I., Arata, Y.	1.55	X-RAY DIFFRACTION	0.233	0.184	False	False	IGHV6	IGKV1	Kappa	None	None	None	None	None
6j71	B	B	0	A	protein	NA	receptor tyrosine-protein kinase erbb-2	SIGNALING PROTEIN	01/16/19	HuA21-scFv in complex with the extracellular domain(ECD) of HER2	HOMO SAPIENS; MURINE ADENOVIRUS 1	murine adenovirus 1		homo sapiens	Wang, Z., Guo, G., Cheng, B., Zhu, Z., Niu, L., Zhang, H.	2.918	X-RAY DIFFRACTION	0.267	0.208	True	True	unknown	unknown	unknown	None	None	None	None	None
7ah1	A	A	0	NA	NA	NA	NA	IMMUNE SYSTEM	09/23/20	L19 diabody fragment from immunocytokine L19-IL2	HOMO SAPIENS	homo sapiens			Ongaro, T., Guarino, S.R., Scietti, L., Palamini, M., Wulhfard, S., Villa, A., Neri, D., Forneris, F.	2.0	X-RAY DIFFRACTION	0.220	0.198	True	True	unknown	unknown	unknown	None	None	None	None	None
7km6	h	l	0	NA	NA	NA	NA	IMMUNE SYSTEM	11/02/20	APOBEC3B antibody 5G7 Fv-clasp	HOMO SAPIENS	homo sapiens	homo sapiens		Tang, H., Shi, K., Aihara, H.	1.67	X-RAY DIFFRACTION	0.238	0.189	False	False	IGHV5	IGKV8	Kappa	None	None	None	None	None
7km6	H	L	0	NA	NA	NA	NA	IMMUNE SYSTEM	11/02/20	APOBEC3B antibody 5G7 Fv-clasp	HOMO SAPIENS	homo sapiens	homo sapiens		Tang, H., Shi, K., Aihara, H.	1.67	X-RAY DIFFRACTION	0.238	0.189	False	True	IGHV5	IGKV8	Kappa	None	None	None	None	None
1ua6	H	L	0	Y	protein	NA	lysozyme c	IMMUNE SYSTEM/HYDROLASE	02/28/03	Crystal structure of HYHEL-10 FV MUTANT SFSF complexed with HEN EGG WHITE LYSOZYME complex	MUS MUSCULUS; GALLUS GALLUS	mus musculus	mus musculus	gallus gallus	Kumagai, I., Nishimiya, Y., Kondo, H., Tsumoto, K.	1.9	X-RAY DIFFRACTION	0.265	0.227	False	True	IGHV3	IGKV5	Kappa	None	None	None	None	None
5ngv	H	L	0	A	protein	NA	activin receptor type-2b	TRANSFERASE	03/20/17	CRYSTAL STRUCTURE OF THE Activin receptor type-2B LIGAND BINDING DOMAIN IN COMPLEX WITH BIMAGRUMAB FV, ORTHORHOMBIC CRYSTAL FORM	HOMO SAPIENS	homo sapiens	homo sapiens	homo sapiens	RONDEAU, J.-M., LEHMANN, S.	2.0	X-RAY DIFFRACTION	0.198	0.177	False	True	IGHV1	IGLV2	Lambda	None	None	None	None	None
2yc1	A	B	0	C	protein	NA	beta-mammal toxin cn2	IMMUNE SYSTEM/TOXIN	03/10/11	Crystal structure of the human derived single chain antibody fragment  (scFv) 9004G in complex with Cn2 toxin from the scorpion Centruroides  noxius Hoffmann	HOMO SAPIENS; CENTRUROIDES NOXIUS HOFFMANN	homo sapiens	homo sapiens	centruroides noxius hoffmann	Canul-Tec, J.C., Riano-Umbarila, L., Rudino-Pinera, E., Becerril, B., Possani, L.D., Torres-Larios, A.	1.9	X-RAY DIFFRACTION	0.21212	0.18613	False	True	IGHV3	IGKV3	Kappa	None	None	None	None	None
2yc1	D	E	0	F	protein	NA	beta-mammal toxin cn2	IMMUNE SYSTEM/TOXIN	03/10/11	Crystal structure of the human derived single chain antibody fragment  (scFv) 9004G in complex with Cn2 toxin from the scorpion Centruroides  noxius Hoffmann	HOMO SAPIENS; CENTRUROIDES NOXIUS HOFFMANN	homo sapiens	homo sapiens	centruroides noxius hoffmann	Canul-Tec, J.C., Riano-Umbarila, L., Rudino-Pinera, E., Becerril, B., Possani, L.D., Torres-Larios, A.	1.9	X-RAY DIFFRACTION	0.21212	0.18613	False	True	IGHV3	IGKV3	Kappa	None	None	None	None	None
4x4x	C	D	0	NA	NA	NA	NA	IMMUNE SYSTEM	12/04/14	Retrofitting antibodies with stabilizing mutations. Herceptin scFv mutant.	HOMO SAPIENS	homo sapiens	homo sapiens		Langley, D.B., Roome, B., Christ, D.	2.25	X-RAY DIFFRACTION	0.269	0.226	False	True	IGHV3	IGKV1	Kappa	None	None	None	None	None
4x4x	A	B	0	NA	NA	NA	NA	IMMUNE SYSTEM	12/04/14	Retrofitting antibodies with stabilizing mutations. Herceptin scFv mutant.	HOMO SAPIENS	homo sapiens	homo sapiens		Langley, D.B., Roome, B., Christ, D.	2.25	X-RAY DIFFRACTION	0.269	0.226	False	True	IGHV3	IGKV1	Kappa	None	None	None	None	None
3uze	A	A	0	C	protein	NA	envelope protein	IMMUNE SYSTEM	12/07/11	Crystal structure of the dengue virus serotype 3 envelope protein domain III in complex with the variable domains of Mab 4E11	MUS MUSCULUS; DENGUE VIRUS 3	mus musculus		dengue virus 3	Cockburn, J.J.B., Navarro Sanchez, M.E., Fretes, N., Urvoas, A., Staropoli, I., Kikuti, C.M., Coffey, L.L., Arenzana Seisdedos, F., Bedouelle, H., Rey, F.A.	2.04	X-RAY DIFFRACTION	0.234	0.218	True	True	unknown	unknown	unknown	None	None	None	None	None
3uze	B	B	0	D	protein	NA	envelope protein	IMMUNE SYSTEM	12/07/11	Crystal structure of the dengue virus serotype 3 envelope protein domain III in complex with the variable domains of Mab 4E11	MUS MUSCULUS; DENGUE VIRUS 3	mus musculus		dengue virus 3	Cockburn, J.J.B., Navarro Sanchez, M.E., Fretes, N., Urvoas, A., Staropoli, I., Kikuti, C.M., Coffey, L.L., Arenzana Seisdedos, F., Bedouelle, H., Rey, F.A.	2.04	X-RAY DIFFRACTION	0.234	0.218	True	True	unknown	unknown	unknown	None	None	None	None	None
6qb9	X	X	0	NA	NA	NA	NA	APOPTOSIS	12/20/18	Structure of an anti-Mcl1 scFv	HOMO SAPIENS	homo sapiens			Hargreaves, D.	1.85	X-RAY DIFFRACTION	0.239	0.200	True	True	unknown	unknown	unknown	None	None	None	None	None
6qb9	A	A	0	NA	NA	NA	NA	APOPTOSIS	12/20/18	Structure of an anti-Mcl1 scFv	HOMO SAPIENS	homo sapiens			Hargreaves, D.	1.85	X-RAY DIFFRACTION	0.239	0.200	True	True	unknown	unknown	unknown	None	None	None	None	None
6osh	H	L	0	K	protein	NA	tyrosine-protein kinase transmembrane receptor ror2	IMMUNE SYSTEM	04/01/20	Potent and Selective Antitumor Antibody Targeting a Membrane-Proximal Epitope of ROR2	ORYCTOLAGUS CUNICULUS; HOMO SAPIENS	oryctolagus cuniculus	oryctolagus cuniculus	homo sapiens	Park, H., Rader, C.	1.117	X-RAY DIFFRACTION	0.169	0.162	False	True	IGHV1	IGKV1	Kappa	None	None	None	None	None
5owp	H	H	0	D	peptide	NA	5,6-dihydro-benzo[h]cinnolin-3-ylamine	IMMUNE SYSTEM	09/02/17	Crystal structure of glycopeptide ""GVTSAfPDT*RPAP"" in complex with scFv-SM3	MUS MUSCULUS; SYNTHETIC CONSTRUCT	mus musculus		synthetic construct	Bermejo, I.A., Albuquerque, I.S., Somovilla, V.J., Martinez-Saez, N., Castro-Lopez, J., Garcia-Martin, F., Hinou, H., Nishimura, S., Jimenez-Barbero, J., Asensio, J.L., Avenoza, A., Busto, J.H., Hurtado-Guerrero, R., Peregrina, J.M., Bernardes, G.J., Corzana, F.	1.85	X-RAY DIFFRACTION	0.256	0.194	True	True	unknown	unknown	unknown	None	None	None	None	None
4gqp	H	H	0	H	Hapten	B40	(2S)-N-METHYL-1-PHENYLPROPAN-2-AMINE	IMMUNE SYSTEM	08/23/12	Structure based design of sub-nanomolar affinity anti-methamphetamine single chain antibodies.	MUS MUSCULUS		mus musculus	mus musculus	Thakkar, S., Varughese, K.I.	2.0	X-RAY DIFFRACTION	0.254	0.194	True	True	unknown	unknown	unknown	None	None	None
1mvu	B	A	0	P	peptide	NA	p-glycoprotein	immune system	09/26/02	SINGLE CHAIN FV OF C219 HEAVY CHAIN V101L MUTANT IN COMPLEX WITH SYNTHETIC EPITOPE PEPTIDE	MUS MUSCULUS; SYNTHETIC CONSTRUCT	mus musculus	mus musculus		Chan, D.C.M., Kuntz, D.A., Rose, D.R.	1.78	X-RAY DIFFRACTION	0.223	0.197	True	True	IGHV14	IGKV8	Kappa	None	None	None	None	None
2uzi	H	L	0	R	protein	NA	gtpase hras	SIGNALING PROTEIN/IMMUNE SYSTEM	04/27/07	Crystal structure of HRAS(G12V) - anti-RAS Fv complex	HOMO SAPIENS	homo sapiens	homo sapiens	homo sapiens	Tanaka, T., williams, R.L., Rabbitts, T.H.	2.0	X-RAY DIFFRACTION	0.271	0.194	False	True	IGHV3	IGKV1	Kappa	6.20E-09	-11.19	SPR	25	17568777
7eq3	A	A	0	NA	NA	NA	NA	IMMUNE SYSTEM	04/29/21	Apo diabody form of CRH2-directed antibody 9F8	MUS MUSCULUS	mus musculus			Yan, L.	2.87	X-RAY DIFFRACTION	0.247	0.238	True	True	unknown	unknown	unknown	None	None	None	None	None
4qxt	A	B	0	Q	peptide	NA	merozoite surface antigen 2	IMMUNE SYSTEM	07/22/14	Crystal Structure of anti-MSP2 Fv fragment (mAb6D8)in complex with FC27-MSP2 14-30	MUS MUSCULUS; SYNTHETIC CONSTRUCT	mus musculus	mus musculus	plasmodium falciparum k1	Morales, R.A.V., MacRaild, C.A., Seow, J., Bankala, K., Drinkwater, N., McGowan, S., Rouet, R., Christ, D., Anders, R.F., Norton, R.S.	1.58	X-RAY DIFFRACTION	0.177	0.156	False	True	IGHV14	IGKV3	Kappa	None	None	None	None	None
1a7p	H	L	0	NA	NA	NA	NA	IMMUNOGLOBULIN	03/16/98	FV FRAGMENT OF MOUSE MONOCLONAL ANTIBODY D1.3 (BALB/C, IGG1, K) ENGINEERED MUTANT PRO95L->SER ON VARIANT CHAIN L GLU81->ASP AND CHAIN H LEU312->VAL	MUS MUSCULUS	mus musculus	mus musculus		Marks, C., Henrick, K., Winter, G.	2.01	X-RAY DIFFRACTION	unknown	0.174	False	True	IGHV2	IGKV12	Kappa	None	None	None	None	None
1cfv	H	L	0	H	Hapten	E3G	ESTRONE BETA-D-GLUCURONIDE	IMMUNOGLOBULIN	04/11/97	MONOCLONAL ANTIBODY FRAGMENT FV4155 FROM E. COLI	MUS MUSCULUS	mus musculus	mus musculus	mus musculus	Trinh, C.H., Phillips, S.E.V.	2.1	X-RAY DIFFRACTION	0.247	0.178	False	True	IGHV5	IGKV1	Kappa	None	None	None	None	None
1a7q	H	L	0	NA	NA	NA	NA	IMMUNOGLOBULIN	03/16/98	FV FRAGMENT OF MOUSE MONOCLONAL ANTIBODY D1.3 (BALB/C, IGG1, K) HIGH AFFINITY EXPRESSED VARIANT CONTAINING SER26L->GLY, ILE29L->THR, GLU81L->ASP, THR97L->SER, PRO240H->LEU, ASP258H->ALA, LYS281H->GLU, ASN283H->ASP AND LEU312H->VAL	MUS MUSCULUS	mus musculus	mus musculus		Marks, C., Henrick, K., Winter, G.	2.0	X-RAY DIFFRACTION	unknown	0.178	False	True	IGHV2	IGKV12	Kappa	None	None	None	None	None
3a67	H	L	0	Y	protein	NA	lysozyme c	IMMUNE SYSTEM/HYDROLASE	08/24/09	Crystal Structure of HyHEL-10 Fv mutant LN31D complexed with hen egg white lysozyme	MUS MUSCULUS; GALLUS GALLUS	mus musculus	mus musculus	gallus gallus	Yokota, A., Tsumoto, K., Shiroishi, M., Nakanishi, T., Kondo, H., Kumagai, I.	1.8	X-RAY DIFFRACTION	0.225	0.189	False	True	IGHV3	IGKV5	Kappa	5.62E-09	-11.44	ITC	30	20038580
5fcs	L	L	0	NA	NA	NA	NA	IMMUNE SYSTEM	12/15/15	Diabody	HOMO SAPIENS	homo sapiens			Mosyak, L., Root, A.	2.01	X-RAY DIFFRACTION	0.205	0.176	True	True	unknown	unknown	unknown	None	None	None	None	None
5fcs	H	H	0	NA	NA	NA	NA	IMMUNE SYSTEM	12/15/15	Diabody	HOMO SAPIENS	homo sapiens			Mosyak, L., Root, A.	2.01	X-RAY DIFFRACTION	0.205	0.176	True	True	unknown	unknown	unknown	None	None	None	None	None
1dl7	H	L	0	L	Hapten	NCH	P-NITROPHENYL-PHOSPHOCHOLINE	IMMUNE SYSTEM	12/08/99	THE STRUCTURAL BASIS OF REPERTOIRE SHIFT IN AN IMMUNE RESPONSE TO PHOSPHOCHOLINE	MUS MUSCULUS	mus musculus	mus musculus	mus musculus	Schumacher, M., Brown, M.	2.35	X-RAY DIFFRACTION	0.265	0.189	False	True	IGHV2	IGLV1	Lambda	None	None	None	None	None
5yy4	A	A	0	B	peptide	NA	c-c chemokine receptor type 5	IMMUNE SYSTEM	12/07/17	Crystal structure of the scFv antibody 4B08 with sulfated epitope peptide	MUS MUSCULUS; SYNTHETIC CONSTRUCT	mus musculus		homo sapiens	Caaveiro, J.M.M., Miyanabe, K., Tsumoto, K.	1.59	X-RAY DIFFRACTION	0.194	0.157	True	True	unknown	unknown	unknown	None	None	None	None	None
3ehb	C	D	0	B	protein	NA	cytochrome c oxidase subunit 2	OXIDOREDUCTASE/IMMUNE SYSTEM	09/12/08	A D-Pathway Mutation Decouples the Paracoccus Denitrificans Cytochrome c Oxidase by Altering the side chain orientation of a distant, conserved Glutamate	PARACOCCUS DENITRIFICANS; MUS MUSCULUS	mus musculus	mus musculus	paracoccus denitrificans	Koepke, J., Mueller, H., Peng, G.	2.32	X-RAY DIFFRACTION	0.242	0.205	False	True	IGHV5	IGKV12	Kappa	None	None	None	None	None
4y5y	D	E	0	F	protein	NA	erythropoietin receptor	protein binding/immune system	02/12/15	Diabody 330 complex with EpoR	HOMO SAPIENS	homo sapiens	homo sapiens	homo sapiens	Moraga, I., Guo, F., Ozkan, E., Jude, K.M., Garcia, K.C.	2.85	X-RAY DIFFRACTION	0.241	0.221	False	True	IGHV3	IGLV2	Lambda	None	None	None	None	None
4y5y	A	B	0	C	protein	NA	erythropoietin receptor	protein binding/immune system	02/12/15	Diabody 330 complex with EpoR	HOMO SAPIENS	homo sapiens	homo sapiens	homo sapiens	Moraga, I., Guo, F., Ozkan, E., Jude, K.M., Garcia, K.C.	2.85	X-RAY DIFFRACTION	0.241	0.221	False	True	IGHV3	IGLV2	Lambda	None	None	None	None	None
2dqg	H	L	0	Y	protein	NA	lysozyme c	IMMUNE SYSTEM/HYDROLASE	05/25/06	Crystal structure of hyhel-10 FV mutant (Hy53f) complexed with hen egg lysozyme	MUS MUSCULUS; GALLUS GALLUS	mus musculus	mus musculus	gallus gallus	Shiroishi, M., Kondo, H., Tsumoto, K., Kumagai, I.	2.3	X-RAY DIFFRACTION	0.254	0.203	False	True	IGHV3	IGKV5	Kappa	None	None	None	None	None
5f72	T	T	0	C	protein	NA	kelch-like ech-associated protein 1	DE NOVO PROTEIN	12/07/15	De novo design and crystallographic validation of antibodies targeting a pre-selected epitope	HOMO SAPIENS	homo sapiens		homo sapiens	Liu, X., Taylor, R.D., Griffin, L., Coker, S., Adams, R., Ceska, T., Shi, J., Lawson, A.D.G., Baker, T.	1.85	X-RAY DIFFRACTION	0.265	0.223	True	True	unknown	unknown	unknown	None	None	None	None	None
5f72	S	S	0	K	protein	NA	kelch-like ech-associated protein 1	DE NOVO PROTEIN	12/07/15	De novo design and crystallographic validation of antibodies targeting a pre-selected epitope	HOMO SAPIENS	homo sapiens		homo sapiens	Liu, X., Taylor, R.D., Griffin, L., Coker, S., Adams, R., Ceska, T., Shi, J., Lawson, A.D.G., Baker, T.	1.85	X-RAY DIFFRACTION	0.265	0.223	True	True	unknown	unknown	unknown	None	None	None	None	None
1igm	H	L	0	NA	NA	NA	NA	IMMUNOGLOBULIN	07/10/92	THREE DIMENSIONAL STRUCTURE OF AN FV FROM A HUMAN IGM IMMUNOGLOBULIN	HOMO SAPIENS	homo sapiens	homo sapiens		Fan, Z.-C., Guddat, L.W., Edmundson, A.B.	2.3	X-RAY DIFFRACTION	unknown	unknown	False	True	IGHV3	IGKV1	Kappa	None	None	None	None	None
4ob5	H	L	0	L	Hapten	TMO	TRIMETHYLAMINE OXIDE	IMMUNE SYSTEM	01/06/14	Ontogeny of recognition specificity and functionality for the broadly neutralizing anti-HIV antibody 4E10	HOMO SAPIENS	homo sapiens	homo sapiens	homo sapiens	Jaffe, J.B., Rupert, P.B.	1.7	X-RAY DIFFRACTION	0.207	0.178	False	True	IGHV1	IGKV3	Kappa	None	None	None	None	None
2dqf	B	A	0	C	protein	NA	lysozyme c	IMMUNE SYSTEM/HYDROLASE	05/25/06	Crystal structure of hyhel-10 FV mutant (y33ay53a) complexed with hen egg lysozyme	MUS MUSCULUS; GALLUS GALLUS	mus musculus	mus musculus	gallus gallus	Shiroishi, M., Kondo, H., Tsumoto, K., Kumagai, I.	2.5	X-RAY DIFFRACTION	0.268	0.224	False	True	IGHV3	IGKV5	Kappa	None	None	None	None	None
2dqf	E	D	0	F	protein	NA	lysozyme c	IMMUNE SYSTEM/HYDROLASE	05/25/06	Crystal structure of hyhel-10 FV mutant (y33ay53a) complexed with hen egg lysozyme	MUS MUSCULUS; GALLUS GALLUS	mus musculus	mus musculus	gallus gallus	Shiroishi, M., Kondo, H., Tsumoto, K., Kumagai, I.	2.5	X-RAY DIFFRACTION	0.268	0.224	False	True	IGHV3	IGKV5	Kappa	None	None	None	None	None
1wt5	A	C	0	NA	NA	NA	NA	IMMUNE SYSTEM	11/16/04	The Crystal Structure Of A Humanized Antibody Fv 528	HOMO SAPIENS	homo sapiens	homo sapiens		Makabe, K., Tsumoto, K., Asano, R., Kondo, H., Kumagai, I.	2.1	X-RAY DIFFRACTION	0.301	0.273	False	True	IGHV1	IGKV2	Kappa	None	None	None	None	None
1wt5	B	D	0	NA	NA	NA	NA	IMMUNE SYSTEM	11/16/04	The Crystal Structure Of A Humanized Antibody Fv 528	HOMO SAPIENS	homo sapiens	homo sapiens		Makabe, K., Tsumoto, K., Asano, R., Kondo, H., Kumagai, I.	2.1	X-RAY DIFFRACTION	0.301	0.273	False	True	IGHV1	IGKV2	Kappa	None	None	None	None	None
2d7t	H	L	0	NA	NA	NA	NA	IMMUNE SYSTEM	11/29/05	Crystal structure of human anti polyhydroxybutyrate antibody Fv	HOMO SAPIENS	homo sapiens	homo sapiens		Watanabe, H.	1.7	X-RAY DIFFRACTION	0.214	0.190	False	True	IGHV1	IGKV1	Kappa	None	None	None	None	None
1dsf	H	L	0	NA	NA	NA	NA	IMMUNOGLOBULIN	05/04/97	THE CRYSTAL STRUCTURE OF THE DISULFIDE-STABILIZED FV FRAGMENT OF ANTICANCER ANTIBODY B1: CONFORMATIONAL INFLUENCE OF AN ENGINEERED DISULFIDE BOND	MUS MUSCULUS	mus musculus	mus musculus		Almog, O., Gilliland, G.L.	2.0	X-RAY DIFFRACTION	unknown	0.182	False	True	IGHV5	IGKV1	Kappa	None	None	None	None	None
1nmb	H	L	0	N	protein	NA	n9 neuraminidase	COMPLEX (HYDROLASE/IMMUNOGLOBULIN)	01/17/95	THE STRUCTURE OF A COMPLEX BETWEEN THE NC10 ANTIBODY AND INFLUENZA VIRUS NEURAMINIDASE AND COMPARISON WITH THE OVERLAPPING BINDING SITE OF THE NC41 ANTIBODY	INFLUENZA A VIRUS; MUS MUSCULUS	mus musculus	mus musculus	influenza a virus	Malby, R.L., Tulip, W.R., Colman, P.M.	2.2	X-RAY DIFFRACTION	unknown	0.210	False	False	IGHV1	IGKV10	Kappa	None	None	None	None	None
1kiq	B	A	0	C	protein	NA	lysozyme	COMPLEX (IMMUNOGLOBULIN/HYDROLASE)	10/23/96	FV MUTANT Y(B 101)F (VH DOMAIN) OF MOUSE MONOCLONAL ANTIBODY D1.3 COMPLEXED WITH HEN EGG WHITE LYSOZYME	MUS MUSCULUS; GALLUS GALLUS	mus musculus	mus musculus	gallus gallus	Fields, B.A., Poljak, R.J., Mariuzza, R.A.	1.85	X-RAY DIFFRACTION	unknown	0.181	False	True	IGHV2	IGKV12	Kappa	None	None	None	None	None
4uu9	H	L	0	D	protein	NA	complement c5	IMMUNE SYSTEM	07/25/14	Crystal structure of the human c5a in complex with MEDI7814 a  neutralising antibody	HOMO SAPIENS	homo sapiens	homo sapiens	homo sapiens	Colley, C., Sridharan, S., Dobson, C., Popovic, B., Debreczeni, J.E., Hargreaves, D., Edwards, B., Brennan, J., England, L., Fung, S., An Eghobamien, L., Sivars, U., Woods, R., Flavell, L., Renshaw, G.J., Wickson, K., Wilkinson, T., Davies, R., Bonnell, J., Warrener, P., Howes, R., Vaughan, T.	2.12	X-RAY DIFFRACTION	0.20163	0.17456	False	True	IGHV3	IGLV2	Lambda	None	None	None	None	None
4uu9	A	B	0	C	protein	NA	complement c5	IMMUNE SYSTEM	07/25/14	Crystal structure of the human c5a in complex with MEDI7814 a  neutralising antibody	HOMO SAPIENS	homo sapiens	homo sapiens	homo sapiens	Colley, C., Sridharan, S., Dobson, C., Popovic, B., Debreczeni, J.E., Hargreaves, D., Edwards, B., Brennan, J., England, L., Fung, S., An Eghobamien, L., Sivars, U., Woods, R., Flavell, L., Renshaw, G.J., Wickson, K., Wilkinson, T., Davies, R., Bonnell, J., Warrener, P., Howes, R., Vaughan, T.	2.12	X-RAY DIFFRACTION	0.20163	0.17456	False	True	IGHV3	IGLV2	Lambda	None	None	None	None	None
4nik	B	B	0	A	protein	NA	26s proteasome non-atpase regulatory subunit 10	Oncoprotein/Immune System	11/06/13	Structure of human Gankyrin in complex to the single chain antibody F5	HOMO SAPIENS; SYNTHETIC CONSTRUCT			homo sapiens	Sato, Y., Weiss, E., Rochel, N.	2.5	X-RAY DIFFRACTION	0.208	0.164	True	True	unknown	unknown	unknown	None	None	None	None	None
6vup	A	A	0	NA	NA	NA	NA	PROTEIN BINDING	02/16/20	Reverse Transcriptase Diabody with R83T/E85C Mutations	HOMO SAPIENS	homo sapiens			Chesterman, C., Arnold, E.	1.4	X-RAY DIFFRACTION	0.171	0.131	True	True	unknown	unknown	unknown	None	None	None	None	None
1kip	B	A	0	C	protein	NA	lysozyme	COMPLEX (IMMUNOGLOBULIN/HYDROLASE)	10/23/96	FV MUTANT Y(B 32)A (VH DOMAIN) OF MOUSE MONOCLONAL ANTIBODY D1.3 COMPLEXED WITH HEN EGG WHITE LYSOZYME	MUS MUSCULUS; GALLUS GALLUS	mus musculus	mus musculus	gallus gallus	Fields, B.A., Poljak, R.J., Mariuzza, R.A.	2.1	X-RAY DIFFRACTION	unknown	0.162	False	True	IGHV2	IGKV12	Kappa	None	None	None	None	None
6ks0	H	L	0	A	protein	NA	adiponectin receptor protein 1	MEMBRANE PROTEIN/IMMUNE SYSTEM	08/22/19	Crystal structure of the human adiponectin receptor 1	HOMO SAPIENS; MUS MUSCULUS	mus musculus	mus musculus	homo sapiens	Tanabe, H., Fujii, Y., Nakamura, Y., Hosaka, T., Okada-Iwabu, M., Iwabu, M., Kimura-Someya, T., Shirouzu, M., Yamauchi, T., Kadowaki, T., Yokoyama, S.	2.79	X-RAY DIFFRACTION	0.277	0.221	False	True	IGHV1	IGKV12	Kappa	None	None	None	None	None
1dlf	H	L	0	NA	NA	NA	NA	IMMUNOGLOBULIN	07/14/98	HIGH RESOLUTION CRYSTAL STRUCTURE OF THE FV FRAGMENT FROM AN ANTI-DANSYL SWITCH VARIANT ANTIBODY IGG2A(S) CRYSTALLIZED AT PH 5.25	MUS MUSCULUS	mus musculus	mus musculus		Nakasako, M., Takahashi, H., Shimada, I., Arata, Y.	1.45	X-RAY DIFFRACTION	0.230	0.183	False	False	IGHV6	IGKV1	Kappa	None	None	None	None	None
1g7j	B	A	0	C	protein	NA	lysozyme c	HYDROLASE INHIBITOR/HYDROLASE	11/10/00	CRYSTAL STRUCTURE OF HEN EGG WHITE LYSOZYME (HEL) COMPLEXED WITH THE MUTANT ANTI-HEL MONOCLONAL ANTIBODY D1.3 (VLW92H)	MUS MUSCULUS; GALLUS GALLUS	mus musculus	mus musculus	gallus gallus	Sundberg, E.J., Urrutia, M., Braden, B.C., Isern, J., Mariuzza, R.A.	1.75	X-RAY DIFFRACTION	0.229	0.197	False	True	IGHV2	IGKV12	Kappa	None	None	None	None	None
6j14	A	B	0	G	protein	NA	programmed cell death protein 1	IMMUNE SYSTEM	12/27/18	Complex structure of GY-14 and PD-1	MUS MUSCULUS; HOMO SAPIENS	mus musculus	mus musculus	homo sapiens	Chen, D., Tan, S., Whang, H., Zhang, H., Chai, Y., Qi, J., Yan, J., Gao, G.F.	1.4	X-RAY DIFFRACTION	0.215	0.188	False	True	IGHV1	IGKV1	Kappa	None	None	None	None	None
5gru	L	L	0	A	protein	NA	maltose-binding periplasmic protein	IMMUNE SYSTEM	08/12/16	Structure of mono-specific diabody	ESCHERICHIA COLI; MUS MUSCULUS; HOMO SAPIENS	mus musculus		escherichia coli	Kim, J.H., Song, D.H., Youn, S.J., Cho, G., Lee, H., Lee, J.O.	1.955	X-RAY DIFFRACTION	0.237	0.197	True	True	unknown	unknown	unknown	None	None	None	None	None
5gru	H	H	0	A	protein	NA	maltose-binding periplasmic protein	IMMUNE SYSTEM	08/12/16	Structure of mono-specific diabody	ESCHERICHIA COLI; MUS MUSCULUS; HOMO SAPIENS	homo sapiens		escherichia coli	Kim, J.H., Song, D.H., Youn, S.J., Cho, G., Lee, H., Lee, J.O.	1.955	X-RAY DIFFRACTION	0.237	0.197	True	True	unknown	unknown	unknown	None	None	None	None	None
3a6b	H	L	0	Y	protein	NA	lysozyme c	IMMUNE SYSTEM/HYDROLASE	08/28/09	Crystal Structure of HyHEL-10 Fv mutant LN32D complexed with hen egg white lysozyme	MUS MUSCULUS; GALLUS GALLUS	mus musculus	mus musculus	gallus gallus	Yokota, A., Tsumoto, K., Shiroishi, M., Nakanishi, T., Kondo, H., Kumagai, I.	1.8	X-RAY DIFFRACTION	0.222	0.194	False	True	IGHV3	IGKV5	Kappa	1.08E-07	-9.63	ITC	30	20038580
7rk1	D	D	0	B	protein	NA	capsid polyprotein vp70	VIRAL PROTEIN	07/21/21	Crystal structure of the human astrovirus serotype 8 capsid spike in complex with scFv 3E8, an astrovirus-neutralizing antibody, at 2.05-A resolution	HUMAN ASTROVIRUS-8; MUS MUSCULUS	mus musculus		human astrovirus-8	Meyer, L., DuBois, R.M.	2.05	X-RAY DIFFRACTION	0.238	0.223	True	True	unknown	unknown	unknown	None	None	None	None	None
7rk1	C	C	0	A	protein	NA	capsid polyprotein vp70	VIRAL PROTEIN	07/21/21	Crystal structure of the human astrovirus serotype 8 capsid spike in complex with scFv 3E8, an astrovirus-neutralizing antibody, at 2.05-A resolution	HUMAN ASTROVIRUS-8; MUS MUSCULUS	mus musculus		human astrovirus-8	Meyer, L., DuBois, R.M.	2.05	X-RAY DIFFRACTION	0.238	0.223	True	True	unknown	unknown	unknown	None	None	None	None	None
3uzq	A	A	0	B	protein	NA	envelope protein	IMMUNE SYSTEM	12/07/11	Crystal structure of the dengue virus serotype 1 envelope protein domain III in complex with the variable domains of Mab 4E11	MUS MUSCULUS; DENGUE VIRUS 1	mus musculus		dengue virus 1	Cockburn, J.J.B., Navarro Sanchez, M.E., Fretes, N., Urvoas, A., Staropoli, I., Kikuti, C.M., Coffey, L.L., Arenzana Seisdedos, F., Bedouelle, H., Rey, F.A.	1.6	X-RAY DIFFRACTION	0.188	0.176	True	True	unknown	unknown	unknown	None	None	None	None	None
5a2k	H	H	0	P	peptide	NA	antigen tn, thr is covalently bound to galnac	IMMUNE SYSTEM	05/20/15	Crystal structure of scFv-SM3 in complex with APD-TGalNAc-RP	MUS MUSCULUS; SYNTHETIC CONSTRUCT	mus musculus		homo sapiens	Martinez-Saez, N., Castro-Lopez, J., Valero-Gonzalez, J., Madariaga, D., Companon, I., Somovilla, V.J., Salvado, M., Asensio, J.L., Jimenez-Barbero, J., Avenoza, A., Busto, J.H., Bernardes, G.J.L., Peregrina, J.M., Hurtado-Guerrero, R., Corzana, F.	1.7	X-RAY DIFFRACTION	0.21619	0.17583	True	True	unknown	unknown	unknown	None	None	None	None	None
4z0x	B	A	0	C	peptide	NA	hcv e2 antigen (residues 432-446)	IMMUNE SYSTEM	03/26/15	Structure of Hepatitis C Virus Envelope glycoprotein E2 antigenic region 434-446 bound to the broadly neutralizing antibody HC26AM	HOMO SAPIENS; SYNTHETIC CONSTRUCT	homo sapiens	homo sapiens	hepatitis c virus	Rangarajan, S., Mariuzza, R.A.	2.0	X-RAY DIFFRACTION	0.270	0.226	False	True	IGHV1	IGLV3	Lambda	None	None	None	None	None
2ghw	B	B	0	A	protein	NA	spike glycoprotein	VIRUS/VIRAL PROTEIN/ANTIBIOTIC	03/27/06	Crystal structure of SARS spike protein receptor binding domain in complex with a neutralizing antibody, 80R	SARS CORONAVIRUS; HOMO SAPIENS	homo sapiens		sars coronavirus	Hwang, W.C., Lin, Y., Santelli, E., Sui, J., Jaroszewski, L., Stec, B., Farzan, M., Marasco, W.A., Liddington, R.C.	2.3	X-RAY DIFFRACTION	0.295	0.248	True	True	unknown	unknown	unknown	None	None	None	None	None
2ghw	D	D	0	C	protein	NA	spike glycoprotein	VIRUS/VIRAL PROTEIN/ANTIBIOTIC	03/27/06	Crystal structure of SARS spike protein receptor binding domain in complex with a neutralizing antibody, 80R	SARS CORONAVIRUS; HOMO SAPIENS	homo sapiens		sars coronavirus	Hwang, W.C., Lin, Y., Santelli, E., Sui, J., Jaroszewski, L., Stec, B., Farzan, M., Marasco, W.A., Liddington, R.C.	2.3	X-RAY DIFFRACTION	0.295	0.248	True	True	unknown	unknown	unknown	None	None	None	None	None
5wn9	H	H	0	A	peptide	NA	major surface glycoprotein g	VIRAL PROTEIN/IMMUNE SYSTEM	07/31/17	Structure of antibody 2D10 bound to the central conserved region of RSV G	HOMO SAPIENS; SYNTHETIC CONSTRUCT	homo sapiens		human respiratory syncytial virus a (straina2) 	Fedechkin, S.O., George, N.L., Wolff, J.T., Kauvar, L.M., DuBois, R.M.	1.551	X-RAY DIFFRACTION	0.185	0.169	True	True	unknown	unknown	unknown	None	None	None	None	None
6tcs	A	A	0	NA	NA	NA	NA	IMMUNE SYSTEM	11/06/19	Crystal structure of the omalizumab scFv	HOMO SAPIENS	homo sapiens			Mitropoulou, A.N., Ceska, T., Beavil, A.J., Henry, A.J., McDonnell, J.M., Sutton, B.J., Davies, A.M.	2.3	X-RAY DIFFRACTION	0.206	0.178	True	True	unknown	unknown	unknown	None	None	None	None	None
2dqe	H	L	0	Y	protein	NA	lysozyme c	IMMUNE SYSTEM/HYDROLASE	05/25/06	Crystal structure of hyhel-10 FV mutant (Hy53a) complexed with hen egg lysozyme	MUS MUSCULUS; GALLUS GALLUS	mus musculus	mus musculus	gallus gallus	Shiroishi, M., Kondo, H., Tsumoto, K., Kumagai, I.	1.9	X-RAY DIFFRACTION	0.224	0.194	False	True	IGHV3	IGKV5	Kappa	None	None	None	None	None
1x9q	A	A	0	NA	NA	NA	NA	IMMUNE SYSTEM	08/24/04	4m5.3 anti-fluorescein single chain antibody fragment (scFv)	HOMO SAPIENS		homo sapiens		Midelfort, K.S., Hernandez, H.H., Lippow, S.M., Tidor, B., Drennan, C.L., Wittrop, K.D.	1.5	X-RAY DIFFRACTION	0.193	0.165	True	True	unknown	unknown	unknown	None	None	None	None	None
1ar1	C	D	0	B	protein	NA	cytochrome c oxidase	COMPLEX (OXIDOREDUCTASE/ANTIBODY)	08/08/97	STRUCTURE AT 2.7 ANGSTROM RESOLUTION OF THE PARACOCCUS DENITRIFICANS TWO-SUBUNIT CYTOCHROME C OXIDASE COMPLEXED WITH AN ANTIBODY FV FRAGMENT	PARACOCCUS DENITRIFICANS; MUS MUSCULUS	mus musculus	mus musculus	paracoccus denitrificans	Ostermeier, C., Harrenga, A., Ermler, U., Michel, H.	2.7	X-RAY DIFFRACTION	0.261	0.207	False	True	IGHV5	IGKV12	Kappa	None	None	None	None	None
1j1o	H	L	0	Y	protein	NA	lysozyme c	IMMUNE SYSTEM/HYDROLASE	12/13/02	Crystal Structure of HyHEL-10 Fv mutant LY50F complexed with hen egg white lysozyme	MUS MUSCULUS; GALLUS GALLUS	mus musculus	mus musculus	gallus gallus	Yokota, A., Tsumoto, K., Shiroishi, M., Kondo, H., Kumagai, I.	1.8	X-RAY DIFFRACTION	0.215	0.190	False	True	IGHV3	IGKV5	Kappa	None	None	None	None	None
6k65	H	L	0	A	protein	NA	immunoglobulin g-binding protein a	STRUCTURAL PROTEIN	06/01/19	Application of anti-helix antibodies in protein structure determination (9014-1P4B)	STAPHYLOCOCCUS AUREUS (STRAIN NCTC 8325); MUS MUSCULUS	mus musculus	mus musculus	staphylococcus aureus (strain nctc 8325)	Lee, J.O., Jin, M.S., Kim, J.W., Kim, S., Lee, H., Cho, G.Y.	1.65	X-RAY DIFFRACTION	0.192	0.170	False	True	IGHV2	IGLV1	Lambda	None	None	None	None	None
7kbo	A	A	0	NA	NA	NA	NA	PROTEIN BINDING	10/02/20	Reverse Transcriptase Diabody with S82bC, R83T Mutations Crystallized in C2	HOMO SAPIENS	homo sapiens			Chesterman, C., Arnold, E.	2.2	X-RAY DIFFRACTION	0.225	0.178	True	True	unknown	unknown	unknown	None	None	None	None	None
6lfw	A	A	0	a	Hapten	OMF	1,2,3-tris(chloranyl)-5-(3-chloranyl-4-methoxy-phenyl)benzene	IMMUNE SYSTEM	12/03/19	Crystal structure of PCB4scFv(hN56D) in complex with PCB#126	MUS MUSCULUS	mus musculus			Nakamura, T., Yamagata, Y., Morioka, H.	1.41	X-RAY DIFFRACTION	0.156	0.126	True	True	unknown	unknown	unknown	None	None	None	None	None
1ocw	H	L	0	NA	NA	NA	NA	IMMUNE SYSTEM	02/11/03	Free conformation Ab2 of the IgE SPE-7	MUS MUSCULUS	rattus rattus	rattus rattus		James, L.C., Roversi, P., Tawfik, D.	2.0	X-RAY DIFFRACTION	unknown	unknown	False	True	IGHV1	IGLV1	Lambda	None	None	None	None	None
6ivz	H	L	0	A	protein	NA	envelope protein	VIRAL PROTEIN/IMMUNE SYSTEM	12/04/18	Crystal structure of 5A ScFv complexed with YFV-China sE in postfusion state	YELLOW FEVER VIRUS; HOMO SAPIENS	homo sapiens	homo sapiens	yellow fever virus	Lu, X.S., Xiao, H.X., Li, S.H., Pang, X.F.	2.4	X-RAY DIFFRACTION	0.256	0.210	False	True	IGHV4	IGKV1	Kappa	None	None	None	None	None
6j5d	H	L	0	A	protein	NA	envelope	VIRAL PROTEIN/IMMUNE SYSTEM	01/10/19	Complex structure of MAb 4.2-scFv with louping ill virus envelope protein Domain III	LOUPING ILL VIRUS; MUS MUSCULUS	mus musculus	mus musculus	louping ill virus	Yang, X., Qi, J., Peng, R., Dai, L., Gould, E.A., Tien, P., Gao, G.F.	1.8	X-RAY DIFFRACTION	0.189	0.170	False	True	IGHV1	IGKV12	Kappa	None	None	None	None	None
1vfa	B	A	0	NA	NA	NA	NA	IMMUNOGLOBULIN	12/03/93	BOUND WATER MOLECULES AND CONFORMATIONAL STABILIZATION HELP MEDIATE AN ANTIGEN-ANTIBODY ASSOCIATION	MUS MUSCULUS	mus musculus	mus musculus		Bhat, T.N., Poljak, R.J.	1.8	X-RAY DIFFRACTION	unknown	0.158	False	True	IGHV2	IGKV12	Kappa	None	None	None	None	None
2dqc	H	L	0	Y	protein	NA	lysozyme c	IMMUNE SYSTEM/HYDROLASE	05/25/06	Crystal structure of hyhel-10 FV mutant(Hy33f) complexed with hen egg lysozyme	MUS MUSCULUS; GALLUS GALLUS	mus musculus	mus musculus	gallus gallus	Shiroishi, M., Kondo, H., Tsumoto, K., Kumagai, I.	1.8	X-RAY DIFFRACTION	0.223	0.190	False	True	IGHV3	IGKV5	Kappa	None	None	None	None	None
1uac	H	L	0	Y	protein	NA	lysozyme c	IMMUNE SYSTEM/HYDROLASE	03/08/03	Crystal Structure of HYHEL-10 FV MUTANT SFSF Complexed with TURKEY WHITE LYSOZYME	MUS MUSCULUS; MELEAGRIS GALLOPAVO	mus musculus	mus musculus	meleagris gallopavo	Kumagai, I., Nishimiya, Y., Kondo, H., Tsumoto, K.	1.7	X-RAY DIFFRACTION	unknown	unknown	False	True	IGHV3	IGKV5	Kappa	None	None	None	None	None
4h0i	A	A	0	a	carbohydrate	MMA	O1-METHYL-MANNOSE	IMMUNE SYSTEM	09/08/12	Crystal Structure of Scfv-2D10 in Complex with Methyl Alpha-D-Mannopyranoside	MUS MUSCULUS	mus musculus			Tapryal, S., Gaur, V., Kaur, K.J., Salunke, D.M.	2.4	X-RAY DIFFRACTION	0.240	0.229	True	True	unknown	unknown	unknown	None	None	None	None	None
1a14	H	L	0	N	protein	NA	neuraminidase	COMPLEX (ANTIBODY/ANTIGEN)	12/21/97	COMPLEX BETWEEN NC10 ANTI-INFLUENZA VIRUS NEURAMINIDASE SINGLE CHAIN ANTIBODY WITH A 5 RESIDUE LINKER AND INFLUENZA VIRUS NEURAMINIDASE	MUS MUSCULUS; INFLUENZA A VIRUS	mus musculus	mus musculus	influenza a virus	Malby, R.L., Mccoy, A.J., Kortt, A.A., Hudson, P.J., Colman, P.M.	2.5	X-RAY DIFFRACTION	0.270	0.200	False	True	IGHV1	IGKV10	Kappa	None	None	None	None	None
6ehx	B	B	0	NA	NA	NA	NA	IMMUNE SYSTEM	09/15/17	scFv AbVance: increasing our knowledge of antibody structural space to enable faster and better decision making in drug discovery	HOMO SAPIENS	homo sapiens			Hargreaves, D.	2.2	X-RAY DIFFRACTION	0.241	0.207	True	True	unknown	unknown	unknown	None	None	None	None	None
3hb3	C	D	0	B	protein	NA	cytochrome c oxidase subunit 2	OXIDOREDUCTASE	05/04/09	High resolution crystal structure of Paracoccus denitrificans cytochrome c oxidase	PARACOCCUS DENITRIFICANS; MUS MUSCULUS	mus musculus	mus musculus	paracoccus denitrificans	Koepke, J., Angerer, H., Peng, G.	2.25	X-RAY DIFFRACTION	0.280	0.218	False	True	IGHV5	IGKV12	Kappa	None	None	None	None	None
5vf6	A	A	0	NA	NA	NA	NA	IMMUNE SYSTEM	04/06/17	Crystal structure of single chain variable fragment (scFv45).	GALLUS GALLUS	gallus gallus			Shrestha, O.K., Tocilj, A., Joshua-Tor, L., Tonks, N.K.	1.635	X-RAY DIFFRACTION	0.196	0.172	True	True	unknown	unknown	unknown	None	None	None	None	None
5n7b	H	H	0	I	peptide	NA	apd(cg6)rp(nh2) peptide	IMMUNE SYSTEM	02/20/17	Understanding the singular conformational landscape of the Tn antigens: Sulfur-for- oxygen substitution in the glycosidic linkage provides new insights into molecular recognition by an antibody	MUS MUSCULUS; SYNTHETIC CONSTRUCT	mus musculus		synthetic construct	Companon, I., Martinez-Saez, N., Castro-Lopez, J., Jimenez-Barbero, J., Bernardes, G.J.L., Busto, J.H., Avenoza, A., Jimenez-Oses, G., Hurtado-Guerrero, R., Peregrina, J.M., Corzana, F.	1.7	X-RAY DIFFRACTION	0.211	0.176	True	True	unknown	unknown	unknown	None	None	None	None	None
5grv	L	K	0	NA	NA	NA	NA	IMMUNE SYSTEM	08/12/16	Crystal structure of homo-specific diabody	HOMO SAPIENS	homo sapiens	homo sapiens		Kim, J.H., Song, D.H., Youn, S.J., Kim, J.W., Cho, G., Lee, H., Lee, J.O.	2.3	X-RAY DIFFRACTION	0.221	0.184	False	True	IGHV3	IGKV3	Kappa	None	None	None	None	None
5c2b	H	L	0	NA	NA	NA	NA	IMMUNE SYSTEM	06/15/15	anti-CXCL13 parental scFv - 3B4	HOMO SAPIENS	homo sapiens	homo sapiens		Tu, C., Bard, J., Mosyak, L.	1.4049	X-RAY DIFFRACTION	0.194	0.179	True	True	IGHV1	IGLV2	Lambda	None	None	None	None	None
6ejm	I	I	0	A	protein	NA	cd81 antigen	CELL ADHESION	09/22/17	CRYSTAL STRUCTURE OF HUMAN CD81 LARGE EXTRACELLULAR LOOP IN COMPLEX WITH SINGLE CHAIN FV FRAGMENT 5	HOMO SAPIENS; MUS MUSCULUS	mus musculus		homo sapiens	Kuglstatter, A., Harris, S.F., Villasenor, A.	2.15	X-RAY DIFFRACTION	0.278	0.215	True	True	unknown	unknown	unknown	None	None	None	None	None
6ejm	H	H	0	B	protein	NA	cd81 antigen	CELL ADHESION	09/22/17	CRYSTAL STRUCTURE OF HUMAN CD81 LARGE EXTRACELLULAR LOOP IN COMPLEX WITH SINGLE CHAIN FV FRAGMENT 5	HOMO SAPIENS; MUS MUSCULUS	mus musculus		homo sapiens	Kuglstatter, A., Harris, S.F., Villasenor, A.	2.15	X-RAY DIFFRACTION	0.278	0.215	True	True	unknown	unknown	unknown	None	None	None	None	None
